"State Code","County Code","Site Num","Parameter Code","POC","Latitude","Longitude","Datum","Parameter Name","Sample Duration","Pollutant Standard","Date Local","Units of Measure","Event Type","Observation Count","Observation Percent","Arithmetic Mean","1st Max Value","1st Max Hour","AQI","Method Code","Method Name","Local Site Name","Address","State Name","County Name","City Name","CBSA Name","Date of Last Change"
"01","073","0023","42602",1,33.553056,-86.815,"WGS84","Nitrogen dioxide (NO2)","1 HOUR","NO2 1-hour 2010","2019-01-01","Parts per billion","None",21,88.0,4.314286,9.9,21,8,"200","Teledyne-API Model 200EUP or T200UP - Photolytic-Chemiluminescence","North Birmingham","NO. B'HAM,SOU R.R., 3009 28TH ST. NO.","Alabama","Jefferson","Birmingham","Birmingham-Hoover, AL","2024-05-22"
"01","073","0023","42602",1,33.553056,-86.815,"WGS84","Nitrogen dioxide (NO2)","1 HOUR","NO2 1-hour 2010","2019-01-08","Parts per billion","None",11,46.0,6.263636,17.6,18,16,"200","Teledyne-API Model 200EUP or T200UP - Photolytic-Chemiluminescence","North Birmingham","NO. B'HAM,SOU R.R., 3009 28TH ST. NO.","Alabama","Jefferson","Birmingham","Birmingham-Hoover, AL","2024-05-22"
"01","073","0023","42602",1,33.553056,-86.815,"WGS84","Nitrogen dioxide (NO2)","1 HOUR","NO2 1-hour 2010","2019-01-09","Parts per billion","None",21,88.0,4.957143,13.9,18,12,"200","Teledyne-API Model 200EUP or T200UP - Photolytic-Chemiluminescence","North Birmingham","NO. B'HAM,SOU R.R., 3009 28TH ST. NO.","Alabama","Jefferson","Birmingham","Birmingham-Hoover, AL","2024-05-22"
"01","073","0023","42602",1,33.553056,-86.815,"WGS84","Nitrogen dioxide (NO2)","1 HOUR","NO2 1-hour 2010","2019-01-10","Parts per billion","None",24,100.0,5.891667,18.8,20,17,"200","Teledyne-API Model 200EUP or T200UP - Photolytic-Chemiluminescence","North Birmingham","NO. B'HAM,SOU R.R., 3009 28TH ST. NO.","Alabama","Jefferson","Birmingham","Birmingham-Hoover, AL","2024-05-22"
"01","073","0023","42602",1,33.553056,-86.815,"WGS84","Nitrogen dioxide (NO2)","1 HOUR","NO2 1-hour 2010","2019-01-11","Parts per billion","None",24,100.0,14.5,32.2,19,30,"200","Teledyne-API Model 200EUP or T200UP - Photolytic-Chemiluminescence","North Birmingham","NO. B'HAM,SOU R.R., 3009 28TH ST. NO.","Alabama","Jefferson","Birmingham","Birmingham-Hoover, AL","2024-05-22"
"01","073","0023","42602",1,33.553056,-86.815,"WGS84","Nitrogen dioxide (NO2)","1 HOUR","NO2 1-hour 2010","2019-01-12","Parts per billion","None",24,100.0,7.254167,24.3,0,23,"200","Teledyne-API Model 200EUP or T200UP - Photolytic-Chemiluminescence","North Birmingham","NO. B'HAM,SOU R.R., 3009 28TH ST. NO.","Alabama","Jefferson","Birmingham","Birmingham-Hoover, AL","2024-05-22"
"01","073","0023","42602",1,33.553056,-86.815,"WGS84","Nitrogen dioxide (NO2)","1 HOUR","NO2 1-hour 2010","2019-01-13","Parts per billion","None",24,100.0,5.2625,13.9,1,12,"200","Teledyne-API Model 200EUP or T200UP - Photolytic-Chemiluminescence","North Birmingham","NO. B'HAM,SOU R.R., 3009 28TH ST. NO.","Alabama","Jefferson","Birmingham","Birmingham-Hoover, AL","2024-05-22"
"01","073","0023","42602",1,33.553056,-86.815,"WGS84","Nitrogen dioxide (NO2)","1 HOUR","NO2 1-hour 2010","2019-01-14","Parts per billion","None",22,92.0,3.795455,6.6,23,6,"200","Teledyne-API Model 200EUP or T200UP - Photolytic-Chemiluminescence","North Birmingham","NO. B'HAM,SOU R.R., 3009 28TH ST. NO.","Alabama","Jefferson","Birmingham","Birmingham-Hoover, AL","2024-05-22"
"01","073","0023","42602",1,33.553056,-86.815,"WGS84","Nitrogen dioxide (NO2)","1 HOUR","NO2 1-hour 2010","2019-01-15","Parts per billion","None",21,88.0,6.052381,19.6,21,18,"200","Teledyne-API Model 200EUP or T200UP - Photolytic-Chemiluminescence","North Birmingham","NO. B'HAM,SOU R.R., 3009 28TH ST. NO.","Alabama","Jefferson","Birmingham","Birmingham-Hoover, AL","2024-05-22"
"01","073","0023","42602",1,33.553056,-86.815,"WGS84","Nitrogen dioxide (NO2)","1 HOUR","NO2 1-hour 2010","2019-01-16","Parts per billion","None",18,75.0,17.083333,26.8,18,25,"200","Teledyne-API Model 200EUP or T200UP - Photolytic-Chemiluminescence","North Birmingham","NO. B'HAM,SOU R.R., 3009 28TH ST. NO.","Alabama","Jefferson","Birmingham","Birmingham-Hoover, AL","2024-05-22"
"01","073","0023","42602",1,33.553056,-86.815,"WGS84","Nitrogen dioxide (NO2)","1 HOUR","NO2 1-hour 2010","2019-01-17","Parts per billion","None",24,100.0,14.854167,28.6,7,26,"200","Teledyne-API Model 200EUP or T200UP - Photolytic-Chemiluminescence","North Birmingham","NO. B'HAM,SOU R.R., 3009 28TH ST. NO.","Alabama","Jefferson","Birmingham","Birmingham-Hoover, AL","2024-05-22"
"01","073","0023","42602",1,33.553056,-86.815,"WGS84","Nitrogen dioxide (NO2)","1 HOUR","NO2 1-hour 2010","2019-01-18","Parts per billion","None",24,100.0,13.341667,23.2,17,22,"200","Teledyne-API Model 200EUP or T200UP - Photolytic-Chemiluminescence","North Birmingham","NO. B'HAM,SOU R.R., 3009 28TH ST. NO.","Alabama","Jefferson","Birmingham","Birmingham-Hoover, AL","2024-05-22"
"01","073","0023","42602",1,33.553056,-86.815,"WGS84","Nitrogen dioxide (NO2)","1 HOUR","NO2 1-hour 2010","2019-01-19","Parts per billion","None",24,100.0,4.55,9.3,0,8,"200","Teledyne-API Model 200EUP or T200UP - Photolytic-Chemiluminescence","North Birmingham","NO. B'HAM,SOU R.R., 3009 28TH ST. NO.","Alabama","Jefferson","Birmingham","Birmingham-Hoover, AL","2024-05-22"
"01","073","0023","42602",1,33.553056,-86.815,"WGS84","Nitrogen dioxide (NO2)","1 HOUR","NO2 1-hour 2010","2019-01-20","Parts per billion","None",24,100.0,2.266667,6.2,18,6,"200","Teledyne-API Model 200EUP or T200UP - Photolytic-Chemiluminescence","North Birmingham","NO. B'HAM,SOU R.R., 3009 28TH ST. NO.","Alabama","Jefferson","Birmingham","Birmingham-Hoover, AL","2024-05-22"
"01","073","0023","42602",1,33.553056,-86.815,"WGS84","Nitrogen dioxide (NO2)","1 HOUR","NO2 1-hour 2010","2019-01-21","Parts per billion","None",24,100.0,7.525,21.3,18,20,"200","Teledyne-API Model 200EUP or T200UP - Photolytic-Chemiluminescence","North Birmingham","NO. B'HAM,SOU R.R., 3009 28TH ST. NO.","Alabama","Jefferson","Birmingham","Birmingham-Hoover, AL","2024-05-22"
"01","073","0023","42602",1,33.553056,-86.815,"WGS84","Nitrogen dioxide (NO2)","1 HOUR","NO2 1-hour 2010","2019-01-22","Parts per billion","None",15,63.0,4.86,7.8,7,7,"200","Teledyne-API Model 200EUP or T200UP - Photolytic-Chemiluminescence","North Birmingham","NO. B'HAM,SOU R.R., 3009 28TH ST. NO.","Alabama","Jefferson","Birmingham","Birmingham-Hoover, AL","2024-05-22"
"01","073","0023","42602",1,33.553056,-86.815,"WGS84","Nitrogen dioxide (NO2)","1 HOUR","NO2 1-hour 2010","2019-01-23","Parts per billion","None",21,88.0,8.442857,31,21,29,"200","Teledyne-API Model 200EUP or T200UP - Photolytic-Chemiluminescence","North Birmingham","NO. B'HAM,SOU R.R., 3009 28TH ST. NO.","Alabama","Jefferson","Birmingham","Birmingham-Hoover, AL","2024-05-22"
"01","073","0023","42602",1,33.553056,-86.815,"WGS84","Nitrogen dioxide (NO2)","1 HOUR","NO2 1-hour 2010","2019-01-24","Parts per billion","None",17,71.0,10.282353,26.7,19,25,"200","Teledyne-API Model 200EUP or T200UP - Photolytic-Chemiluminescence","North Birmingham","NO. B'HAM,SOU R.R., 3009 28TH ST. NO.","Alabama","Jefferson","Birmingham","Birmingham-Hoover, AL","2024-05-22"
"01","073","0023","42602",1,33.553056,-86.815,"WGS84","Nitrogen dioxide (NO2)","1 HOUR","NO2 1-hour 2010","2019-01-25","Parts per billion","None",19,79.0,19.8,34.2,18,32,"200","Teledyne-API Model 200EUP or T200UP - Photolytic-Chemiluminescence","North Birmingham","NO. B'HAM,SOU R.R., 3009 28TH ST. NO.","Alabama","Jefferson","Birmingham","Birmingham-Hoover, AL","2024-05-22"
"01","073","0023","42602",1,33.553056,-86.815,"WGS84","Nitrogen dioxide (NO2)","1 HOUR","NO2 1-hour 2010","2019-01-26","Parts per billion","None",24,100.0,19.408333,35.7,18,33,"200","Teledyne-API Model 200EUP or T200UP - Photolytic-Chemiluminescence","North Birmingham","NO. B'HAM,SOU R.R., 3009 28TH ST. NO.","Alabama","Jefferson","Birmingham","Birmingham-Hoover, AL","2024-05-22"
"01","073","0023","42602",1,33.553056,-86.815,"WGS84","Nitrogen dioxide (NO2)","1 HOUR","NO2 1-hour 2010","2019-01-27","Parts per billion","None",24,100.0,19.366667,37.7,9,35,"200","Teledyne-API Model 200EUP or T200UP - Photolytic-Chemiluminescence","North Birmingham","NO. B'HAM,SOU R.R., 3009 28TH ST. NO.","Alabama","Jefferson","Birmingham","Birmingham-Hoover, AL","2024-05-22"
"01","073","0023","42602",1,33.553056,-86.815,"WGS84","Nitrogen dioxide (NO2)","1 HOUR","NO2 1-hour 2010","2019-01-28","Parts per billion","None",23,96.0,17.747826,28,7,26,"200","Teledyne-API Model 200EUP or T200UP - Photolytic-Chemiluminescence","North Birmingham","NO. B'HAM,SOU R.R., 3009 28TH ST. NO.","Alabama","Jefferson","Birmingham","Birmingham-Hoover, AL","2024-05-22"
"01","073","0023","42602",1,33.553056,-86.815,"WGS84","Nitrogen dioxide (NO2)","1 HOUR","NO2 1-hour 2010","2019-01-29","Parts per billion","None",21,88.0,5.780952,20.6,10,19,"200","Teledyne-API Model 200EUP or T200UP - Photolytic-Chemiluminescence","North Birmingham","NO. B'HAM,SOU R.R., 3009 28TH ST. NO.","Alabama","Jefferson","Birmingham","Birmingham-Hoover, AL","2024-05-22"
"01","073","0023","42602",1,33.553056,-86.815,"WGS84","Nitrogen dioxide (NO2)","1 HOUR","NO2 1-hour 2010","2019-01-30","Parts per billion","None",19,79.0,19.905263,40.6,7,38,"200","Teledyne-API Model 200EUP or T200UP - Photolytic-Chemiluminescence","North Birmingham","NO. B'HAM,SOU R.R., 3009 28TH ST. NO.","Alabama","Jefferson","Birmingham","Birmingham-Hoover, AL","2024-05-22"
"01","073","0023","42602",1,33.553056,-86.815,"WGS84","Nitrogen dioxide (NO2)","1 HOUR","NO2 1-hour 2010","2019-01-31","Parts per billion","None",21,88.0,24.666667,37.4,18,35,"200","Teledyne-API Model 200EUP or T200UP - Photolytic-Chemiluminescence","North Birmingham","NO. B'HAM,SOU R.R., 3009 28TH ST. NO.","Alabama","Jefferson","Birmingham","Birmingham-Hoover, AL","2024-05-22"
"01","073","0023","42602",1,33.553056,-86.815,"WGS84","Nitrogen dioxide (NO2)","1 HOUR","NO2 1-hour 2010","2019-02-01","Parts per billion","None",24,100.0,19.441667,37.2,18,35,"200","Teledyne-API Model 200EUP or T200UP - Photolytic-Chemiluminescence","North Birmingham","NO. B'HAM,SOU R.R., 3009 28TH ST. NO.","Alabama","Jefferson","Birmingham","Birmingham-Hoover, AL","2024-05-22"
"01","073","0023","42602",1,33.553056,-86.815,"WGS84","Nitrogen dioxide (NO2)","1 HOUR","NO2 1-hour 2010","2019-02-02","Parts per billion","None",24,100.0,19.191667,35.3,20,33,"200","Teledyne-API Model 200EUP or T200UP - Photolytic-Chemiluminescence","North Birmingham","NO. B'HAM,SOU R.R., 3009 28TH ST. NO.","Alabama","Jefferson","Birmingham","Birmingham-Hoover, AL","2024-05-22"
"01","073","0023","42602",1,33.553056,-86.815,"WGS84","Nitrogen dioxide (NO2)","1 HOUR","NO2 1-hour 2010","2019-02-03","Parts per billion","None",24,100.0,13.5,31.5,21,29,"200","Teledyne-API Model 200EUP or T200UP - Photolytic-Chemiluminescence","North Birmingham","NO. B'HAM,SOU R.R., 3009 28TH ST. NO.","Alabama","Jefferson","Birmingham","Birmingham-Hoover, AL","2024-05-22"
"01","073","0023","42602",1,33.553056,-86.815,"WGS84","Nitrogen dioxide (NO2)","1 HOUR","NO2 1-hour 2010","2019-02-04","Parts per billion","None",24,100.0,10.591667,14.4,8,13,"200","Teledyne-API Model 200EUP or T200UP - Photolytic-Chemiluminescence","North Birmingham","NO. B'HAM,SOU R.R., 3009 28TH ST. NO.","Alabama","Jefferson","Birmingham","Birmingham-Hoover, AL","2024-05-22"
"01","073","0023","42602",1,33.553056,-86.815,"WGS84","Nitrogen dioxide (NO2)","1 HOUR","NO2 1-hour 2010","2019-02-05","Parts per billion","None",20,83.0,12,22.8,18,21,"200","Teledyne-API Model 200EUP or T200UP - Photolytic-Chemiluminescence","North Birmingham","NO. B'HAM,SOU R.R., 3009 28TH ST. NO.","Alabama","Jefferson","Birmingham","Birmingham-Hoover, AL","2024-05-22"
"01","073","0023","42602",1,33.553056,-86.815,"WGS84","Nitrogen dioxide (NO2)","1 HOUR","NO2 1-hour 2010","2019-02-06","Parts per billion","None",20,83.0,6.685,10.6,7,9,"200","Teledyne-API Model 200EUP or T200UP - Photolytic-Chemiluminescence","North Birmingham","NO. B'HAM,SOU R.R., 3009 28TH ST. NO.","Alabama","Jefferson","Birmingham","Birmingham-Hoover, AL","2024-05-22"
"01","073","0023","42602",1,33.553056,-86.815,"WGS84","Nitrogen dioxide (NO2)","1 HOUR","NO2 1-hour 2010","2019-02-07","Parts per billion","None",24,100.0,4.908333,9.5,19,8,"200","Teledyne-API Model 200EUP or T200UP - Photolytic-Chemiluminescence","North Birmingham","NO. B'HAM,SOU R.R., 3009 28TH ST. NO.","Alabama","Jefferson","Birmingham","Birmingham-Hoover, AL","2024-05-22"
"01","073","0023","42602",1,33.553056,-86.815,"WGS84","Nitrogen dioxide (NO2)","1 HOUR","NO2 1-hour 2010","2019-02-08","Parts per billion","None",24,100.0,3.1,4.9,0,4,"200","Teledyne-API Model 200EUP or T200UP - Photolytic-Chemiluminescence","North Birmingham","NO. B'HAM,SOU R.R., 3009 28TH ST. NO.","Alabama","Jefferson","Birmingham","Birmingham-Hoover, AL","2024-05-22"
"01","073","0023","42602",1,33.553056,-86.815,"WGS84","Nitrogen dioxide (NO2)","1 HOUR","NO2 1-hour 2010","2019-02-09","Parts per billion","None",24,100.0,6.279167,21.6,20,20,"200","Teledyne-API Model 200EUP or T200UP - Photolytic-Chemiluminescence","North Birmingham","NO. B'HAM,SOU R.R., 3009 28TH ST. NO.","Alabama","Jefferson","Birmingham","Birmingham-Hoover, AL","2024-05-22"
"01","073","0023","42602",1,33.553056,-86.815,"WGS84","Nitrogen dioxide (NO2)","1 HOUR","NO2 1-hour 2010","2019-02-10","Parts per billion","None",24,100.0,7.1,17.6,19,16,"200","Teledyne-API Model 200EUP or T200UP - Photolytic-Chemiluminescence","North Birmingham","NO. B'HAM,SOU R.R., 3009 28TH ST. NO.","Alabama","Jefferson","Birmingham","Birmingham-Hoover, AL","2024-05-22"
"01","073","0023","42602",1,33.553056,-86.815,"WGS84","Nitrogen dioxide (NO2)","1 HOUR","NO2 1-hour 2010","2019-02-11","Parts per billion","None",20,83.0,8.58,14.4,16,13,"200","Teledyne-API Model 200EUP or T200UP - Photolytic-Chemiluminescence","North Birmingham","NO. B'HAM,SOU R.R., 3009 28TH ST. NO.","Alabama","Jefferson","Birmingham","Birmingham-Hoover, AL","2024-05-22"
"01","073","0023","42602",1,33.553056,-86.815,"WGS84","Nitrogen dioxide (NO2)","1 HOUR","NO2 1-hour 2010","2019-02-12","Parts per billion","None",21,88.0,6.442857,13,11,12,"200","Teledyne-API Model 200EUP or T200UP - Photolytic-Chemiluminescence","North Birmingham","NO. B'HAM,SOU R.R., 3009 28TH ST. NO.","Alabama","Jefferson","Birmingham","Birmingham-Hoover, AL","2024-05-22"
"01","073","0023","42602",1,33.553056,-86.815,"WGS84","Nitrogen dioxide (NO2)","1 HOUR","NO2 1-hour 2010","2019-02-13","Parts per billion","None",21,88.0,15.095238,37.8,18,35,"200","Teledyne-API Model 200EUP or T200UP - Photolytic-Chemiluminescence","North Birmingham","NO. B'HAM,SOU R.R., 3009 28TH ST. NO.","Alabama","Jefferson","Birmingham","Birmingham-Hoover, AL","2024-05-22"
"01","073","0023","42602",1,33.553056,-86.815,"WGS84","Nitrogen dioxide (NO2)","1 HOUR","NO2 1-hour 2010","2019-02-14","Parts per billion","None",24,100.0,16.0375,36.7,6,34,"200","Teledyne-API Model 200EUP or T200UP - Photolytic-Chemiluminescence","North Birmingham","NO. B'HAM,SOU R.R., 3009 28TH ST. NO.","Alabama","Jefferson","Birmingham","Birmingham-Hoover, AL","2024-05-22"
"01","073","0023","42602",1,33.553056,-86.815,"WGS84","Nitrogen dioxide (NO2)","1 HOUR","NO2 1-hour 2010","2019-02-15","Parts per billion","None",22,92.0,9.6,20.6,17,19,"200","Teledyne-API Model 200EUP or T200UP - Photolytic-Chemiluminescence","North Birmingham","NO. B'HAM,SOU R.R., 3009 28TH ST. NO.","Alabama","Jefferson","Birmingham","Birmingham-Hoover, AL","2024-05-22"
"01","073","0023","42602",1,33.553056,-86.815,"WGS84","Nitrogen dioxide (NO2)","1 HOUR","NO2 1-hour 2010","2019-02-16","Parts per billion","None",24,100.0,4.933333,24.1,23,23,"200","Teledyne-API Model 200EUP or T200UP - Photolytic-Chemiluminescence","North Birmingham","NO. B'HAM,SOU R.R., 3009 28TH ST. NO.","Alabama","Jefferson","Birmingham","Birmingham-Hoover, AL","2024-05-22"
"01","073","0023","42602",1,33.553056,-86.815,"WGS84","Nitrogen dioxide (NO2)","1 HOUR","NO2 1-hour 2010","2019-02-17","Parts per billion","None",24,100.0,7.591667,19.3,16,18,"200","Teledyne-API Model 200EUP or T200UP - Photolytic-Chemiluminescence","North Birmingham","NO. B'HAM,SOU R.R., 3009 28TH ST. NO.","Alabama","Jefferson","Birmingham","Birmingham-Hoover, AL","2024-05-22"
"01","073","0023","42602",1,33.553056,-86.815,"WGS84","Nitrogen dioxide (NO2)","1 HOUR","NO2 1-hour 2010","2019-02-18","Parts per billion","None",23,96.0,3.643478,12.8,19,11,"200","Teledyne-API Model 200EUP or T200UP - Photolytic-Chemiluminescence","North Birmingham","NO. B'HAM,SOU R.R., 3009 28TH ST. NO.","Alabama","Jefferson","Birmingham","Birmingham-Hoover, AL","2024-05-22"
"01","073","0023","42602",1,33.553056,-86.815,"WGS84","Nitrogen dioxide (NO2)","1 HOUR","NO2 1-hour 2010","2019-02-19","Parts per billion","None",21,88.0,7.842857,16.7,7,15,"200","Teledyne-API Model 200EUP or T200UP - Photolytic-Chemiluminescence","North Birmingham","NO. B'HAM,SOU R.R., 3009 28TH ST. NO.","Alabama","Jefferson","Birmingham","Birmingham-Hoover, AL","2024-05-22"
"01","073","0023","42602",1,33.553056,-86.815,"WGS84","Nitrogen dioxide (NO2)","1 HOUR","NO2 1-hour 2010","2019-02-20","Parts per billion","None",21,88.0,11.4,22.8,15,21,"200","Teledyne-API Model 200EUP or T200UP - Photolytic-Chemiluminescence","North Birmingham","NO. B'HAM,SOU R.R., 3009 28TH ST. NO.","Alabama","Jefferson","Birmingham","Birmingham-Hoover, AL","2024-05-22"
"01","073","0023","42602",1,33.553056,-86.815,"WGS84","Nitrogen dioxide (NO2)","1 HOUR","NO2 1-hour 2010","2019-02-21","Parts per billion","None",19,79.0,9.489474,18.2,0,17,"200","Teledyne-API Model 200EUP or T200UP - Photolytic-Chemiluminescence","North Birmingham","NO. B'HAM,SOU R.R., 3009 28TH ST. NO.","Alabama","Jefferson","Birmingham","Birmingham-Hoover, AL","2024-05-22"
"01","073","0023","42602",1,33.553056,-86.815,"WGS84","Nitrogen dioxide (NO2)","1 HOUR","NO2 1-hour 2010","2019-02-22","Parts per billion","None",24,100.0,8.7375,17.7,8,16,"200","Teledyne-API Model 200EUP or T200UP - Photolytic-Chemiluminescence","North Birmingham","NO. B'HAM,SOU R.R., 3009 28TH ST. NO.","Alabama","Jefferson","Birmingham","Birmingham-Hoover, AL","2024-05-22"
"01","073","0023","42602",1,33.553056,-86.815,"WGS84","Nitrogen dioxide (NO2)","1 HOUR","NO2 1-hour 2010","2019-02-23","Parts per billion","None",24,100.0,5.35,14.8,0,13,"200","Teledyne-API Model 200EUP or T200UP - Photolytic-Chemiluminescence","North Birmingham","NO. B'HAM,SOU R.R., 3009 28TH ST. NO.","Alabama","Jefferson","Birmingham","Birmingham-Hoover, AL","2024-05-22"
"01","073","0023","42602",1,33.553056,-86.815,"WGS84","Nitrogen dioxide (NO2)","1 HOUR","NO2 1-hour 2010","2019-02-24","Parts per billion","None",24,100.0,2.770833,6.8,4,6,"200","Teledyne-API Model 200EUP or T200UP - Photolytic-Chemiluminescence","North Birmingham","NO. B'HAM,SOU R.R., 3009 28TH ST. NO.","Alabama","Jefferson","Birmingham","Birmingham-Hoover, AL","2024-05-22"
"01","073","0023","42602",1,33.553056,-86.815,"WGS84","Nitrogen dioxide (NO2)","1 HOUR","NO2 1-hour 2010","2019-02-25","Parts per billion","None",23,96.0,14.4,33.9,23,31,"200","Teledyne-API Model 200EUP or T200UP - Photolytic-Chemiluminescence","North Birmingham","NO. B'HAM,SOU R.R., 3009 28TH ST. NO.","Alabama","Jefferson","Birmingham","Birmingham-Hoover, AL","2024-05-22"
"01","073","0023","42602",1,33.553056,-86.815,"WGS84","Nitrogen dioxide (NO2)","1 HOUR","NO2 1-hour 2010","2019-02-26","Parts per billion","None",21,88.0,18.819048,31.9,22,29,"200","Teledyne-API Model 200EUP or T200UP - Photolytic-Chemiluminescence","North Birmingham","NO. B'HAM,SOU R.R., 3009 28TH ST. NO.","Alabama","Jefferson","Birmingham","Birmingham-Hoover, AL","2024-05-22"
"01","073","0023","42602",1,33.553056,-86.815,"WGS84","Nitrogen dioxide (NO2)","1 HOUR","NO2 1-hour 2010","2019-02-27","Parts per billion","None",21,88.0,19.504762,45.1,18,42,"200","Teledyne-API Model 200EUP or T200UP - Photolytic-Chemiluminescence","North Birmingham","NO. B'HAM,SOU R.R., 3009 28TH ST. NO.","Alabama","Jefferson","Birmingham","Birmingham-Hoover, AL","2024-05-22"
"01","073","0023","42602",1,33.553056,-86.815,"WGS84","Nitrogen dioxide (NO2)","1 HOUR","NO2 1-hour 2010","2019-02-28","Parts per billion","None",24,100.0,11.745833,31.2,7,29,"200","Teledyne-API Model 200EUP or T200UP - Photolytic-Chemiluminescence","North Birmingham","NO. B'HAM,SOU R.R., 3009 28TH ST. NO.","Alabama","Jefferson","Birmingham","Birmingham-Hoover, AL","2024-05-22"
"01","073","0023","42602",1,33.553056,-86.815,"WGS84","Nitrogen dioxide (NO2)","1 HOUR","NO2 1-hour 2010","2019-03-01","Parts per billion","None",22,92.0,6.013636,14.5,8,13,"200","Teledyne-API Model 200EUP or T200UP - Photolytic-Chemiluminescence","North Birmingham","NO. B'HAM,SOU R.R., 3009 28TH ST. NO.","Alabama","Jefferson","Birmingham","Birmingham-Hoover, AL","2024-05-22"
"01","073","0023","42602",1,33.553056,-86.815,"WGS84","Nitrogen dioxide (NO2)","1 HOUR","NO2 1-hour 2010","2019-03-02","Parts per billion","None",24,100.0,3.7625,6.5,22,6,"200","Teledyne-API Model 200EUP or T200UP - Photolytic-Chemiluminescence","North Birmingham","NO. B'HAM,SOU R.R., 3009 28TH ST. NO.","Alabama","Jefferson","Birmingham","Birmingham-Hoover, AL","2024-05-22"
"01","073","0023","42602",1,33.553056,-86.815,"WGS84","Nitrogen dioxide (NO2)","1 HOUR","NO2 1-hour 2010","2019-03-03","Parts per billion","None",24,100.0,5.75,11.6,5,10,"200","Teledyne-API Model 200EUP or T200UP - Photolytic-Chemiluminescence","North Birmingham","NO. B'HAM,SOU R.R., 3009 28TH ST. NO.","Alabama","Jefferson","Birmingham","Birmingham-Hoover, AL","2024-05-22"
"01","073","0023","42602",1,33.553056,-86.815,"WGS84","Nitrogen dioxide (NO2)","1 HOUR","NO2 1-hour 2010","2019-03-04","Parts per billion","None",22,92.0,2.863636,5,7,5,"200","Teledyne-API Model 200EUP or T200UP - Photolytic-Chemiluminescence","North Birmingham","NO. B'HAM,SOU R.R., 3009 28TH ST. NO.","Alabama","Jefferson","Birmingham","Birmingham-Hoover, AL","2024-05-22"
"01","073","0023","42602",1,33.553056,-86.815,"WGS84","Nitrogen dioxide (NO2)","1 HOUR","NO2 1-hour 2010","2019-03-05","Parts per billion","None",16,67.0,6.25,16.1,19,15,"200","Teledyne-API Model 200EUP or T200UP - Photolytic-Chemiluminescence","North Birmingham","NO. B'HAM,SOU R.R., 3009 28TH ST. NO.","Alabama","Jefferson","Birmingham","Birmingham-Hoover, AL","2024-05-22"
"01","073","0023","42602",1,33.553056,-86.815,"WGS84","Nitrogen dioxide (NO2)","1 HOUR","NO2 1-hour 2010","2019-03-06","Parts per billion","None",19,79.0,14.963158,37.2,22,35,"200","Teledyne-API Model 200EUP or T200UP - Photolytic-Chemiluminescence","North Birmingham","NO. B'HAM,SOU R.R., 3009 28TH ST. NO.","Alabama","Jefferson","Birmingham","Birmingham-Hoover, AL","2024-05-22"
"01","073","0023","42602",1,33.553056,-86.815,"WGS84","Nitrogen dioxide (NO2)","1 HOUR","NO2 1-hour 2010","2019-03-07","Parts per billion","None",20,83.0,22.49,35.5,0,33,"200","Teledyne-API Model 200EUP or T200UP - Photolytic-Chemiluminescence","North Birmingham","NO. B'HAM,SOU R.R., 3009 28TH ST. NO.","Alabama","Jefferson","Birmingham","Birmingham-Hoover, AL","2024-05-22"
"01","073","0023","42602",1,33.553056,-86.815,"WGS84","Nitrogen dioxide (NO2)","1 HOUR","NO2 1-hour 2010","2019-03-08","Parts per billion","None",24,100.0,7.329167,14,7,13,"200","Teledyne-API Model 200EUP or T200UP - Photolytic-Chemiluminescence","North Birmingham","NO. B'HAM,SOU R.R., 3009 28TH ST. NO.","Alabama","Jefferson","Birmingham","Birmingham-Hoover, AL","2024-05-22"
"01","073","0023","42602",1,33.553056,-86.815,"WGS84","Nitrogen dioxide (NO2)","1 HOUR","NO2 1-hour 2010","2019-03-09","Parts per billion","None",24,100.0,3.533333,7.7,8,7,"200","Teledyne-API Model 200EUP or T200UP - Photolytic-Chemiluminescence","North Birmingham","NO. B'HAM,SOU R.R., 3009 28TH ST. NO.","Alabama","Jefferson","Birmingham","Birmingham-Hoover, AL","2024-05-22"
"01","073","0023","42602",1,33.553056,-86.815,"WGS84","Nitrogen dioxide (NO2)","1 HOUR","NO2 1-hour 2010","2019-03-10","Parts per billion","None",24,100.0,12.7375,28.5,19,26,"200","Teledyne-API Model 200EUP or T200UP - Photolytic-Chemiluminescence","North Birmingham","NO. B'HAM,SOU R.R., 3009 28TH ST. NO.","Alabama","Jefferson","Birmingham","Birmingham-Hoover, AL","2024-05-22"
"01","073","0023","42602",1,33.553056,-86.815,"WGS84","Nitrogen dioxide (NO2)","1 HOUR","NO2 1-hour 2010","2019-03-11","Parts per billion","None",23,96.0,14.469565,28.8,19,26,"200","Teledyne-API Model 200EUP or T200UP - Photolytic-Chemiluminescence","North Birmingham","NO. B'HAM,SOU R.R., 3009 28TH ST. NO.","Alabama","Jefferson","Birmingham","Birmingham-Hoover, AL","2024-05-22"
"01","073","0023","42602",1,33.553056,-86.815,"WGS84","Nitrogen dioxide (NO2)","1 HOUR","NO2 1-hour 2010","2019-03-12","Parts per billion","None",21,88.0,10.266667,18.6,6,17,"200","Teledyne-API Model 200EUP or T200UP - Photolytic-Chemiluminescence","North Birmingham","NO. B'HAM,SOU R.R., 3009 28TH ST. NO.","Alabama","Jefferson","Birmingham","Birmingham-Hoover, AL","2024-05-22"
"01","073","0023","42602",1,33.553056,-86.815,"WGS84","Nitrogen dioxide (NO2)","1 HOUR","NO2 1-hour 2010","2019-03-13","Parts per billion","None",21,88.0,5.690476,13.3,6,12,"200","Teledyne-API Model 200EUP or T200UP - Photolytic-Chemiluminescence","North Birmingham","NO. B'HAM,SOU R.R., 3009 28TH ST. NO.","Alabama","Jefferson","Birmingham","Birmingham-Hoover, AL","2024-05-22"
"01","073","0023","42602",1,33.553056,-86.815,"WGS84","Nitrogen dioxide (NO2)","1 HOUR","NO2 1-hour 2010","2019-03-14","Parts per billion","None",24,100.0,4.695833,8.3,22,8,"200","Teledyne-API Model 200EUP or T200UP - Photolytic-Chemiluminescence","North Birmingham","NO. B'HAM,SOU R.R., 3009 28TH ST. NO.","Alabama","Jefferson","Birmingham","Birmingham-Hoover, AL","2024-05-22"
"01","073","0023","42602",1,33.553056,-86.815,"WGS84","Nitrogen dioxide (NO2)","1 HOUR","NO2 1-hour 2010","2019-03-15","Parts per billion","None",22,92.0,3.940909,10.3,18,9,"200","Teledyne-API Model 200EUP or T200UP - Photolytic-Chemiluminescence","North Birmingham","NO. B'HAM,SOU R.R., 3009 28TH ST. NO.","Alabama","Jefferson","Birmingham","Birmingham-Hoover, AL","2024-05-22"
"01","073","0023","42602",1,33.553056,-86.815,"WGS84","Nitrogen dioxide (NO2)","1 HOUR","NO2 1-hour 2010","2019-03-16","Parts per billion","None",24,100.0,4.483333,15.9,22,14,"200","Teledyne-API Model 200EUP or T200UP - Photolytic-Chemiluminescence","North Birmingham","NO. B'HAM,SOU R.R., 3009 28TH ST. NO.","Alabama","Jefferson","Birmingham","Birmingham-Hoover, AL","2024-05-22"
"01","073","0023","42602",1,33.553056,-86.815,"WGS84","Nitrogen dioxide (NO2)","1 HOUR","NO2 1-hour 2010","2019-03-17","Parts per billion","None",24,100.0,8.9875,38.8,21,36,"200","Teledyne-API Model 200EUP or T200UP - Photolytic-Chemiluminescence","North Birmingham","NO. B'HAM,SOU R.R., 3009 28TH ST. NO.","Alabama","Jefferson","Birmingham","Birmingham-Hoover, AL","2024-05-22"
"01","073","0023","42602",1,33.553056,-86.815,"WGS84","Nitrogen dioxide (NO2)","1 HOUR","NO2 1-hour 2010","2019-03-18","Parts per billion","None",24,100.0,8.708333,28.5,4,26,"200","Teledyne-API Model 200EUP or T200UP - Photolytic-Chemiluminescence","North Birmingham","NO. B'HAM,SOU R.R., 3009 28TH ST. NO.","Alabama","Jefferson","Birmingham","Birmingham-Hoover, AL","2024-05-22"
"01","073","0023","42602",1,33.553056,-86.815,"WGS84","Nitrogen dioxide (NO2)","1 HOUR","NO2 1-hour 2010","2019-03-19","Parts per billion","None",21,88.0,8.12381,24.1,23,23,"200","Teledyne-API Model 200EUP or T200UP - Photolytic-Chemiluminescence","North Birmingham","NO. B'HAM,SOU R.R., 3009 28TH ST. NO.","Alabama","Jefferson","Birmingham","Birmingham-Hoover, AL","2024-05-22"
"01","073","0023","42602",1,33.553056,-86.815,"WGS84","Nitrogen dioxide (NO2)","1 HOUR","NO2 1-hour 2010","2019-03-20","Parts per billion","None",19,79.0,19.710526,50.2,19,47,"200","Teledyne-API Model 200EUP or T200UP - Photolytic-Chemiluminescence","North Birmingham","NO. B'HAM,SOU R.R., 3009 28TH ST. NO.","Alabama","Jefferson","Birmingham","Birmingham-Hoover, AL","2024-05-22"
"01","073","0023","42602",1,33.553056,-86.815,"WGS84","Nitrogen dioxide (NO2)","1 HOUR","NO2 1-hour 2010","2019-03-21","Parts per billion","None",24,100.0,4.141667,11.7,0,10,"200","Teledyne-API Model 200EUP or T200UP - Photolytic-Chemiluminescence","North Birmingham","NO. B'HAM,SOU R.R., 3009 28TH ST. NO.","Alabama","Jefferson","Birmingham","Birmingham-Hoover, AL","2024-05-22"
"01","073","0023","42602",1,33.553056,-86.815,"WGS84","Nitrogen dioxide (NO2)","1 HOUR","NO2 1-hour 2010","2019-03-22","Parts per billion","None",24,100.0,11.695833,34.6,22,32,"200","Teledyne-API Model 200EUP or T200UP - Photolytic-Chemiluminescence","North Birmingham","NO. B'HAM,SOU R.R., 3009 28TH ST. NO.","Alabama","Jefferson","Birmingham","Birmingham-Hoover, AL","2024-05-22"
"01","073","0023","42602",1,33.553056,-86.815,"WGS84","Nitrogen dioxide (NO2)","1 HOUR","NO2 1-hour 2010","2019-03-23","Parts per billion","None",24,100.0,16.325,32.7,0,30,"200","Teledyne-API Model 200EUP or T200UP - Photolytic-Chemiluminescence","North Birmingham","NO. B'HAM,SOU R.R., 3009 28TH ST. NO.","Alabama","Jefferson","Birmingham","Birmingham-Hoover, AL","2024-05-22"
"01","073","0023","42602",1,33.553056,-86.815,"WGS84","Nitrogen dioxide (NO2)","1 HOUR","NO2 1-hour 2010","2019-03-24","Parts per billion","None",24,100.0,14.908333,35.6,6,33,"200","Teledyne-API Model 200EUP or T200UP - Photolytic-Chemiluminescence","North Birmingham","NO. B'HAM,SOU R.R., 3009 28TH ST. NO.","Alabama","Jefferson","Birmingham","Birmingham-Hoover, AL","2024-05-22"
"01","073","0023","42602",1,33.553056,-86.815,"WGS84","Nitrogen dioxide (NO2)","1 HOUR","NO2 1-hour 2010","2019-03-25","Parts per billion","None",24,100.0,7.029167,14.2,6,13,"200","Teledyne-API Model 200EUP or T200UP - Photolytic-Chemiluminescence","North Birmingham","NO. B'HAM,SOU R.R., 3009 28TH ST. NO.","Alabama","Jefferson","Birmingham","Birmingham-Hoover, AL","2024-05-22"
"01","073","0023","42602",1,33.553056,-86.815,"WGS84","Nitrogen dioxide (NO2)","1 HOUR","NO2 1-hour 2010","2019-03-26","Parts per billion","None",21,88.0,3.685714,7.9,19,7,"200","Teledyne-API Model 200EUP or T200UP - Photolytic-Chemiluminescence","North Birmingham","NO. B'HAM,SOU R.R., 3009 28TH ST. NO.","Alabama","Jefferson","Birmingham","Birmingham-Hoover, AL","2024-05-22"
"01","073","0023","42602",1,33.553056,-86.815,"WGS84","Nitrogen dioxide (NO2)","1 HOUR","NO2 1-hour 2010","2019-03-27","Parts per billion","None",21,88.0,9.204762,27.6,6,25,"200","Teledyne-API Model 200EUP or T200UP - Photolytic-Chemiluminescence","North Birmingham","NO. B'HAM,SOU R.R., 3009 28TH ST. NO.","Alabama","Jefferson","Birmingham","Birmingham-Hoover, AL","2024-05-22"
"01","073","0023","42602",1,33.553056,-86.815,"WGS84","Nitrogen dioxide (NO2)","1 HOUR","NO2 1-hour 2010","2019-03-28","Parts per billion","None",24,100.0,9.4,25.8,19,24,"200","Teledyne-API Model 200EUP or T200UP - Photolytic-Chemiluminescence","North Birmingham","NO. B'HAM,SOU R.R., 3009 28TH ST. NO.","Alabama","Jefferson","Birmingham","Birmingham-Hoover, AL","2024-05-22"
"01","073","0023","42602",1,33.553056,-86.815,"WGS84","Nitrogen dioxide (NO2)","1 HOUR","NO2 1-hour 2010","2019-03-29","Parts per billion","None",23,96.0,19.134783,38.4,7,36,"200","Teledyne-API Model 200EUP or T200UP - Photolytic-Chemiluminescence","North Birmingham","NO. B'HAM,SOU R.R., 3009 28TH ST. NO.","Alabama","Jefferson","Birmingham","Birmingham-Hoover, AL","2024-05-22"
"01","073","0023","42602",1,33.553056,-86.815,"WGS84","Nitrogen dioxide (NO2)","1 HOUR","NO2 1-hour 2010","2019-03-30","Parts per billion","None",24,100.0,4.1375,9.6,6,8,"200","Teledyne-API Model 200EUP or T200UP - Photolytic-Chemiluminescence","North Birmingham","NO. B'HAM,SOU R.R., 3009 28TH ST. NO.","Alabama","Jefferson","Birmingham","Birmingham-Hoover, AL","2024-05-22"
"01","073","0023","42602",1,33.553056,-86.815,"WGS84","Nitrogen dioxide (NO2)","1 HOUR","NO2 1-hour 2010","2019-03-31","Parts per billion","None",24,100.0,1.9875,5.6,19,5,"200","Teledyne-API Model 200EUP or T200UP - Photolytic-Chemiluminescence","North Birmingham","NO. B'HAM,SOU R.R., 3009 28TH ST. NO.","Alabama","Jefferson","Birmingham","Birmingham-Hoover, AL","2024-05-22"
"01","073","0023","42602",1,33.553056,-86.815,"WGS84","Nitrogen dioxide (NO2)","1 HOUR","NO2 1-hour 2010","2019-04-01","Parts per billion","None",23,96.0,6.365217,21.5,19,20,"200","Teledyne-API Model 200EUP or T200UP - Photolytic-Chemiluminescence","North Birmingham","NO. B'HAM,SOU R.R., 3009 28TH ST. NO.","Alabama","Jefferson","Birmingham","Birmingham-Hoover, AL","2024-05-22"
"01","073","0023","42602",1,33.553056,-86.815,"WGS84","Nitrogen dioxide (NO2)","1 HOUR","NO2 1-hour 2010","2019-04-02","Parts per billion","None",19,79.0,10.842105,36.5,23,34,"200","Teledyne-API Model 200EUP or T200UP - Photolytic-Chemiluminescence","North Birmingham","NO. B'HAM,SOU R.R., 3009 28TH ST. NO.","Alabama","Jefferson","Birmingham","Birmingham-Hoover, AL","2024-05-22"
"01","073","0023","42602",1,33.553056,-86.815,"WGS84","Nitrogen dioxide (NO2)","1 HOUR","NO2 1-hour 2010","2019-04-03","Parts per billion","None",18,75.0,20.572222,61.9,7,58,"200","Teledyne-API Model 200EUP or T200UP - Photolytic-Chemiluminescence","North Birmingham","NO. B'HAM,SOU R.R., 3009 28TH ST. NO.","Alabama","Jefferson","Birmingham","Birmingham-Hoover, AL","2024-05-22"
"01","073","0023","42602",1,33.553056,-86.815,"WGS84","Nitrogen dioxide (NO2)","1 HOUR","NO2 1-hour 2010","2019-04-04","Parts per billion","None",22,92.0,10.927273,27.2,5,25,"200","Teledyne-API Model 200EUP or T200UP - Photolytic-Chemiluminescence","North Birmingham","NO. B'HAM,SOU R.R., 3009 28TH ST. NO.","Alabama","Jefferson","Birmingham","Birmingham-Hoover, AL","2024-05-22"
"01","073","0023","42602",1,33.553056,-86.815,"WGS84","Nitrogen dioxide (NO2)","1 HOUR","NO2 1-hour 2010","2019-04-05","Parts per billion","None",24,100.0,9.975,27.3,21,25,"200","Teledyne-API Model 200EUP or T200UP - Photolytic-Chemiluminescence","North Birmingham","NO. B'HAM,SOU R.R., 3009 28TH ST. NO.","Alabama","Jefferson","Birmingham","Birmingham-Hoover, AL","2024-05-22"
"01","073","0023","42602",1,33.553056,-86.815,"WGS84","Nitrogen dioxide (NO2)","1 HOUR","NO2 1-hour 2010","2019-04-06","Parts per billion","None",24,100.0,8.958333,19.1,1,18,"200","Teledyne-API Model 200EUP or T200UP - Photolytic-Chemiluminescence","North Birmingham","NO. B'HAM,SOU R.R., 3009 28TH ST. NO.","Alabama","Jefferson","Birmingham","Birmingham-Hoover, AL","2024-05-22"
"01","073","0023","42602",1,33.553056,-86.815,"WGS84","Nitrogen dioxide (NO2)","1 HOUR","NO2 1-hour 2010","2019-04-07","Parts per billion","None",24,100.0,6.520833,20,19,19,"200","Teledyne-API Model 200EUP or T200UP - Photolytic-Chemiluminescence","North Birmingham","NO. B'HAM,SOU R.R., 3009 28TH ST. NO.","Alabama","Jefferson","Birmingham","Birmingham-Hoover, AL","2024-05-22"
"01","073","0023","42602",1,33.553056,-86.815,"WGS84","Nitrogen dioxide (NO2)","1 HOUR","NO2 1-hour 2010","2019-04-08","Parts per billion","None",24,100.0,7.175,18.3,6,17,"200","Teledyne-API Model 200EUP or T200UP - Photolytic-Chemiluminescence","North Birmingham","NO. B'HAM,SOU R.R., 3009 28TH ST. NO.","Alabama","Jefferson","Birmingham","Birmingham-Hoover, AL","2024-05-22"
"01","073","0023","42602",1,33.553056,-86.815,"WGS84","Nitrogen dioxide (NO2)","1 HOUR","NO2 1-hour 2010","2019-04-09","Parts per billion","None",19,79.0,10.305263,28.2,20,26,"200","Teledyne-API Model 200EUP or T200UP - Photolytic-Chemiluminescence","North Birmingham","NO. B'HAM,SOU R.R., 3009 28TH ST. NO.","Alabama","Jefferson","Birmingham","Birmingham-Hoover, AL","2024-05-22"
"01","073","0023","42602",1,33.553056,-86.815,"WGS84","Nitrogen dioxide (NO2)","1 HOUR","NO2 1-hour 2010","2019-04-10","Parts per billion","None",21,88.0,15.661905,37.8,20,35,"200","Teledyne-API Model 200EUP or T200UP - Photolytic-Chemiluminescence","North Birmingham","NO. B'HAM,SOU R.R., 3009 28TH ST. NO.","Alabama","Jefferson","Birmingham","Birmingham-Hoover, AL","2024-05-22"
"01","073","0023","42602",1,33.553056,-86.815,"WGS84","Nitrogen dioxide (NO2)","1 HOUR","NO2 1-hour 2010","2019-04-11","Parts per billion","None",20,83.0,7.915,33.5,0,31,"200","Teledyne-API Model 200EUP or T200UP - Photolytic-Chemiluminescence","North Birmingham","NO. B'HAM,SOU R.R., 3009 28TH ST. NO.","Alabama","Jefferson","Birmingham","Birmingham-Hoover, AL","2024-05-22"
"01","073","0023","42602",1,33.553056,-86.815,"WGS84","Nitrogen dioxide (NO2)","1 HOUR","NO2 1-hour 2010","2019-04-12","Parts per billion","None",22,92.0,6.168182,15.1,21,14,"200","Teledyne-API Model 200EUP or T200UP - Photolytic-Chemiluminescence","North Birmingham","NO. B'HAM,SOU R.R., 3009 28TH ST. NO.","Alabama","Jefferson","Birmingham","Birmingham-Hoover, AL","2024-05-22"
"01","073","0023","42602",1,33.553056,-86.815,"WGS84","Nitrogen dioxide (NO2)","1 HOUR","NO2 1-hour 2010","2019-04-13","Parts per billion","None",24,100.0,4.925,11.1,8,10,"200","Teledyne-API Model 200EUP or T200UP - Photolytic-Chemiluminescence","North Birmingham","NO. B'HAM,SOU R.R., 3009 28TH ST. NO.","Alabama","Jefferson","Birmingham","Birmingham-Hoover, AL","2024-05-22"
"01","073","0023","42602",1,33.553056,-86.815,"WGS84","Nitrogen dioxide (NO2)","1 HOUR","NO2 1-hour 2010","2019-04-14","Parts per billion","None",24,100.0,1.966667,5.3,5,5,"200","Teledyne-API Model 200EUP or T200UP - Photolytic-Chemiluminescence","North Birmingham","NO. B'HAM,SOU R.R., 3009 28TH ST. NO.","Alabama","Jefferson","Birmingham","Birmingham-Hoover, AL","2024-05-22"
"01","073","0023","42602",1,33.553056,-86.815,"WGS84","Nitrogen dioxide (NO2)","1 HOUR","NO2 1-hour 2010","2019-04-15","Parts per billion","None",22,92.0,10.886364,38.9,19,36,"200","Teledyne-API Model 200EUP or T200UP - Photolytic-Chemiluminescence","North Birmingham","NO. B'HAM,SOU R.R., 3009 28TH ST. NO.","Alabama","Jefferson","Birmingham","Birmingham-Hoover, AL","2024-05-22"
"01","073","0023","42602",1,33.553056,-86.815,"WGS84","Nitrogen dioxide (NO2)","1 HOUR","NO2 1-hour 2010","2019-04-16","Parts per billion","None",21,88.0,13.909524,27.5,6,25,"200","Teledyne-API Model 200EUP or T200UP - Photolytic-Chemiluminescence","North Birmingham","NO. B'HAM,SOU R.R., 3009 28TH ST. NO.","Alabama","Jefferson","Birmingham","Birmingham-Hoover, AL","2024-05-22"
"01","073","0023","42602",1,33.553056,-86.815,"WGS84","Nitrogen dioxide (NO2)","1 HOUR","NO2 1-hour 2010","2019-04-17","Parts per billion","None",21,88.0,11.609524,33,5,31,"200","Teledyne-API Model 200EUP or T200UP - Photolytic-Chemiluminescence","North Birmingham","NO. B'HAM,SOU R.R., 3009 28TH ST. NO.","Alabama","Jefferson","Birmingham","Birmingham-Hoover, AL","2024-05-22"
"01","073","0023","42602",1,33.553056,-86.815,"WGS84","Nitrogen dioxide (NO2)","1 HOUR","NO2 1-hour 2010","2019-04-18","Parts per billion","None",19,79.0,5.705263,11.1,4,10,"200","Teledyne-API Model 200EUP or T200UP - Photolytic-Chemiluminescence","North Birmingham","NO. B'HAM,SOU R.R., 3009 28TH ST. NO.","Alabama","Jefferson","Birmingham","Birmingham-Hoover, AL","2024-05-22"
"01","073","0023","42602",1,33.553056,-86.815,"WGS84","Nitrogen dioxide (NO2)","1 HOUR","NO2 1-hour 2010","2019-04-19","Parts per billion","None",24,100.0,3.841667,13.2,0,12,"200","Teledyne-API Model 200EUP or T200UP - Photolytic-Chemiluminescence","North Birmingham","NO. B'HAM,SOU R.R., 3009 28TH ST. NO.","Alabama","Jefferson","Birmingham","Birmingham-Hoover, AL","2024-05-22"
"01","073","0023","42602",1,33.553056,-86.815,"WGS84","Nitrogen dioxide (NO2)","1 HOUR","NO2 1-hour 2010","2019-04-20","Parts per billion","None",24,100.0,6.566667,29,20,27,"200","Teledyne-API Model 200EUP or T200UP - Photolytic-Chemiluminescence","North Birmingham","NO. B'HAM,SOU R.R., 3009 28TH ST. NO.","Alabama","Jefferson","Birmingham","Birmingham-Hoover, AL","2024-05-22"
"01","073","0023","42602",1,33.553056,-86.815,"WGS84","Nitrogen dioxide (NO2)","1 HOUR","NO2 1-hour 2010","2019-04-21","Parts per billion","None",24,100.0,13.045833,26.9,21,25,"200","Teledyne-API Model 200EUP or T200UP - Photolytic-Chemiluminescence","North Birmingham","NO. B'HAM,SOU R.R., 3009 28TH ST. NO.","Alabama","Jefferson","Birmingham","Birmingham-Hoover, AL","2024-05-22"
"01","073","0023","42602",1,33.553056,-86.815,"WGS84","Nitrogen dioxide (NO2)","1 HOUR","NO2 1-hour 2010","2019-04-22","Parts per billion","None",22,92.0,15.963636,35.6,22,33,"200","Teledyne-API Model 200EUP or T200UP - Photolytic-Chemiluminescence","North Birmingham","NO. B'HAM,SOU R.R., 3009 28TH ST. NO.","Alabama","Jefferson","Birmingham","Birmingham-Hoover, AL","2024-05-22"
"01","073","0023","42602",1,33.553056,-86.815,"WGS84","Nitrogen dioxide (NO2)","1 HOUR","NO2 1-hour 2010","2019-04-23","Parts per billion","None",21,88.0,15.652381,40.3,23,38,"200","Teledyne-API Model 200EUP or T200UP - Photolytic-Chemiluminescence","North Birmingham","NO. B'HAM,SOU R.R., 3009 28TH ST. NO.","Alabama","Jefferson","Birmingham","Birmingham-Hoover, AL","2024-05-22"
"01","073","0023","42602",1,33.553056,-86.815,"WGS84","Nitrogen dioxide (NO2)","1 HOUR","NO2 1-hour 2010","2019-04-24","Parts per billion","None",19,79.0,11.505263,32.4,7,30,"200","Teledyne-API Model 200EUP or T200UP - Photolytic-Chemiluminescence","North Birmingham","NO. B'HAM,SOU R.R., 3009 28TH ST. NO.","Alabama","Jefferson","Birmingham","Birmingham-Hoover, AL","2024-05-22"
"01","073","0023","42602",1,33.553056,-86.815,"WGS84","Nitrogen dioxide (NO2)","1 HOUR","NO2 1-hour 2010","2019-04-25","Parts per billion","None",24,100.0,7.508333,12.4,14,11,"200","Teledyne-API Model 200EUP or T200UP - Photolytic-Chemiluminescence","North Birmingham","NO. B'HAM,SOU R.R., 3009 28TH ST. NO.","Alabama","Jefferson","Birmingham","Birmingham-Hoover, AL","2024-05-22"
"01","073","0023","42602",1,33.553056,-86.815,"WGS84","Nitrogen dioxide (NO2)","1 HOUR","NO2 1-hour 2010","2019-04-26","Parts per billion","None",19,79.0,8.810526,43,20,41,"200","Teledyne-API Model 200EUP or T200UP - Photolytic-Chemiluminescence","North Birmingham","NO. B'HAM,SOU R.R., 3009 28TH ST. NO.","Alabama","Jefferson","Birmingham","Birmingham-Hoover, AL","2024-05-22"
"01","073","0023","42602",1,33.553056,-86.815,"WGS84","Nitrogen dioxide (NO2)","1 HOUR","NO2 1-hour 2010","2019-04-27","Parts per billion","None",24,100.0,10.904167,27.8,0,25,"200","Teledyne-API Model 200EUP or T200UP - Photolytic-Chemiluminescence","North Birmingham","NO. B'HAM,SOU R.R., 3009 28TH ST. NO.","Alabama","Jefferson","Birmingham","Birmingham-Hoover, AL","2024-05-22"
"01","073","0023","42602",1,33.553056,-86.815,"WGS84","Nitrogen dioxide (NO2)","1 HOUR","NO2 1-hour 2010","2019-04-28","Parts per billion","None",24,100.0,8.070833,25.4,23,24,"200","Teledyne-API Model 200EUP or T200UP - Photolytic-Chemiluminescence","North Birmingham","NO. B'HAM,SOU R.R., 3009 28TH ST. NO.","Alabama","Jefferson","Birmingham","Birmingham-Hoover, AL","2024-05-22"
"01","073","0023","42602",1,33.553056,-86.815,"WGS84","Nitrogen dioxide (NO2)","1 HOUR","NO2 1-hour 2010","2019-04-29","Parts per billion","None",23,96.0,12.621739,25.8,0,24,"200","Teledyne-API Model 200EUP or T200UP - Photolytic-Chemiluminescence","North Birmingham","NO. B'HAM,SOU R.R., 3009 28TH ST. NO.","Alabama","Jefferson","Birmingham","Birmingham-Hoover, AL","2024-05-22"
"01","073","0023","42602",1,33.553056,-86.815,"WGS84","Nitrogen dioxide (NO2)","1 HOUR","NO2 1-hour 2010","2019-04-30","Parts per billion","None",21,88.0,10.17619,30,6,28,"200","Teledyne-API Model 200EUP or T200UP - Photolytic-Chemiluminescence","North Birmingham","NO. B'HAM,SOU R.R., 3009 28TH ST. NO.","Alabama","Jefferson","Birmingham","Birmingham-Hoover, AL","2024-05-22"
"01","073","0023","42602",1,33.553056,-86.815,"WGS84","Nitrogen dioxide (NO2)","1 HOUR","NO2 1-hour 2010","2019-05-01","Parts per billion","None",17,71.0,9.023529,15.4,6,14,"200","Teledyne-API Model 200EUP or T200UP - Photolytic-Chemiluminescence","North Birmingham","NO. B'HAM,SOU R.R., 3009 28TH ST. NO.","Alabama","Jefferson","Birmingham","Birmingham-Hoover, AL","2024-05-22"
"01","073","0023","42602",1,33.553056,-86.815,"WGS84","Nitrogen dioxide (NO2)","1 HOUR","NO2 1-hour 2010","2019-05-02","Parts per billion","None",20,83.0,6.915,19.4,5,18,"200","Teledyne-API Model 200EUP or T200UP - Photolytic-Chemiluminescence","North Birmingham","NO. B'HAM,SOU R.R., 3009 28TH ST. NO.","Alabama","Jefferson","Birmingham","Birmingham-Hoover, AL","2024-05-22"
"01","073","0023","42602",1,33.553056,-86.815,"WGS84","Nitrogen dioxide (NO2)","1 HOUR","NO2 1-hour 2010","2019-05-03","Parts per billion","None",11,46.0,9.3,21,5,20,"200","Teledyne-API Model 200EUP or T200UP - Photolytic-Chemiluminescence","North Birmingham","NO. B'HAM,SOU R.R., 3009 28TH ST. NO.","Alabama","Jefferson","Birmingham","Birmingham-Hoover, AL","2024-05-22"
"01","073","0023","42602",1,33.553056,-86.815,"WGS84","Nitrogen dioxide (NO2)","1 HOUR","NO2 1-hour 2010","2019-05-05","Parts per billion","None",23,96.0,3.543478,10.8,21,9,"200","Teledyne-API Model 200EUP or T200UP - Photolytic-Chemiluminescence","North Birmingham","NO. B'HAM,SOU R.R., 3009 28TH ST. NO.","Alabama","Jefferson","Birmingham","Birmingham-Hoover, AL","2024-05-22"
"01","073","0023","42602",1,33.553056,-86.815,"WGS84","Nitrogen dioxide (NO2)","1 HOUR","NO2 1-hour 2010","2019-05-06","Parts per billion","None",24,100.0,10.758333,34.1,20,32,"200","Teledyne-API Model 200EUP or T200UP - Photolytic-Chemiluminescence","North Birmingham","NO. B'HAM,SOU R.R., 3009 28TH ST. NO.","Alabama","Jefferson","Birmingham","Birmingham-Hoover, AL","2024-05-22"
"01","073","0023","42602",1,33.553056,-86.815,"WGS84","Nitrogen dioxide (NO2)","1 HOUR","NO2 1-hour 2010","2019-05-07","Parts per billion","None",20,83.0,16,37.3,20,35,"200","Teledyne-API Model 200EUP or T200UP - Photolytic-Chemiluminescence","North Birmingham","NO. B'HAM,SOU R.R., 3009 28TH ST. NO.","Alabama","Jefferson","Birmingham","Birmingham-Hoover, AL","2024-05-22"
"01","073","0023","42602",1,33.553056,-86.815,"WGS84","Nitrogen dioxide (NO2)","1 HOUR","NO2 1-hour 2010","2019-05-08","Parts per billion","None",21,88.0,9.67619,26.4,3,25,"200","Teledyne-API Model 200EUP or T200UP - Photolytic-Chemiluminescence","North Birmingham","NO. B'HAM,SOU R.R., 3009 28TH ST. NO.","Alabama","Jefferson","Birmingham","Birmingham-Hoover, AL","2024-05-22"
"01","073","0023","42602",1,33.553056,-86.815,"WGS84","Nitrogen dioxide (NO2)","1 HOUR","NO2 1-hour 2010","2019-05-09","Parts per billion","None",21,88.0,10.252381,24.3,16,23,"200","Teledyne-API Model 200EUP or T200UP - Photolytic-Chemiluminescence","North Birmingham","NO. B'HAM,SOU R.R., 3009 28TH ST. NO.","Alabama","Jefferson","Birmingham","Birmingham-Hoover, AL","2024-05-22"
"01","073","0023","42602",1,33.553056,-86.815,"WGS84","Nitrogen dioxide (NO2)","1 HOUR","NO2 1-hour 2010","2019-05-10","Parts per billion","None",22,92.0,10.604545,21.2,23,20,"200","Teledyne-API Model 200EUP or T200UP - Photolytic-Chemiluminescence","North Birmingham","NO. B'HAM,SOU R.R., 3009 28TH ST. NO.","Alabama","Jefferson","Birmingham","Birmingham-Hoover, AL","2024-05-22"
"01","073","0023","42602",1,33.553056,-86.815,"WGS84","Nitrogen dioxide (NO2)","1 HOUR","NO2 1-hour 2010","2019-05-11","Parts per billion","None",24,100.0,6.775,20.6,0,19,"200","Teledyne-API Model 200EUP or T200UP - Photolytic-Chemiluminescence","North Birmingham","NO. B'HAM,SOU R.R., 3009 28TH ST. NO.","Alabama","Jefferson","Birmingham","Birmingham-Hoover, AL","2024-05-22"
"01","073","0023","42602",1,33.553056,-86.815,"WGS84","Nitrogen dioxide (NO2)","1 HOUR","NO2 1-hour 2010","2019-05-12","Parts per billion","None",24,100.0,3.833333,10.3,7,9,"200","Teledyne-API Model 200EUP or T200UP - Photolytic-Chemiluminescence","North Birmingham","NO. B'HAM,SOU R.R., 3009 28TH ST. NO.","Alabama","Jefferson","Birmingham","Birmingham-Hoover, AL","2024-05-22"
"01","073","0023","42602",1,33.553056,-86.815,"WGS84","Nitrogen dioxide (NO2)","1 HOUR","NO2 1-hour 2010","2019-05-13","Parts per billion","None",23,96.0,5.369565,15.2,22,14,"200","Teledyne-API Model 200EUP or T200UP - Photolytic-Chemiluminescence","North Birmingham","NO. B'HAM,SOU R.R., 3009 28TH ST. NO.","Alabama","Jefferson","Birmingham","Birmingham-Hoover, AL","2024-05-22"
"01","073","0023","42602",1,33.553056,-86.815,"WGS84","Nitrogen dioxide (NO2)","1 HOUR","NO2 1-hour 2010","2019-05-14","Parts per billion","None",21,88.0,11.404762,34,22,32,"200","Teledyne-API Model 200EUP or T200UP - Photolytic-Chemiluminescence","North Birmingham","NO. B'HAM,SOU R.R., 3009 28TH ST. NO.","Alabama","Jefferson","Birmingham","Birmingham-Hoover, AL","2024-05-22"
"01","073","0023","42602",1,33.553056,-86.815,"WGS84","Nitrogen dioxide (NO2)","1 HOUR","NO2 1-hour 2010","2019-05-15","Parts per billion","None",21,88.0,11.542857,25.7,6,24,"200","Teledyne-API Model 200EUP or T200UP - Photolytic-Chemiluminescence","North Birmingham","NO. B'HAM,SOU R.R., 3009 28TH ST. NO.","Alabama","Jefferson","Birmingham","Birmingham-Hoover, AL","2024-05-22"
"01","073","0023","42602",1,33.553056,-86.815,"WGS84","Nitrogen dioxide (NO2)","1 HOUR","NO2 1-hour 2010","2019-05-16","Parts per billion","None",24,100.0,12,29.3,21,27,"200","Teledyne-API Model 200EUP or T200UP - Photolytic-Chemiluminescence","North Birmingham","NO. B'HAM,SOU R.R., 3009 28TH ST. NO.","Alabama","Jefferson","Birmingham","Birmingham-Hoover, AL","2024-05-22"
"01","073","0023","42602",1,33.553056,-86.815,"WGS84","Nitrogen dioxide (NO2)","1 HOUR","NO2 1-hour 2010","2019-05-17","Parts per billion","None",24,100.0,13.079167,29.3,23,27,"200","Teledyne-API Model 200EUP or T200UP - Photolytic-Chemiluminescence","North Birmingham","NO. B'HAM,SOU R.R., 3009 28TH ST. NO.","Alabama","Jefferson","Birmingham","Birmingham-Hoover, AL","2024-05-22"
"01","073","0023","42602",1,33.553056,-86.815,"WGS84","Nitrogen dioxide (NO2)","1 HOUR","NO2 1-hour 2010","2019-05-18","Parts per billion","None",24,100.0,8.925,31.4,0,29,"200","Teledyne-API Model 200EUP or T200UP - Photolytic-Chemiluminescence","North Birmingham","NO. B'HAM,SOU R.R., 3009 28TH ST. NO.","Alabama","Jefferson","Birmingham","Birmingham-Hoover, AL","2024-05-22"
"01","073","0023","42602",1,33.553056,-86.815,"WGS84","Nitrogen dioxide (NO2)","1 HOUR","NO2 1-hour 2010","2019-05-19","Parts per billion","None",24,100.0,4.0625,8.3,3,8,"200","Teledyne-API Model 200EUP or T200UP - Photolytic-Chemiluminescence","North Birmingham","NO. B'HAM,SOU R.R., 3009 28TH ST. NO.","Alabama","Jefferson","Birmingham","Birmingham-Hoover, AL","2024-05-22"
"01","073","0023","42602",1,33.553056,-86.815,"WGS84","Nitrogen dioxide (NO2)","1 HOUR","NO2 1-hour 2010","2019-05-20","Parts per billion","None",23,96.0,9.586957,29.5,21,27,"200","Teledyne-API Model 200EUP or T200UP - Photolytic-Chemiluminescence","North Birmingham","NO. B'HAM,SOU R.R., 3009 28TH ST. NO.","Alabama","Jefferson","Birmingham","Birmingham-Hoover, AL","2024-05-22"
"01","073","0023","42602",1,33.553056,-86.815,"WGS84","Nitrogen dioxide (NO2)","1 HOUR","NO2 1-hour 2010","2019-05-21","Parts per billion","None",21,88.0,7.852381,25,3,24,"200","Teledyne-API Model 200EUP or T200UP - Photolytic-Chemiluminescence","North Birmingham","NO. B'HAM,SOU R.R., 3009 28TH ST. NO.","Alabama","Jefferson","Birmingham","Birmingham-Hoover, AL","2024-05-22"
"01","073","0023","42602",1,33.553056,-86.815,"WGS84","Nitrogen dioxide (NO2)","1 HOUR","NO2 1-hour 2010","2019-05-22","Parts per billion","None",3,13.0,9.5,13.1,5,12,"200","Teledyne-API Model 200EUP or T200UP - Photolytic-Chemiluminescence","North Birmingham","NO. B'HAM,SOU R.R., 3009 28TH ST. NO.","Alabama","Jefferson","Birmingham","Birmingham-Hoover, AL","2024-05-22"
"01","073","0023","42602",1,33.553056,-86.815,"WGS84","Nitrogen dioxide (NO2)","1 HOUR","NO2 1-hour 2010","2019-05-23","Parts per billion","None",12,50.0,17.283333,38.1,22,36,"200","Teledyne-API Model 200EUP or T200UP - Photolytic-Chemiluminescence","North Birmingham","NO. B'HAM,SOU R.R., 3009 28TH ST. NO.","Alabama","Jefferson","Birmingham","Birmingham-Hoover, AL","2024-05-22"
"01","073","0023","42602",1,33.553056,-86.815,"WGS84","Nitrogen dioxide (NO2)","1 HOUR","NO2 1-hour 2010","2019-05-24","Parts per billion","None",24,100.0,12.658333,30.4,23,28,"200","Teledyne-API Model 200EUP or T200UP - Photolytic-Chemiluminescence","North Birmingham","NO. B'HAM,SOU R.R., 3009 28TH ST. NO.","Alabama","Jefferson","Birmingham","Birmingham-Hoover, AL","2024-05-22"
"01","073","0023","42602",1,33.553056,-86.815,"WGS84","Nitrogen dioxide (NO2)","1 HOUR","NO2 1-hour 2010","2019-05-25","Parts per billion","None",24,100.0,12.070833,29.1,23,27,"200","Teledyne-API Model 200EUP or T200UP - Photolytic-Chemiluminescence","North Birmingham","NO. B'HAM,SOU R.R., 3009 28TH ST. NO.","Alabama","Jefferson","Birmingham","Birmingham-Hoover, AL","2024-05-22"
"01","073","0023","42602",1,33.553056,-86.815,"WGS84","Nitrogen dioxide (NO2)","1 HOUR","NO2 1-hour 2010","2019-05-26","Parts per billion","None",24,100.0,9.766667,26.2,6,25,"200","Teledyne-API Model 200EUP or T200UP - Photolytic-Chemiluminescence","North Birmingham","NO. B'HAM,SOU R.R., 3009 28TH ST. NO.","Alabama","Jefferson","Birmingham","Birmingham-Hoover, AL","2024-05-22"
"01","073","0023","42602",1,33.553056,-86.815,"WGS84","Nitrogen dioxide (NO2)","1 HOUR","NO2 1-hour 2010","2019-05-27","Parts per billion","None",24,100.0,9.258333,23.5,6,22,"200","Teledyne-API Model 200EUP or T200UP - Photolytic-Chemiluminescence","North Birmingham","NO. B'HAM,SOU R.R., 3009 28TH ST. NO.","Alabama","Jefferson","Birmingham","Birmingham-Hoover, AL","2024-05-22"
"01","073","0023","42602",1,33.553056,-86.815,"WGS84","Nitrogen dioxide (NO2)","1 HOUR","NO2 1-hour 2010","2019-05-28","Parts per billion","None",21,88.0,8.42381,20.8,21,19,"200","Teledyne-API Model 200EUP or T200UP - Photolytic-Chemiluminescence","North Birmingham","NO. B'HAM,SOU R.R., 3009 28TH ST. NO.","Alabama","Jefferson","Birmingham","Birmingham-Hoover, AL","2024-05-22"
"01","073","0023","42602",1,33.553056,-86.815,"WGS84","Nitrogen dioxide (NO2)","1 HOUR","NO2 1-hour 2010","2019-05-29","Parts per billion","None",21,88.0,10.8,31.5,22,29,"200","Teledyne-API Model 200EUP or T200UP - Photolytic-Chemiluminescence","North Birmingham","NO. B'HAM,SOU R.R., 3009 28TH ST. NO.","Alabama","Jefferson","Birmingham","Birmingham-Hoover, AL","2024-05-22"
"01","073","0023","42602",1,33.553056,-86.815,"WGS84","Nitrogen dioxide (NO2)","1 HOUR","NO2 1-hour 2010","2019-05-30","Parts per billion","None",21,88.0,7.314286,32,0,30,"200","Teledyne-API Model 200EUP or T200UP - Photolytic-Chemiluminescence","North Birmingham","NO. B'HAM,SOU R.R., 3009 28TH ST. NO.","Alabama","Jefferson","Birmingham","Birmingham-Hoover, AL","2024-05-22"
"01","073","0023","42602",1,33.553056,-86.815,"WGS84","Nitrogen dioxide (NO2)","1 HOUR","NO2 1-hour 2010","2019-05-31","Parts per billion","None",23,96.0,8.3,36.7,23,34,"200","Teledyne-API Model 200EUP or T200UP - Photolytic-Chemiluminescence","North Birmingham","NO. B'HAM,SOU R.R., 3009 28TH ST. NO.","Alabama","Jefferson","Birmingham","Birmingham-Hoover, AL","2024-05-22"
"01","073","0023","42602",1,33.553056,-86.815,"WGS84","Nitrogen dioxide (NO2)","1 HOUR","NO2 1-hour 2010","2019-06-01","Parts per billion","None",4,17.0,31.35,35.6,0,33,"200","Teledyne-API Model 200EUP or T200UP - Photolytic-Chemiluminescence","North Birmingham","NO. B'HAM,SOU R.R., 3009 28TH ST. NO.","Alabama","Jefferson","Birmingham","Birmingham-Hoover, AL","2024-05-22"
"01","073","0023","42602",1,33.553056,-86.815,"WGS84","Nitrogen dioxide (NO2)","1 HOUR","NO2 1-hour 2010","2019-06-03","Parts per billion","None",16,67.0,4.8,16.8,22,15,"200","Teledyne-API Model 200EUP or T200UP - Photolytic-Chemiluminescence","North Birmingham","NO. B'HAM,SOU R.R., 3009 28TH ST. NO.","Alabama","Jefferson","Birmingham","Birmingham-Hoover, AL","2024-05-22"
"01","073","0023","42602",1,33.553056,-86.815,"WGS84","Nitrogen dioxide (NO2)","1 HOUR","NO2 1-hour 2010","2019-06-04","Parts per billion","None",21,88.0,8.1,19.2,3,18,"200","Teledyne-API Model 200EUP or T200UP - Photolytic-Chemiluminescence","North Birmingham","NO. B'HAM,SOU R.R., 3009 28TH ST. NO.","Alabama","Jefferson","Birmingham","Birmingham-Hoover, AL","2024-05-22"
"01","073","0023","42602",1,33.553056,-86.815,"WGS84","Nitrogen dioxide (NO2)","1 HOUR","NO2 1-hour 2010","2019-06-05","Parts per billion","None",21,88.0,9.433333,23.6,6,22,"200","Teledyne-API Model 200EUP or T200UP - Photolytic-Chemiluminescence","North Birmingham","NO. B'HAM,SOU R.R., 3009 28TH ST. NO.","Alabama","Jefferson","Birmingham","Birmingham-Hoover, AL","2024-05-22"
"01","073","0023","42602",1,33.553056,-86.815,"WGS84","Nitrogen dioxide (NO2)","1 HOUR","NO2 1-hour 2010","2019-06-06","Parts per billion","None",22,92.0,6.395455,18.7,4,17,"200","Teledyne-API Model 200EUP or T200UP - Photolytic-Chemiluminescence","North Birmingham","NO. B'HAM,SOU R.R., 3009 28TH ST. NO.","Alabama","Jefferson","Birmingham","Birmingham-Hoover, AL","2024-05-22"
"01","073","0023","42602",1,33.553056,-86.815,"WGS84","Nitrogen dioxide (NO2)","1 HOUR","NO2 1-hour 2010","2019-06-07","Parts per billion","None",24,100.0,6.395833,10.9,22,9,"200","Teledyne-API Model 200EUP or T200UP - Photolytic-Chemiluminescence","North Birmingham","NO. B'HAM,SOU R.R., 3009 28TH ST. NO.","Alabama","Jefferson","Birmingham","Birmingham-Hoover, AL","2024-05-22"
"01","073","0023","42602",1,33.553056,-86.815,"WGS84","Nitrogen dioxide (NO2)","1 HOUR","NO2 1-hour 2010","2019-06-08","Parts per billion","None",24,100.0,6.7875,23,20,22,"200","Teledyne-API Model 200EUP or T200UP - Photolytic-Chemiluminescence","North Birmingham","NO. B'HAM,SOU R.R., 3009 28TH ST. NO.","Alabama","Jefferson","Birmingham","Birmingham-Hoover, AL","2024-05-22"
"01","073","0023","42602",1,33.553056,-86.815,"WGS84","Nitrogen dioxide (NO2)","1 HOUR","NO2 1-hour 2010","2019-06-09","Parts per billion","None",24,100.0,5.408333,17.7,1,16,"200","Teledyne-API Model 200EUP or T200UP - Photolytic-Chemiluminescence","North Birmingham","NO. B'HAM,SOU R.R., 3009 28TH ST. NO.","Alabama","Jefferson","Birmingham","Birmingham-Hoover, AL","2024-05-22"
"01","073","0023","42602",1,33.553056,-86.815,"WGS84","Nitrogen dioxide (NO2)","1 HOUR","NO2 1-hour 2010","2019-06-10","Parts per billion","None",18,75.0,3.872222,7.3,2,7,"200","Teledyne-API Model 200EUP or T200UP - Photolytic-Chemiluminescence","North Birmingham","NO. B'HAM,SOU R.R., 3009 28TH ST. NO.","Alabama","Jefferson","Birmingham","Birmingham-Hoover, AL","2024-05-22"
"01","073","0023","42602",1,33.553056,-86.815,"WGS84","Nitrogen dioxide (NO2)","1 HOUR","NO2 1-hour 2010","2019-06-11","Parts per billion","None",21,88.0,4.538095,16.5,21,15,"200","Teledyne-API Model 200EUP or T200UP - Photolytic-Chemiluminescence","North Birmingham","NO. B'HAM,SOU R.R., 3009 28TH ST. NO.","Alabama","Jefferson","Birmingham","Birmingham-Hoover, AL","2024-05-22"
"01","073","0023","42602",1,33.553056,-86.815,"WGS84","Nitrogen dioxide (NO2)","1 HOUR","NO2 1-hour 2010","2019-06-12","Parts per billion","None",21,88.0,10.038095,24.1,20,23,"200","Teledyne-API Model 200EUP or T200UP - Photolytic-Chemiluminescence","North Birmingham","NO. B'HAM,SOU R.R., 3009 28TH ST. NO.","Alabama","Jefferson","Birmingham","Birmingham-Hoover, AL","2024-05-22"
"01","073","0023","42602",1,33.553056,-86.815,"WGS84","Nitrogen dioxide (NO2)","1 HOUR","NO2 1-hour 2010","2019-06-13","Parts per billion","None",23,96.0,12.121739,34.1,23,32,"200","Teledyne-API Model 200EUP or T200UP - Photolytic-Chemiluminescence","North Birmingham","NO. B'HAM,SOU R.R., 3009 28TH ST. NO.","Alabama","Jefferson","Birmingham","Birmingham-Hoover, AL","2024-05-22"
"01","073","0023","42602",1,33.553056,-86.815,"WGS84","Nitrogen dioxide (NO2)","1 HOUR","NO2 1-hour 2010","2019-06-14","Parts per billion","None",24,100.0,12.4375,29.7,0,27,"200","Teledyne-API Model 200EUP or T200UP - Photolytic-Chemiluminescence","North Birmingham","NO. B'HAM,SOU R.R., 3009 28TH ST. NO.","Alabama","Jefferson","Birmingham","Birmingham-Hoover, AL","2024-05-22"
"01","073","0023","42602",1,33.553056,-86.815,"WGS84","Nitrogen dioxide (NO2)","1 HOUR","NO2 1-hour 2010","2019-06-15","Parts per billion","None",24,100.0,5.3625,12.7,20,11,"200","Teledyne-API Model 200EUP or T200UP - Photolytic-Chemiluminescence","North Birmingham","NO. B'HAM,SOU R.R., 3009 28TH ST. NO.","Alabama","Jefferson","Birmingham","Birmingham-Hoover, AL","2024-05-22"
"01","073","0023","42602",1,33.553056,-86.815,"WGS84","Nitrogen dioxide (NO2)","1 HOUR","NO2 1-hour 2010","2019-06-16","Parts per billion","None",24,100.0,4.866667,13.1,21,12,"200","Teledyne-API Model 200EUP or T200UP - Photolytic-Chemiluminescence","North Birmingham","NO. B'HAM,SOU R.R., 3009 28TH ST. NO.","Alabama","Jefferson","Birmingham","Birmingham-Hoover, AL","2024-05-22"
"01","073","0023","42602",1,33.553056,-86.815,"WGS84","Nitrogen dioxide (NO2)","1 HOUR","NO2 1-hour 2010","2019-06-17","Parts per billion","None",20,83.0,8.3,20.6,6,19,"200","Teledyne-API Model 200EUP or T200UP - Photolytic-Chemiluminescence","North Birmingham","NO. B'HAM,SOU R.R., 3009 28TH ST. NO.","Alabama","Jefferson","Birmingham","Birmingham-Hoover, AL","2024-05-22"
"01","073","0023","42602",1,33.553056,-86.815,"WGS84","Nitrogen dioxide (NO2)","1 HOUR","NO2 1-hour 2010","2019-06-18","Parts per billion","None",21,88.0,9.852381,18.2,4,17,"200","Teledyne-API Model 200EUP or T200UP - Photolytic-Chemiluminescence","North Birmingham","NO. B'HAM,SOU R.R., 3009 28TH ST. NO.","Alabama","Jefferson","Birmingham","Birmingham-Hoover, AL","2024-05-22"
"01","073","0023","42602",1,33.553056,-86.815,"WGS84","Nitrogen dioxide (NO2)","1 HOUR","NO2 1-hour 2010","2019-06-19","Parts per billion","None",21,88.0,5.695238,17.9,5,16,"200","Teledyne-API Model 200EUP or T200UP - Photolytic-Chemiluminescence","North Birmingham","NO. B'HAM,SOU R.R., 3009 28TH ST. NO.","Alabama","Jefferson","Birmingham","Birmingham-Hoover, AL","2024-05-22"
"01","073","0023","42602",1,33.553056,-86.815,"WGS84","Nitrogen dioxide (NO2)","1 HOUR","NO2 1-hour 2010","2019-06-20","Parts per billion","None",24,100.0,8.208333,29.2,22,27,"200","Teledyne-API Model 200EUP or T200UP - Photolytic-Chemiluminescence","North Birmingham","NO. B'HAM,SOU R.R., 3009 28TH ST. NO.","Alabama","Jefferson","Birmingham","Birmingham-Hoover, AL","2024-05-22"
"01","073","0023","42602",1,33.553056,-86.815,"WGS84","Nitrogen dioxide (NO2)","1 HOUR","NO2 1-hour 2010","2019-06-21","Parts per billion","None",24,100.0,10.2625,22.9,6,21,"200","Teledyne-API Model 200EUP or T200UP - Photolytic-Chemiluminescence","North Birmingham","NO. B'HAM,SOU R.R., 3009 28TH ST. NO.","Alabama","Jefferson","Birmingham","Birmingham-Hoover, AL","2024-05-22"
"01","073","0023","42602",1,33.553056,-86.815,"WGS84","Nitrogen dioxide (NO2)","1 HOUR","NO2 1-hour 2010","2019-06-22","Parts per billion","None",23,96.0,5.569565,18.2,22,17,"200","Teledyne-API Model 200EUP or T200UP - Photolytic-Chemiluminescence","North Birmingham","NO. B'HAM,SOU R.R., 3009 28TH ST. NO.","Alabama","Jefferson","Birmingham","Birmingham-Hoover, AL","2024-05-22"
"01","073","0023","42602",1,33.553056,-86.815,"WGS84","Nitrogen dioxide (NO2)","1 HOUR","NO2 1-hour 2010","2019-06-23","Parts per billion","None",24,100.0,6.633333,14.2,2,13,"200","Teledyne-API Model 200EUP or T200UP - Photolytic-Chemiluminescence","North Birmingham","NO. B'HAM,SOU R.R., 3009 28TH ST. NO.","Alabama","Jefferson","Birmingham","Birmingham-Hoover, AL","2024-05-22"
"01","073","0023","42602",1,33.553056,-86.815,"WGS84","Nitrogen dioxide (NO2)","1 HOUR","NO2 1-hour 2010","2019-06-24","Parts per billion","None",24,100.0,6.995833,24.2,22,23,"200","Teledyne-API Model 200EUP or T200UP - Photolytic-Chemiluminescence","North Birmingham","NO. B'HAM,SOU R.R., 3009 28TH ST. NO.","Alabama","Jefferson","Birmingham","Birmingham-Hoover, AL","2024-05-22"
"01","073","0023","42602",1,33.553056,-86.815,"WGS84","Nitrogen dioxide (NO2)","1 HOUR","NO2 1-hour 2010","2019-06-25","Parts per billion","None",21,88.0,8.747619,24.4,3,23,"200","Teledyne-API Model 200EUP or T200UP - Photolytic-Chemiluminescence","North Birmingham","NO. B'HAM,SOU R.R., 3009 28TH ST. NO.","Alabama","Jefferson","Birmingham","Birmingham-Hoover, AL","2024-05-22"
"01","073","0023","42602",1,33.553056,-86.815,"WGS84","Nitrogen dioxide (NO2)","1 HOUR","NO2 1-hour 2010","2019-06-26","Parts per billion","None",21,88.0,9.77619,23.9,20,22,"200","Teledyne-API Model 200EUP or T200UP - Photolytic-Chemiluminescence","North Birmingham","NO. B'HAM,SOU R.R., 3009 28TH ST. NO.","Alabama","Jefferson","Birmingham","Birmingham-Hoover, AL","2024-05-22"
"01","073","0023","42602",1,33.553056,-86.815,"WGS84","Nitrogen dioxide (NO2)","1 HOUR","NO2 1-hour 2010","2019-06-27","Parts per billion","None",21,88.0,10.761905,21.3,3,20,"200","Teledyne-API Model 200EUP or T200UP - Photolytic-Chemiluminescence","North Birmingham","NO. B'HAM,SOU R.R., 3009 28TH ST. NO.","Alabama","Jefferson","Birmingham","Birmingham-Hoover, AL","2024-05-22"
"01","073","0023","42602",1,33.553056,-86.815,"WGS84","Nitrogen dioxide (NO2)","1 HOUR","NO2 1-hour 2010","2019-06-28","Parts per billion","None",24,100.0,11.2,27.9,21,25,"200","Teledyne-API Model 200EUP or T200UP - Photolytic-Chemiluminescence","North Birmingham","NO. B'HAM,SOU R.R., 3009 28TH ST. NO.","Alabama","Jefferson","Birmingham","Birmingham-Hoover, AL","2024-05-22"
"01","073","0023","42602",1,33.553056,-86.815,"WGS84","Nitrogen dioxide (NO2)","1 HOUR","NO2 1-hour 2010","2019-06-29","Parts per billion","None",24,100.0,10.179167,24.1,1,23,"200","Teledyne-API Model 200EUP or T200UP - Photolytic-Chemiluminescence","North Birmingham","NO. B'HAM,SOU R.R., 3009 28TH ST. NO.","Alabama","Jefferson","Birmingham","Birmingham-Hoover, AL","2024-05-22"
"01","073","0023","42602",1,33.553056,-86.815,"WGS84","Nitrogen dioxide (NO2)","1 HOUR","NO2 1-hour 2010","2019-06-30","Parts per billion","None",24,100.0,8.158333,20.9,22,19,"200","Teledyne-API Model 200EUP or T200UP - Photolytic-Chemiluminescence","North Birmingham","NO. B'HAM,SOU R.R., 3009 28TH ST. NO.","Alabama","Jefferson","Birmingham","Birmingham-Hoover, AL","2024-05-22"
"01","073","0023","42602",1,33.553056,-86.815,"WGS84","Nitrogen dioxide (NO2)","1 HOUR","NO2 1-hour 2010","2019-07-01","Parts per billion","None",21,88.0,8.738095,23.5,3,22,"200","Teledyne-API Model 200EUP or T200UP - Photolytic-Chemiluminescence","North Birmingham","NO. B'HAM,SOU R.R., 3009 28TH ST. NO.","Alabama","Jefferson","Birmingham","Birmingham-Hoover, AL","2024-05-22"
"01","073","0023","42602",1,33.553056,-86.815,"WGS84","Nitrogen dioxide (NO2)","1 HOUR","NO2 1-hour 2010","2019-07-02","Parts per billion","None",21,88.0,5.619048,16.7,23,15,"200","Teledyne-API Model 200EUP or T200UP - Photolytic-Chemiluminescence","North Birmingham","NO. B'HAM,SOU R.R., 3009 28TH ST. NO.","Alabama","Jefferson","Birmingham","Birmingham-Hoover, AL","2024-05-22"
"01","073","0023","42602",1,33.553056,-86.815,"WGS84","Nitrogen dioxide (NO2)","1 HOUR","NO2 1-hour 2010","2019-07-03","Parts per billion","None",21,88.0,11.533333,32.2,8,30,"200","Teledyne-API Model 200EUP or T200UP - Photolytic-Chemiluminescence","North Birmingham","NO. B'HAM,SOU R.R., 3009 28TH ST. NO.","Alabama","Jefferson","Birmingham","Birmingham-Hoover, AL","2024-05-22"
"01","073","0023","42602",1,33.553056,-86.815,"WGS84","Nitrogen dioxide (NO2)","1 HOUR","NO2 1-hour 2010","2019-07-04","Parts per billion","None",24,100.0,10.208333,24,21,23,"200","Teledyne-API Model 200EUP or T200UP - Photolytic-Chemiluminescence","North Birmingham","NO. B'HAM,SOU R.R., 3009 28TH ST. NO.","Alabama","Jefferson","Birmingham","Birmingham-Hoover, AL","2024-05-22"
"01","073","0023","42602",1,33.553056,-86.815,"WGS84","Nitrogen dioxide (NO2)","1 HOUR","NO2 1-hour 2010","2019-07-05","Parts per billion","None",24,100.0,7.604167,20.3,1,19,"200","Teledyne-API Model 200EUP or T200UP - Photolytic-Chemiluminescence","North Birmingham","NO. B'HAM,SOU R.R., 3009 28TH ST. NO.","Alabama","Jefferson","Birmingham","Birmingham-Hoover, AL","2024-05-22"
"01","073","0023","42602",1,33.553056,-86.815,"WGS84","Nitrogen dioxide (NO2)","1 HOUR","NO2 1-hour 2010","2019-07-06","Parts per billion","None",24,100.0,5.591667,17.1,0,16,"200","Teledyne-API Model 200EUP or T200UP - Photolytic-Chemiluminescence","North Birmingham","NO. B'HAM,SOU R.R., 3009 28TH ST. NO.","Alabama","Jefferson","Birmingham","Birmingham-Hoover, AL","2024-05-22"
"01","073","0023","42602",1,33.553056,-86.815,"WGS84","Nitrogen dioxide (NO2)","1 HOUR","NO2 1-hour 2010","2019-07-07","Parts per billion","None",24,100.0,3.954167,11.3,2,10,"200","Teledyne-API Model 200EUP or T200UP - Photolytic-Chemiluminescence","North Birmingham","NO. B'HAM,SOU R.R., 3009 28TH ST. NO.","Alabama","Jefferson","Birmingham","Birmingham-Hoover, AL","2024-05-22"
"01","073","0023","42602",1,33.553056,-86.815,"WGS84","Nitrogen dioxide (NO2)","1 HOUR","NO2 1-hour 2010","2019-07-08","Parts per billion","None",24,100.0,5.025,12.9,5,11,"200","Teledyne-API Model 200EUP or T200UP - Photolytic-Chemiluminescence","North Birmingham","NO. B'HAM,SOU R.R., 3009 28TH ST. NO.","Alabama","Jefferson","Birmingham","Birmingham-Hoover, AL","2024-05-22"
"01","073","0023","42602",1,33.553056,-86.815,"WGS84","Nitrogen dioxide (NO2)","1 HOUR","NO2 1-hour 2010","2019-07-09","Parts per billion","None",21,88.0,6.219048,13.8,6,12,"200","Teledyne-API Model 200EUP or T200UP - Photolytic-Chemiluminescence","North Birmingham","NO. B'HAM,SOU R.R., 3009 28TH ST. NO.","Alabama","Jefferson","Birmingham","Birmingham-Hoover, AL","2024-05-22"
"01","073","0023","42602",1,33.553056,-86.815,"WGS84","Nitrogen dioxide (NO2)","1 HOUR","NO2 1-hour 2010","2019-07-10","Parts per billion","None",19,79.0,6.652632,17.3,21,16,"200","Teledyne-API Model 200EUP or T200UP - Photolytic-Chemiluminescence","North Birmingham","NO. B'HAM,SOU R.R., 3009 28TH ST. NO.","Alabama","Jefferson","Birmingham","Birmingham-Hoover, AL","2024-05-22"
"01","073","0023","42602",1,33.553056,-86.815,"WGS84","Nitrogen dioxide (NO2)","1 HOUR","NO2 1-hour 2010","2019-07-11","Parts per billion","None",22,92.0,8.763636,20.5,4,19,"200","Teledyne-API Model 200EUP or T200UP - Photolytic-Chemiluminescence","North Birmingham","NO. B'HAM,SOU R.R., 3009 28TH ST. NO.","Alabama","Jefferson","Birmingham","Birmingham-Hoover, AL","2024-05-22"
"01","073","0023","42602",1,33.553056,-86.815,"WGS84","Nitrogen dioxide (NO2)","1 HOUR","NO2 1-hour 2010","2019-07-12","Parts per billion","None",24,100.0,6.179167,17.8,0,16,"200","Teledyne-API Model 200EUP or T200UP - Photolytic-Chemiluminescence","North Birmingham","NO. B'HAM,SOU R.R., 3009 28TH ST. NO.","Alabama","Jefferson","Birmingham","Birmingham-Hoover, AL","2024-05-22"
"01","073","0023","42602",1,33.553056,-86.815,"WGS84","Nitrogen dioxide (NO2)","1 HOUR","NO2 1-hour 2010","2019-07-13","Parts per billion","None",24,100.0,5.2,15.2,22,14,"200","Teledyne-API Model 200EUP or T200UP - Photolytic-Chemiluminescence","North Birmingham","NO. B'HAM,SOU R.R., 3009 28TH ST. NO.","Alabama","Jefferson","Birmingham","Birmingham-Hoover, AL","2024-05-22"
"01","073","0023","42602",1,33.553056,-86.815,"WGS84","Nitrogen dioxide (NO2)","1 HOUR","NO2 1-hour 2010","2019-07-14","Parts per billion","None",24,100.0,7.025,13.8,4,12,"200","Teledyne-API Model 200EUP or T200UP - Photolytic-Chemiluminescence","North Birmingham","NO. B'HAM,SOU R.R., 3009 28TH ST. NO.","Alabama","Jefferson","Birmingham","Birmingham-Hoover, AL","2024-05-22"
"01","073","0023","42602",1,33.553056,-86.815,"WGS84","Nitrogen dioxide (NO2)","1 HOUR","NO2 1-hour 2010","2019-07-15","Parts per billion","None",24,100.0,8.170833,15.5,5,14,"200","Teledyne-API Model 200EUP or T200UP - Photolytic-Chemiluminescence","North Birmingham","NO. B'HAM,SOU R.R., 3009 28TH ST. NO.","Alabama","Jefferson","Birmingham","Birmingham-Hoover, AL","2024-05-22"
"01","073","0023","42602",1,33.553056,-86.815,"WGS84","Nitrogen dioxide (NO2)","1 HOUR","NO2 1-hour 2010","2019-07-16","Parts per billion","None",21,88.0,6.72381,21.9,23,20,"200","Teledyne-API Model 200EUP or T200UP - Photolytic-Chemiluminescence","North Birmingham","NO. B'HAM,SOU R.R., 3009 28TH ST. NO.","Alabama","Jefferson","Birmingham","Birmingham-Hoover, AL","2024-05-22"
"01","073","0023","42602",1,33.553056,-86.815,"WGS84","Nitrogen dioxide (NO2)","1 HOUR","NO2 1-hour 2010","2019-07-17","Parts per billion","None",21,88.0,6.628571,17.4,23,16,"200","Teledyne-API Model 200EUP or T200UP - Photolytic-Chemiluminescence","North Birmingham","NO. B'HAM,SOU R.R., 3009 28TH ST. NO.","Alabama","Jefferson","Birmingham","Birmingham-Hoover, AL","2024-05-22"
"01","073","0023","42602",1,33.553056,-86.815,"WGS84","Nitrogen dioxide (NO2)","1 HOUR","NO2 1-hour 2010","2019-07-18","Parts per billion","None",24,100.0,9.2625,20.1,23,19,"200","Teledyne-API Model 200EUP or T200UP - Photolytic-Chemiluminescence","North Birmingham","NO. B'HAM,SOU R.R., 3009 28TH ST. NO.","Alabama","Jefferson","Birmingham","Birmingham-Hoover, AL","2024-05-22"
"01","073","0023","42602",1,33.553056,-86.815,"WGS84","Nitrogen dioxide (NO2)","1 HOUR","NO2 1-hour 2010","2019-07-19","Parts per billion","None",24,100.0,9.854167,20.1,0,19,"200","Teledyne-API Model 200EUP or T200UP - Photolytic-Chemiluminescence","North Birmingham","NO. B'HAM,SOU R.R., 3009 28TH ST. NO.","Alabama","Jefferson","Birmingham","Birmingham-Hoover, AL","2024-05-22"
"01","073","0023","42602",1,33.553056,-86.815,"WGS84","Nitrogen dioxide (NO2)","1 HOUR","NO2 1-hour 2010","2019-07-20","Parts per billion","None",24,100.0,6.583333,15.7,22,14,"200","Teledyne-API Model 200EUP or T200UP - Photolytic-Chemiluminescence","North Birmingham","NO. B'HAM,SOU R.R., 3009 28TH ST. NO.","Alabama","Jefferson","Birmingham","Birmingham-Hoover, AL","2024-05-22"
"01","073","0023","42602",1,33.553056,-86.815,"WGS84","Nitrogen dioxide (NO2)","1 HOUR","NO2 1-hour 2010","2019-07-21","Parts per billion","None",24,100.0,5.675,14.2,0,13,"200","Teledyne-API Model 200EUP or T200UP - Photolytic-Chemiluminescence","North Birmingham","NO. B'HAM,SOU R.R., 3009 28TH ST. NO.","Alabama","Jefferson","Birmingham","Birmingham-Hoover, AL","2024-05-22"
"01","073","0023","42602",1,33.553056,-86.815,"WGS84","Nitrogen dioxide (NO2)","1 HOUR","NO2 1-hour 2010","2019-07-22","Parts per billion","None",24,100.0,6.629167,18.8,21,17,"200","Teledyne-API Model 200EUP or T200UP - Photolytic-Chemiluminescence","North Birmingham","NO. B'HAM,SOU R.R., 3009 28TH ST. NO.","Alabama","Jefferson","Birmingham","Birmingham-Hoover, AL","2024-05-22"
"01","073","0023","42602",1,33.553056,-86.815,"WGS84","Nitrogen dioxide (NO2)","1 HOUR","NO2 1-hour 2010","2019-07-23","Parts per billion","None",21,88.0,3.571429,6.6,5,6,"200","Teledyne-API Model 200EUP or T200UP - Photolytic-Chemiluminescence","North Birmingham","NO. B'HAM,SOU R.R., 3009 28TH ST. NO.","Alabama","Jefferson","Birmingham","Birmingham-Hoover, AL","2024-05-22"
"01","073","0023","42602",1,33.553056,-86.815,"WGS84","Nitrogen dioxide (NO2)","1 HOUR","NO2 1-hour 2010","2019-07-24","Parts per billion","None",21,88.0,3.880952,14.8,5,13,"200","Teledyne-API Model 200EUP or T200UP - Photolytic-Chemiluminescence","North Birmingham","NO. B'HAM,SOU R.R., 3009 28TH ST. NO.","Alabama","Jefferson","Birmingham","Birmingham-Hoover, AL","2024-05-22"
"01","073","0023","42602",1,33.553056,-86.815,"WGS84","Nitrogen dioxide (NO2)","1 HOUR","NO2 1-hour 2010","2019-07-25","Parts per billion","None",21,88.0,8.07619,23.2,23,22,"200","Teledyne-API Model 200EUP or T200UP - Photolytic-Chemiluminescence","North Birmingham","NO. B'HAM,SOU R.R., 3009 28TH ST. NO.","Alabama","Jefferson","Birmingham","Birmingham-Hoover, AL","2024-05-22"
"01","073","0023","42602",1,33.553056,-86.815,"WGS84","Nitrogen dioxide (NO2)","1 HOUR","NO2 1-hour 2010","2019-07-26","Parts per billion","None",24,100.0,12.116667,25.4,6,24,"200","Teledyne-API Model 200EUP or T200UP - Photolytic-Chemiluminescence","North Birmingham","NO. B'HAM,SOU R.R., 3009 28TH ST. NO.","Alabama","Jefferson","Birmingham","Birmingham-Hoover, AL","2024-05-22"
"01","073","0023","42602",1,33.553056,-86.815,"WGS84","Nitrogen dioxide (NO2)","1 HOUR","NO2 1-hour 2010","2019-07-27","Parts per billion","None",24,100.0,10.025,29.5,0,27,"200","Teledyne-API Model 200EUP or T200UP - Photolytic-Chemiluminescence","North Birmingham","NO. B'HAM,SOU R.R., 3009 28TH ST. NO.","Alabama","Jefferson","Birmingham","Birmingham-Hoover, AL","2024-05-22"
"01","073","0023","42602",1,33.553056,-86.815,"WGS84","Nitrogen dioxide (NO2)","1 HOUR","NO2 1-hour 2010","2019-07-28","Parts per billion","None",24,100.0,11.145833,29.6,1,27,"200","Teledyne-API Model 200EUP or T200UP - Photolytic-Chemiluminescence","North Birmingham","NO. B'HAM,SOU R.R., 3009 28TH ST. NO.","Alabama","Jefferson","Birmingham","Birmingham-Hoover, AL","2024-05-22"
"01","073","0023","42602",1,33.553056,-86.815,"WGS84","Nitrogen dioxide (NO2)","1 HOUR","NO2 1-hour 2010","2019-07-29","Parts per billion","None",21,88.0,13.17619,29.4,23,27,"200","Teledyne-API Model 200EUP or T200UP - Photolytic-Chemiluminescence","North Birmingham","NO. B'HAM,SOU R.R., 3009 28TH ST. NO.","Alabama","Jefferson","Birmingham","Birmingham-Hoover, AL","2024-05-22"
"01","073","0023","42602",1,33.553056,-86.815,"WGS84","Nitrogen dioxide (NO2)","1 HOUR","NO2 1-hour 2010","2019-07-30","Parts per billion","None",21,88.0,13.957143,35.9,22,33,"200","Teledyne-API Model 200EUP or T200UP - Photolytic-Chemiluminescence","North Birmingham","NO. B'HAM,SOU R.R., 3009 28TH ST. NO.","Alabama","Jefferson","Birmingham","Birmingham-Hoover, AL","2024-05-22"
"01","073","0023","42602",1,33.553056,-86.815,"WGS84","Nitrogen dioxide (NO2)","1 HOUR","NO2 1-hour 2010","2019-07-31","Parts per billion","None",21,88.0,13.980952,29.3,19,27,"200","Teledyne-API Model 200EUP or T200UP - Photolytic-Chemiluminescence","North Birmingham","NO. B'HAM,SOU R.R., 3009 28TH ST. NO.","Alabama","Jefferson","Birmingham","Birmingham-Hoover, AL","2024-05-22"
"01","073","0023","42602",1,33.553056,-86.815,"WGS84","Nitrogen dioxide (NO2)","1 HOUR","NO2 1-hour 2010","2019-08-01","Parts per billion","None",24,100.0,17.320833,33.3,19,31,"200","Teledyne-API Model 200EUP or T200UP - Photolytic-Chemiluminescence","North Birmingham","NO. B'HAM,SOU R.R., 3009 28TH ST. NO.","Alabama","Jefferson","Birmingham","Birmingham-Hoover, AL","2024-05-22"
"01","073","0023","42602",1,33.553056,-86.815,"WGS84","Nitrogen dioxide (NO2)","1 HOUR","NO2 1-hour 2010","2019-08-02","Parts per billion","None",24,100.0,13.275,23.4,18,22,"200","Teledyne-API Model 200EUP or T200UP - Photolytic-Chemiluminescence","North Birmingham","NO. B'HAM,SOU R.R., 3009 28TH ST. NO.","Alabama","Jefferson","Birmingham","Birmingham-Hoover, AL","2024-05-22"
"01","073","0023","42602",1,33.553056,-86.815,"WGS84","Nitrogen dioxide (NO2)","1 HOUR","NO2 1-hour 2010","2019-08-03","Parts per billion","None",23,96.0,11.973913,23.4,22,22,"200","Teledyne-API Model 200EUP or T200UP - Photolytic-Chemiluminescence","North Birmingham","NO. B'HAM,SOU R.R., 3009 28TH ST. NO.","Alabama","Jefferson","Birmingham","Birmingham-Hoover, AL","2024-05-22"
"01","073","0023","42602",1,33.553056,-86.815,"WGS84","Nitrogen dioxide (NO2)","1 HOUR","NO2 1-hour 2010","2019-08-04","Parts per billion","None",24,100.0,8.0875,18.6,1,17,"200","Teledyne-API Model 200EUP or T200UP - Photolytic-Chemiluminescence","North Birmingham","NO. B'HAM,SOU R.R., 3009 28TH ST. NO.","Alabama","Jefferson","Birmingham","Birmingham-Hoover, AL","2024-05-22"
"01","073","0023","42602",1,33.553056,-86.815,"WGS84","Nitrogen dioxide (NO2)","1 HOUR","NO2 1-hour 2010","2019-08-05","Parts per billion","None",20,83.0,7.98,26.7,23,25,"200","Teledyne-API Model 200EUP or T200UP - Photolytic-Chemiluminescence","North Birmingham","NO. B'HAM,SOU R.R., 3009 28TH ST. NO.","Alabama","Jefferson","Birmingham","Birmingham-Hoover, AL","2024-05-22"
"01","073","0023","42602",1,33.553056,-86.815,"WGS84","Nitrogen dioxide (NO2)","1 HOUR","NO2 1-hour 2010","2019-08-06","Parts per billion","None",19,79.0,9.842105,26.5,23,25,"200","Teledyne-API Model 200EUP or T200UP - Photolytic-Chemiluminescence","North Birmingham","NO. B'HAM,SOU R.R., 3009 28TH ST. NO.","Alabama","Jefferson","Birmingham","Birmingham-Hoover, AL","2024-05-22"
"01","073","0023","42602",1,33.553056,-86.815,"WGS84","Nitrogen dioxide (NO2)","1 HOUR","NO2 1-hour 2010","2019-08-07","Parts per billion","None",11,46.0,9.290909,20.6,7,19,"200","Teledyne-API Model 200EUP or T200UP - Photolytic-Chemiluminescence","North Birmingham","NO. B'HAM,SOU R.R., 3009 28TH ST. NO.","Alabama","Jefferson","Birmingham","Birmingham-Hoover, AL","2024-05-22"
"01","073","0023","42602",1,33.553056,-86.815,"WGS84","Nitrogen dioxide (NO2)","1 HOUR","NO2 1-hour 2010","2019-08-08","Parts per billion","None",14,58.0,10.457143,29.8,20,27,"200","Teledyne-API Model 200EUP or T200UP - Photolytic-Chemiluminescence","North Birmingham","NO. B'HAM,SOU R.R., 3009 28TH ST. NO.","Alabama","Jefferson","Birmingham","Birmingham-Hoover, AL","2024-05-22"
"01","073","0023","42602",1,33.553056,-86.815,"WGS84","Nitrogen dioxide (NO2)","1 HOUR","NO2 1-hour 2010","2019-08-09","Parts per billion","None",19,79.0,5.910526,17.1,1,16,"200","Teledyne-API Model 200EUP or T200UP - Photolytic-Chemiluminescence","North Birmingham","NO. B'HAM,SOU R.R., 3009 28TH ST. NO.","Alabama","Jefferson","Birmingham","Birmingham-Hoover, AL","2024-05-22"
"01","073","0023","42602",1,33.553056,-86.815,"WGS84","Nitrogen dioxide (NO2)","1 HOUR","NO2 1-hour 2010","2019-08-10","Parts per billion","None",24,100.0,4.845833,12.7,3,11,"200","Teledyne-API Model 200EUP or T200UP - Photolytic-Chemiluminescence","North Birmingham","NO. B'HAM,SOU R.R., 3009 28TH ST. NO.","Alabama","Jefferson","Birmingham","Birmingham-Hoover, AL","2024-05-22"
"01","073","0023","42602",1,33.553056,-86.815,"WGS84","Nitrogen dioxide (NO2)","1 HOUR","NO2 1-hour 2010","2019-08-11","Parts per billion","None",24,100.0,4.220833,15.9,23,14,"200","Teledyne-API Model 200EUP or T200UP - Photolytic-Chemiluminescence","North Birmingham","NO. B'HAM,SOU R.R., 3009 28TH ST. NO.","Alabama","Jefferson","Birmingham","Birmingham-Hoover, AL","2024-05-22"
"01","073","0023","42602",1,33.553056,-86.815,"WGS84","Nitrogen dioxide (NO2)","1 HOUR","NO2 1-hour 2010","2019-08-12","Parts per billion","None",22,92.0,9.172727,21.5,23,20,"200","Teledyne-API Model 200EUP or T200UP - Photolytic-Chemiluminescence","North Birmingham","NO. B'HAM,SOU R.R., 3009 28TH ST. NO.","Alabama","Jefferson","Birmingham","Birmingham-Hoover, AL","2024-05-22"
"01","073","0023","42602",1,33.553056,-86.815,"WGS84","Nitrogen dioxide (NO2)","1 HOUR","NO2 1-hour 2010","2019-08-13","Parts per billion","None",18,75.0,7.033333,20.7,4,19,"200","Teledyne-API Model 200EUP or T200UP - Photolytic-Chemiluminescence","North Birmingham","NO. B'HAM,SOU R.R., 3009 28TH ST. NO.","Alabama","Jefferson","Birmingham","Birmingham-Hoover, AL","2024-05-22"
"01","073","0023","42602",1,33.553056,-86.815,"WGS84","Nitrogen dioxide (NO2)","1 HOUR","NO2 1-hour 2010","2019-08-14","Parts per billion","None",20,83.0,6.14,17.3,4,16,"200","Teledyne-API Model 200EUP or T200UP - Photolytic-Chemiluminescence","North Birmingham","NO. B'HAM,SOU R.R., 3009 28TH ST. NO.","Alabama","Jefferson","Birmingham","Birmingham-Hoover, AL","2024-05-22"
"01","073","0023","42602",1,33.553056,-86.815,"WGS84","Nitrogen dioxide (NO2)","1 HOUR","NO2 1-hour 2010","2019-08-15","Parts per billion","None",20,83.0,9.64,21.9,23,20,"200","Teledyne-API Model 200EUP or T200UP - Photolytic-Chemiluminescence","North Birmingham","NO. B'HAM,SOU R.R., 3009 28TH ST. NO.","Alabama","Jefferson","Birmingham","Birmingham-Hoover, AL","2024-05-22"
"01","073","0023","42602",1,33.553056,-86.815,"WGS84","Nitrogen dioxide (NO2)","1 HOUR","NO2 1-hour 2010","2019-08-16","Parts per billion","None",24,100.0,11.083333,30,23,28,"200","Teledyne-API Model 200EUP or T200UP - Photolytic-Chemiluminescence","North Birmingham","NO. B'HAM,SOU R.R., 3009 28TH ST. NO.","Alabama","Jefferson","Birmingham","Birmingham-Hoover, AL","2024-05-22"
"01","073","0023","42602",1,33.553056,-86.815,"WGS84","Nitrogen dioxide (NO2)","1 HOUR","NO2 1-hour 2010","2019-08-17","Parts per billion","None",24,100.0,14.341667,32.9,0,30,"200","Teledyne-API Model 200EUP or T200UP - Photolytic-Chemiluminescence","North Birmingham","NO. B'HAM,SOU R.R., 3009 28TH ST. NO.","Alabama","Jefferson","Birmingham","Birmingham-Hoover, AL","2024-05-22"
"01","073","0023","42602",1,33.553056,-86.815,"WGS84","Nitrogen dioxide (NO2)","1 HOUR","NO2 1-hour 2010","2019-08-18","Parts per billion","None",23,96.0,8.395652,33.3,0,31,"200","Teledyne-API Model 200EUP or T200UP - Photolytic-Chemiluminescence","North Birmingham","NO. B'HAM,SOU R.R., 3009 28TH ST. NO.","Alabama","Jefferson","Birmingham","Birmingham-Hoover, AL","2024-05-22"
"01","073","0023","42602",1,33.553056,-86.815,"WGS84","Nitrogen dioxide (NO2)","1 HOUR","NO2 1-hour 2010","2019-08-19","Parts per billion","None",21,88.0,9.028571,21.7,23,20,"200","Teledyne-API Model 200EUP or T200UP - Photolytic-Chemiluminescence","North Birmingham","NO. B'HAM,SOU R.R., 3009 28TH ST. NO.","Alabama","Jefferson","Birmingham","Birmingham-Hoover, AL","2024-05-22"
"01","073","0023","42602",1,33.553056,-86.815,"WGS84","Nitrogen dioxide (NO2)","1 HOUR","NO2 1-hour 2010","2019-08-20","Parts per billion","None",21,88.0,11.209524,24.4,6,23,"200","Teledyne-API Model 200EUP or T200UP - Photolytic-Chemiluminescence","North Birmingham","NO. B'HAM,SOU R.R., 3009 28TH ST. NO.","Alabama","Jefferson","Birmingham","Birmingham-Hoover, AL","2024-05-22"
"01","073","0023","42602",1,33.553056,-86.815,"WGS84","Nitrogen dioxide (NO2)","1 HOUR","NO2 1-hour 2010","2019-08-21","Parts per billion","None",15,63.0,10.293333,26.6,20,25,"200","Teledyne-API Model 200EUP or T200UP - Photolytic-Chemiluminescence","North Birmingham","NO. B'HAM,SOU R.R., 3009 28TH ST. NO.","Alabama","Jefferson","Birmingham","Birmingham-Hoover, AL","2024-05-22"
"01","073","0023","42602",1,33.553056,-86.815,"WGS84","Nitrogen dioxide (NO2)","1 HOUR","NO2 1-hour 2010","2019-08-22","Parts per billion","None",24,100.0,9.8125,17.8,21,16,"200","Teledyne-API Model 200EUP or T200UP - Photolytic-Chemiluminescence","North Birmingham","NO. B'HAM,SOU R.R., 3009 28TH ST. NO.","Alabama","Jefferson","Birmingham","Birmingham-Hoover, AL","2024-05-22"
"01","073","0023","42602",1,33.553056,-86.815,"WGS84","Nitrogen dioxide (NO2)","1 HOUR","NO2 1-hour 2010","2019-08-23","Parts per billion","None",24,100.0,11.779167,24.3,22,23,"200","Teledyne-API Model 200EUP or T200UP - Photolytic-Chemiluminescence","North Birmingham","NO. B'HAM,SOU R.R., 3009 28TH ST. NO.","Alabama","Jefferson","Birmingham","Birmingham-Hoover, AL","2024-05-22"
"01","073","0023","42602",1,33.553056,-86.815,"WGS84","Nitrogen dioxide (NO2)","1 HOUR","NO2 1-hour 2010","2019-08-24","Parts per billion","None",24,100.0,8.0625,19.1,0,18,"200","Teledyne-API Model 200EUP or T200UP - Photolytic-Chemiluminescence","North Birmingham","NO. B'HAM,SOU R.R., 3009 28TH ST. NO.","Alabama","Jefferson","Birmingham","Birmingham-Hoover, AL","2024-05-22"
"01","073","0023","42602",1,33.553056,-86.815,"WGS84","Nitrogen dioxide (NO2)","1 HOUR","NO2 1-hour 2010","2019-08-25","Parts per billion","None",24,100.0,4.541667,17,0,16,"200","Teledyne-API Model 200EUP or T200UP - Photolytic-Chemiluminescence","North Birmingham","NO. B'HAM,SOU R.R., 3009 28TH ST. NO.","Alabama","Jefferson","Birmingham","Birmingham-Hoover, AL","2024-05-22"
"01","073","0023","42602",1,33.553056,-86.815,"WGS84","Nitrogen dioxide (NO2)","1 HOUR","NO2 1-hour 2010","2019-08-26","Parts per billion","None",24,100.0,7.716667,11.7,17,10,"200","Teledyne-API Model 200EUP or T200UP - Photolytic-Chemiluminescence","North Birmingham","NO. B'HAM,SOU R.R., 3009 28TH ST. NO.","Alabama","Jefferson","Birmingham","Birmingham-Hoover, AL","2024-05-22"
"01","073","0023","42602",1,33.553056,-86.815,"WGS84","Nitrogen dioxide (NO2)","1 HOUR","NO2 1-hour 2010","2019-08-27","Parts per billion","None",19,79.0,10.405263,24.8,19,23,"200","Teledyne-API Model 200EUP or T200UP - Photolytic-Chemiluminescence","North Birmingham","NO. B'HAM,SOU R.R., 3009 28TH ST. NO.","Alabama","Jefferson","Birmingham","Birmingham-Hoover, AL","2024-05-22"
"01","073","0023","42602",1,33.553056,-86.815,"WGS84","Nitrogen dioxide (NO2)","1 HOUR","NO2 1-hour 2010","2019-08-28","Parts per billion","None",21,88.0,7.261905,23.8,22,22,"200","Teledyne-API Model 200EUP or T200UP - Photolytic-Chemiluminescence","North Birmingham","NO. B'HAM,SOU R.R., 3009 28TH ST. NO.","Alabama","Jefferson","Birmingham","Birmingham-Hoover, AL","2024-05-22"
"01","073","0023","42602",1,33.553056,-86.815,"WGS84","Nitrogen dioxide (NO2)","1 HOUR","NO2 1-hour 2010","2019-08-29","Parts per billion","None",24,100.0,11.041667,26.4,23,25,"200","Teledyne-API Model 200EUP or T200UP - Photolytic-Chemiluminescence","North Birmingham","NO. B'HAM,SOU R.R., 3009 28TH ST. NO.","Alabama","Jefferson","Birmingham","Birmingham-Hoover, AL","2024-05-22"
"01","073","0023","42602",1,33.553056,-86.815,"WGS84","Nitrogen dioxide (NO2)","1 HOUR","NO2 1-hour 2010","2019-08-30","Parts per billion","None",22,92.0,13.077273,28.1,21,26,"200","Teledyne-API Model 200EUP or T200UP - Photolytic-Chemiluminescence","North Birmingham","NO. B'HAM,SOU R.R., 3009 28TH ST. NO.","Alabama","Jefferson","Birmingham","Birmingham-Hoover, AL","2024-05-22"
"01","073","0023","42602",1,33.553056,-86.815,"WGS84","Nitrogen dioxide (NO2)","1 HOUR","NO2 1-hour 2010","2019-08-31","Parts per billion","None",24,100.0,8.891667,22.8,0,21,"200","Teledyne-API Model 200EUP or T200UP - Photolytic-Chemiluminescence","North Birmingham","NO. B'HAM,SOU R.R., 3009 28TH ST. NO.","Alabama","Jefferson","Birmingham","Birmingham-Hoover, AL","2024-05-22"
"01","073","0023","42602",1,33.553056,-86.815,"WGS84","Nitrogen dioxide (NO2)","1 HOUR","NO2 1-hour 2010","2019-09-01","Parts per billion","None",24,100.0,5.741667,14.9,23,13,"200","Teledyne-API Model 200EUP or T200UP - Photolytic-Chemiluminescence","North Birmingham","NO. B'HAM,SOU R.R., 3009 28TH ST. NO.","Alabama","Jefferson","Birmingham","Birmingham-Hoover, AL","2024-05-22"
"01","073","0023","42602",1,33.553056,-86.815,"WGS84","Nitrogen dioxide (NO2)","1 HOUR","NO2 1-hour 2010","2019-09-02","Parts per billion","None",24,100.0,7.983333,25.5,23,24,"200","Teledyne-API Model 200EUP or T200UP - Photolytic-Chemiluminescence","North Birmingham","NO. B'HAM,SOU R.R., 3009 28TH ST. NO.","Alabama","Jefferson","Birmingham","Birmingham-Hoover, AL","2024-05-22"
"01","073","0023","42602",1,33.553056,-86.815,"WGS84","Nitrogen dioxide (NO2)","1 HOUR","NO2 1-hour 2010","2019-09-03","Parts per billion","None",21,88.0,9.666667,28.9,22,26,"200","Teledyne-API Model 200EUP or T200UP - Photolytic-Chemiluminescence","North Birmingham","NO. B'HAM,SOU R.R., 3009 28TH ST. NO.","Alabama","Jefferson","Birmingham","Birmingham-Hoover, AL","2024-05-22"
"01","073","0023","42602",1,33.553056,-86.815,"WGS84","Nitrogen dioxide (NO2)","1 HOUR","NO2 1-hour 2010","2019-09-04","Parts per billion","None",18,75.0,9.15,22.4,3,21,"200","Teledyne-API Model 200EUP or T200UP - Photolytic-Chemiluminescence","North Birmingham","NO. B'HAM,SOU R.R., 3009 28TH ST. NO.","Alabama","Jefferson","Birmingham","Birmingham-Hoover, AL","2024-05-22"
"01","073","0023","42602",1,33.553056,-86.815,"WGS84","Nitrogen dioxide (NO2)","1 HOUR","NO2 1-hour 2010","2019-09-05","Parts per billion","None",24,100.0,8.166667,26.5,4,25,"200","Teledyne-API Model 200EUP or T200UP - Photolytic-Chemiluminescence","North Birmingham","NO. B'HAM,SOU R.R., 3009 28TH ST. NO.","Alabama","Jefferson","Birmingham","Birmingham-Hoover, AL","2024-05-22"
"01","073","0023","42602",1,33.553056,-86.815,"WGS84","Nitrogen dioxide (NO2)","1 HOUR","NO2 1-hour 2010","2019-09-06","Parts per billion","None",24,100.0,7.691667,21.1,5,20,"200","Teledyne-API Model 200EUP or T200UP - Photolytic-Chemiluminescence","North Birmingham","NO. B'HAM,SOU R.R., 3009 28TH ST. NO.","Alabama","Jefferson","Birmingham","Birmingham-Hoover, AL","2024-05-22"
"01","073","0023","42602",1,33.553056,-86.815,"WGS84","Nitrogen dioxide (NO2)","1 HOUR","NO2 1-hour 2010","2019-09-07","Parts per billion","None",24,100.0,9.1875,25.5,1,24,"200","Teledyne-API Model 200EUP or T200UP - Photolytic-Chemiluminescence","North Birmingham","NO. B'HAM,SOU R.R., 3009 28TH ST. NO.","Alabama","Jefferson","Birmingham","Birmingham-Hoover, AL","2024-05-22"
"01","073","0023","42602",1,33.553056,-86.815,"WGS84","Nitrogen dioxide (NO2)","1 HOUR","NO2 1-hour 2010","2019-09-08","Parts per billion","None",24,100.0,11.620833,36,22,34,"200","Teledyne-API Model 200EUP or T200UP - Photolytic-Chemiluminescence","North Birmingham","NO. B'HAM,SOU R.R., 3009 28TH ST. NO.","Alabama","Jefferson","Birmingham","Birmingham-Hoover, AL","2024-05-22"
"01","073","0023","42602",1,33.553056,-86.815,"WGS84","Nitrogen dioxide (NO2)","1 HOUR","NO2 1-hour 2010","2019-09-09","Parts per billion","None",24,100.0,14.091667,33.4,0,31,"200","Teledyne-API Model 200EUP or T200UP - Photolytic-Chemiluminescence","North Birmingham","NO. B'HAM,SOU R.R., 3009 28TH ST. NO.","Alabama","Jefferson","Birmingham","Birmingham-Hoover, AL","2024-05-22"
"01","073","0023","42602",1,33.553056,-86.815,"WGS84","Nitrogen dioxide (NO2)","1 HOUR","NO2 1-hour 2010","2019-09-10","Parts per billion","None",18,75.0,10.061111,24.1,5,23,"200","Teledyne-API Model 200EUP or T200UP - Photolytic-Chemiluminescence","North Birmingham","NO. B'HAM,SOU R.R., 3009 28TH ST. NO.","Alabama","Jefferson","Birmingham","Birmingham-Hoover, AL","2024-05-22"
"01","073","0023","42602",1,33.553056,-86.815,"WGS84","Nitrogen dioxide (NO2)","1 HOUR","NO2 1-hour 2010","2019-09-11","Parts per billion","None",21,88.0,14.842857,28.7,22,26,"200","Teledyne-API Model 200EUP or T200UP - Photolytic-Chemiluminescence","North Birmingham","NO. B'HAM,SOU R.R., 3009 28TH ST. NO.","Alabama","Jefferson","Birmingham","Birmingham-Hoover, AL","2024-05-22"
"01","073","0023","42602",1,33.553056,-86.815,"WGS84","Nitrogen dioxide (NO2)","1 HOUR","NO2 1-hour 2010","2019-09-12","Parts per billion","None",24,100.0,15.754167,33.9,22,31,"200","Teledyne-API Model 200EUP or T200UP - Photolytic-Chemiluminescence","North Birmingham","NO. B'HAM,SOU R.R., 3009 28TH ST. NO.","Alabama","Jefferson","Birmingham","Birmingham-Hoover, AL","2024-05-22"
"01","073","0023","42602",1,33.553056,-86.815,"WGS84","Nitrogen dioxide (NO2)","1 HOUR","NO2 1-hour 2010","2019-09-13","Parts per billion","None",24,100.0,17.258333,40.9,23,38,"200","Teledyne-API Model 200EUP or T200UP - Photolytic-Chemiluminescence","North Birmingham","NO. B'HAM,SOU R.R., 3009 28TH ST. NO.","Alabama","Jefferson","Birmingham","Birmingham-Hoover, AL","2024-05-22"
"01","073","0023","42602",1,33.553056,-86.815,"WGS84","Nitrogen dioxide (NO2)","1 HOUR","NO2 1-hour 2010","2019-09-14","Parts per billion","None",24,100.0,6.1625,27,0,25,"200","Teledyne-API Model 200EUP or T200UP - Photolytic-Chemiluminescence","North Birmingham","NO. B'HAM,SOU R.R., 3009 28TH ST. NO.","Alabama","Jefferson","Birmingham","Birmingham-Hoover, AL","2024-05-22"
"01","073","0023","42602",1,33.553056,-86.815,"WGS84","Nitrogen dioxide (NO2)","1 HOUR","NO2 1-hour 2010","2019-09-15","Parts per billion","None",24,100.0,11.995833,35.5,22,33,"200","Teledyne-API Model 200EUP or T200UP - Photolytic-Chemiluminescence","North Birmingham","NO. B'HAM,SOU R.R., 3009 28TH ST. NO.","Alabama","Jefferson","Birmingham","Birmingham-Hoover, AL","2024-05-22"
"01","073","0023","42602",1,33.553056,-86.815,"WGS84","Nitrogen dioxide (NO2)","1 HOUR","NO2 1-hour 2010","2019-09-16","Parts per billion","None",24,100.0,20.9625,42.9,22,40,"200","Teledyne-API Model 200EUP or T200UP - Photolytic-Chemiluminescence","North Birmingham","NO. B'HAM,SOU R.R., 3009 28TH ST. NO.","Alabama","Jefferson","Birmingham","Birmingham-Hoover, AL","2024-05-22"
"01","073","0023","42602",1,33.553056,-86.815,"WGS84","Nitrogen dioxide (NO2)","1 HOUR","NO2 1-hour 2010","2019-09-17","Parts per billion","None",21,88.0,17.328571,37.7,20,35,"200","Teledyne-API Model 200EUP or T200UP - Photolytic-Chemiluminescence","North Birmingham","NO. B'HAM,SOU R.R., 3009 28TH ST. NO.","Alabama","Jefferson","Birmingham","Birmingham-Hoover, AL","2024-05-22"
"01","073","0023","42602",1,33.553056,-86.815,"WGS84","Nitrogen dioxide (NO2)","1 HOUR","NO2 1-hour 2010","2019-09-18","Parts per billion","None",21,88.0,11.071429,30.2,3,28,"200","Teledyne-API Model 200EUP or T200UP - Photolytic-Chemiluminescence","North Birmingham","NO. B'HAM,SOU R.R., 3009 28TH ST. NO.","Alabama","Jefferson","Birmingham","Birmingham-Hoover, AL","2024-05-22"
"01","073","0023","42602",1,33.553056,-86.815,"WGS84","Nitrogen dioxide (NO2)","1 HOUR","NO2 1-hour 2010","2019-09-19","Parts per billion","None",24,100.0,4.891667,13.1,18,12,"200","Teledyne-API Model 200EUP or T200UP - Photolytic-Chemiluminescence","North Birmingham","NO. B'HAM,SOU R.R., 3009 28TH ST. NO.","Alabama","Jefferson","Birmingham","Birmingham-Hoover, AL","2024-05-22"
"01","073","0023","42602",1,33.553056,-86.815,"WGS84","Nitrogen dioxide (NO2)","1 HOUR","NO2 1-hour 2010","2019-09-20","Parts per billion","None",24,100.0,8.791667,31.6,22,29,"200","Teledyne-API Model 200EUP or T200UP - Photolytic-Chemiluminescence","North Birmingham","NO. B'HAM,SOU R.R., 3009 28TH ST. NO.","Alabama","Jefferson","Birmingham","Birmingham-Hoover, AL","2024-05-22"
"01","073","0023","42602",1,33.553056,-86.815,"WGS84","Nitrogen dioxide (NO2)","1 HOUR","NO2 1-hour 2010","2019-09-21","Parts per billion","None",24,100.0,12.191667,26,0,25,"200","Teledyne-API Model 200EUP or T200UP - Photolytic-Chemiluminescence","North Birmingham","NO. B'HAM,SOU R.R., 3009 28TH ST. NO.","Alabama","Jefferson","Birmingham","Birmingham-Hoover, AL","2024-05-22"
"01","073","0023","42602",1,33.553056,-86.815,"WGS84","Nitrogen dioxide (NO2)","1 HOUR","NO2 1-hour 2010","2019-09-22","Parts per billion","None",24,100.0,13.379167,26.5,23,25,"200","Teledyne-API Model 200EUP or T200UP - Photolytic-Chemiluminescence","North Birmingham","NO. B'HAM,SOU R.R., 3009 28TH ST. NO.","Alabama","Jefferson","Birmingham","Birmingham-Hoover, AL","2024-05-22"
"01","073","0023","42602",1,33.553056,-86.815,"WGS84","Nitrogen dioxide (NO2)","1 HOUR","NO2 1-hour 2010","2019-09-23","Parts per billion","None",22,92.0,12.654545,32.9,7,30,"200","Teledyne-API Model 200EUP or T200UP - Photolytic-Chemiluminescence","North Birmingham","NO. B'HAM,SOU R.R., 3009 28TH ST. NO.","Alabama","Jefferson","Birmingham","Birmingham-Hoover, AL","2024-05-22"
"01","073","0023","42602",1,33.553056,-86.815,"WGS84","Nitrogen dioxide (NO2)","1 HOUR","NO2 1-hour 2010","2019-09-24","Parts per billion","None",17,71.0,10.317647,35,23,33,"200","Teledyne-API Model 200EUP or T200UP - Photolytic-Chemiluminescence","North Birmingham","NO. B'HAM,SOU R.R., 3009 28TH ST. NO.","Alabama","Jefferson","Birmingham","Birmingham-Hoover, AL","2024-05-22"
"01","073","0023","42602",1,33.553056,-86.815,"WGS84","Nitrogen dioxide (NO2)","1 HOUR","NO2 1-hour 2010","2019-09-25","Parts per billion","None",18,75.0,15.233333,44.9,7,42,"200","Teledyne-API Model 200EUP or T200UP - Photolytic-Chemiluminescence","North Birmingham","NO. B'HAM,SOU R.R., 3009 28TH ST. NO.","Alabama","Jefferson","Birmingham","Birmingham-Hoover, AL","2024-05-22"
"01","073","0023","42602",1,33.553056,-86.815,"WGS84","Nitrogen dioxide (NO2)","1 HOUR","NO2 1-hour 2010","2019-09-26","Parts per billion","None",22,92.0,17.336364,34.3,21,32,"200","Teledyne-API Model 200EUP or T200UP - Photolytic-Chemiluminescence","North Birmingham","NO. B'HAM,SOU R.R., 3009 28TH ST. NO.","Alabama","Jefferson","Birmingham","Birmingham-Hoover, AL","2024-05-22"
"01","073","0023","42602",1,33.553056,-86.815,"WGS84","Nitrogen dioxide (NO2)","1 HOUR","NO2 1-hour 2010","2019-09-27","Parts per billion","None",24,100.0,21.208333,49.2,19,46,"200","Teledyne-API Model 200EUP or T200UP - Photolytic-Chemiluminescence","North Birmingham","NO. B'HAM,SOU R.R., 3009 28TH ST. NO.","Alabama","Jefferson","Birmingham","Birmingham-Hoover, AL","2024-05-22"
"01","073","0023","42602",1,33.553056,-86.815,"WGS84","Nitrogen dioxide (NO2)","1 HOUR","NO2 1-hour 2010","2019-09-28","Parts per billion","None",24,100.0,15.133333,26.7,7,25,"200","Teledyne-API Model 200EUP or T200UP - Photolytic-Chemiluminescence","North Birmingham","NO. B'HAM,SOU R.R., 3009 28TH ST. NO.","Alabama","Jefferson","Birmingham","Birmingham-Hoover, AL","2024-05-22"
"01","073","0023","42602",1,33.553056,-86.815,"WGS84","Nitrogen dioxide (NO2)","1 HOUR","NO2 1-hour 2010","2019-09-29","Parts per billion","None",24,100.0,13.1125,28.2,0,26,"200","Teledyne-API Model 200EUP or T200UP - Photolytic-Chemiluminescence","North Birmingham","NO. B'HAM,SOU R.R., 3009 28TH ST. NO.","Alabama","Jefferson","Birmingham","Birmingham-Hoover, AL","2024-05-22"
"01","073","0023","42602",1,33.553056,-86.815,"WGS84","Nitrogen dioxide (NO2)","1 HOUR","NO2 1-hour 2010","2019-09-30","Parts per billion","None",24,100.0,19.65,43.4,20,41,"200","Teledyne-API Model 200EUP or T200UP - Photolytic-Chemiluminescence","North Birmingham","NO. B'HAM,SOU R.R., 3009 28TH ST. NO.","Alabama","Jefferson","Birmingham","Birmingham-Hoover, AL","2024-05-22"
"01","073","0023","42602",1,33.553056,-86.815,"WGS84","Nitrogen dioxide (NO2)","1 HOUR","NO2 1-hour 2010","2019-10-01","Parts per billion","None",20,83.0,21.185,47.3,20,44,"200","Teledyne-API Model 200EUP or T200UP - Photolytic-Chemiluminescence","North Birmingham","NO. B'HAM,SOU R.R., 3009 28TH ST. NO.","Alabama","Jefferson","Birmingham","Birmingham-Hoover, AL","2024-05-22"
"01","073","0023","42602",1,33.553056,-86.815,"WGS84","Nitrogen dioxide (NO2)","1 HOUR","NO2 1-hour 2010","2019-10-02","Parts per billion","None",18,75.0,18.227778,50.2,21,47,"200","Teledyne-API Model 200EUP or T200UP - Photolytic-Chemiluminescence","North Birmingham","NO. B'HAM,SOU R.R., 3009 28TH ST. NO.","Alabama","Jefferson","Birmingham","Birmingham-Hoover, AL","2024-05-22"
"01","073","0023","42602",1,33.553056,-86.815,"WGS84","Nitrogen dioxide (NO2)","1 HOUR","NO2 1-hour 2010","2019-10-03","Parts per billion","None",22,92.0,19.85,39.9,0,37,"200","Teledyne-API Model 200EUP or T200UP - Photolytic-Chemiluminescence","North Birmingham","NO. B'HAM,SOU R.R., 3009 28TH ST. NO.","Alabama","Jefferson","Birmingham","Birmingham-Hoover, AL","2024-05-22"
"01","073","0023","42602",1,33.553056,-86.815,"WGS84","Nitrogen dioxide (NO2)","1 HOUR","NO2 1-hour 2010","2019-10-04","Parts per billion","None",24,100.0,6.829167,32.6,0,30,"200","Teledyne-API Model 200EUP or T200UP - Photolytic-Chemiluminescence","North Birmingham","NO. B'HAM,SOU R.R., 3009 28TH ST. NO.","Alabama","Jefferson","Birmingham","Birmingham-Hoover, AL","2024-05-22"
"01","073","0023","42602",1,33.553056,-86.815,"WGS84","Nitrogen dioxide (NO2)","1 HOUR","NO2 1-hour 2010","2019-10-05","Parts per billion","None",24,100.0,6.9875,20.7,6,19,"200","Teledyne-API Model 200EUP or T200UP - Photolytic-Chemiluminescence","North Birmingham","NO. B'HAM,SOU R.R., 3009 28TH ST. NO.","Alabama","Jefferson","Birmingham","Birmingham-Hoover, AL","2024-05-22"
"01","073","0023","42602",1,33.553056,-86.815,"WGS84","Nitrogen dioxide (NO2)","1 HOUR","NO2 1-hour 2010","2019-10-06","Parts per billion","None",24,100.0,4.3625,11.3,23,10,"200","Teledyne-API Model 200EUP or T200UP - Photolytic-Chemiluminescence","North Birmingham","NO. B'HAM,SOU R.R., 3009 28TH ST. NO.","Alabama","Jefferson","Birmingham","Birmingham-Hoover, AL","2024-05-22"
"01","073","0023","42602",1,33.553056,-86.815,"WGS84","Nitrogen dioxide (NO2)","1 HOUR","NO2 1-hour 2010","2019-10-07","Parts per billion","None",24,100.0,5.908333,13.6,7,12,"200","Teledyne-API Model 200EUP or T200UP - Photolytic-Chemiluminescence","North Birmingham","NO. B'HAM,SOU R.R., 3009 28TH ST. NO.","Alabama","Jefferson","Birmingham","Birmingham-Hoover, AL","2024-05-22"
"01","073","0023","42602",1,33.553056,-86.815,"WGS84","Nitrogen dioxide (NO2)","1 HOUR","NO2 1-hour 2010","2019-10-08","Parts per billion","None",21,88.0,4.214286,8.5,17,8,"200","Teledyne-API Model 200EUP or T200UP - Photolytic-Chemiluminescence","North Birmingham","NO. B'HAM,SOU R.R., 3009 28TH ST. NO.","Alabama","Jefferson","Birmingham","Birmingham-Hoover, AL","2024-05-22"
"01","073","0023","42602",1,33.553056,-86.815,"WGS84","Nitrogen dioxide (NO2)","1 HOUR","NO2 1-hour 2010","2019-10-09","Parts per billion","None",19,79.0,7.978947,16.6,21,15,"200","Teledyne-API Model 200EUP or T200UP - Photolytic-Chemiluminescence","North Birmingham","NO. B'HAM,SOU R.R., 3009 28TH ST. NO.","Alabama","Jefferson","Birmingham","Birmingham-Hoover, AL","2024-05-22"
"01","073","0023","42602",1,33.553056,-86.815,"WGS84","Nitrogen dioxide (NO2)","1 HOUR","NO2 1-hour 2010","2019-10-10","Parts per billion","None",21,88.0,9.590476,21.7,17,20,"200","Teledyne-API Model 200EUP or T200UP - Photolytic-Chemiluminescence","North Birmingham","NO. B'HAM,SOU R.R., 3009 28TH ST. NO.","Alabama","Jefferson","Birmingham","Birmingham-Hoover, AL","2024-05-22"
"01","073","0023","42602",1,33.553056,-86.815,"WGS84","Nitrogen dioxide (NO2)","1 HOUR","NO2 1-hour 2010","2019-10-11","Parts per billion","None",24,100.0,8.65,17.8,18,16,"200","Teledyne-API Model 200EUP or T200UP - Photolytic-Chemiluminescence","North Birmingham","NO. B'HAM,SOU R.R., 3009 28TH ST. NO.","Alabama","Jefferson","Birmingham","Birmingham-Hoover, AL","2024-05-22"
"01","073","0023","42602",1,33.553056,-86.815,"WGS84","Nitrogen dioxide (NO2)","1 HOUR","NO2 1-hour 2010","2019-10-12","Parts per billion","None",24,100.0,6.329167,21.9,18,20,"200","Teledyne-API Model 200EUP or T200UP - Photolytic-Chemiluminescence","North Birmingham","NO. B'HAM,SOU R.R., 3009 28TH ST. NO.","Alabama","Jefferson","Birmingham","Birmingham-Hoover, AL","2024-05-22"
"01","073","0023","42602",1,33.553056,-86.815,"WGS84","Nitrogen dioxide (NO2)","1 HOUR","NO2 1-hour 2010","2019-10-13","Parts per billion","None",24,100.0,9.645833,24.5,22,23,"200","Teledyne-API Model 200EUP or T200UP - Photolytic-Chemiluminescence","North Birmingham","NO. B'HAM,SOU R.R., 3009 28TH ST. NO.","Alabama","Jefferson","Birmingham","Birmingham-Hoover, AL","2024-05-22"
"01","073","0023","42602",1,33.553056,-86.815,"WGS84","Nitrogen dioxide (NO2)","1 HOUR","NO2 1-hour 2010","2019-10-14","Parts per billion","None",24,100.0,15.791667,29.5,18,27,"200","Teledyne-API Model 200EUP or T200UP - Photolytic-Chemiluminescence","North Birmingham","NO. B'HAM,SOU R.R., 3009 28TH ST. NO.","Alabama","Jefferson","Birmingham","Birmingham-Hoover, AL","2024-05-22"
"01","073","0023","42602",1,33.553056,-86.815,"WGS84","Nitrogen dioxide (NO2)","1 HOUR","NO2 1-hour 2010","2019-10-15","Parts per billion","None",21,88.0,15.87619,28.4,5,26,"200","Teledyne-API Model 200EUP or T200UP - Photolytic-Chemiluminescence","North Birmingham","NO. B'HAM,SOU R.R., 3009 28TH ST. NO.","Alabama","Jefferson","Birmingham","Birmingham-Hoover, AL","2024-05-22"
"01","073","0023","42602",1,33.553056,-86.815,"WGS84","Nitrogen dioxide (NO2)","1 HOUR","NO2 1-hour 2010","2019-10-16","Parts per billion","None",21,88.0,6.652381,13.9,18,12,"200","Teledyne-API Model 200EUP or T200UP - Photolytic-Chemiluminescence","North Birmingham","NO. B'HAM,SOU R.R., 3009 28TH ST. NO.","Alabama","Jefferson","Birmingham","Birmingham-Hoover, AL","2024-05-22"
"01","073","0023","42602",1,33.553056,-86.815,"WGS84","Nitrogen dioxide (NO2)","1 HOUR","NO2 1-hour 2010","2019-10-17","Parts per billion","None",24,100.0,10.279167,22.4,23,21,"200","Teledyne-API Model 200EUP or T200UP - Photolytic-Chemiluminescence","North Birmingham","NO. B'HAM,SOU R.R., 3009 28TH ST. NO.","Alabama","Jefferson","Birmingham","Birmingham-Hoover, AL","2024-05-22"
"01","073","0023","42602",1,33.553056,-86.815,"WGS84","Nitrogen dioxide (NO2)","1 HOUR","NO2 1-hour 2010","2019-10-18","Parts per billion","None",24,100.0,13.566667,23.3,0,22,"200","Teledyne-API Model 200EUP or T200UP - Photolytic-Chemiluminescence","North Birmingham","NO. B'HAM,SOU R.R., 3009 28TH ST. NO.","Alabama","Jefferson","Birmingham","Birmingham-Hoover, AL","2024-05-22"
"01","073","0023","42602",1,33.553056,-86.815,"WGS84","Nitrogen dioxide (NO2)","1 HOUR","NO2 1-hour 2010","2019-10-19","Parts per billion","None",24,100.0,6.645833,16.6,1,15,"200","Teledyne-API Model 200EUP or T200UP - Photolytic-Chemiluminescence","North Birmingham","NO. B'HAM,SOU R.R., 3009 28TH ST. NO.","Alabama","Jefferson","Birmingham","Birmingham-Hoover, AL","2024-05-22"
"01","073","0023","42602",1,33.553056,-86.815,"WGS84","Nitrogen dioxide (NO2)","1 HOUR","NO2 1-hour 2010","2019-10-20","Parts per billion","None",24,100.0,9.108333,23.4,20,22,"200","Teledyne-API Model 200EUP or T200UP - Photolytic-Chemiluminescence","North Birmingham","NO. B'HAM,SOU R.R., 3009 28TH ST. NO.","Alabama","Jefferson","Birmingham","Birmingham-Hoover, AL","2024-05-22"
"01","073","0023","42602",1,33.553056,-86.815,"WGS84","Nitrogen dioxide (NO2)","1 HOUR","NO2 1-hour 2010","2019-10-21","Parts per billion","None",24,100.0,11.358333,21.1,15,20,"200","Teledyne-API Model 200EUP or T200UP - Photolytic-Chemiluminescence","North Birmingham","NO. B'HAM,SOU R.R., 3009 28TH ST. NO.","Alabama","Jefferson","Birmingham","Birmingham-Hoover, AL","2024-05-22"
"01","073","0023","42602",1,33.553056,-86.815,"WGS84","Nitrogen dioxide (NO2)","1 HOUR","NO2 1-hour 2010","2019-10-22","Parts per billion","None",21,88.0,6.119048,13.9,21,12,"200","Teledyne-API Model 200EUP or T200UP - Photolytic-Chemiluminescence","North Birmingham","NO. B'HAM,SOU R.R., 3009 28TH ST. NO.","Alabama","Jefferson","Birmingham","Birmingham-Hoover, AL","2024-05-22"
"01","073","0023","42602",1,33.553056,-86.815,"WGS84","Nitrogen dioxide (NO2)","1 HOUR","NO2 1-hour 2010","2019-10-23","Parts per billion","None",16,67.0,16.40625,28.8,19,26,"200","Teledyne-API Model 200EUP or T200UP - Photolytic-Chemiluminescence","North Birmingham","NO. B'HAM,SOU R.R., 3009 28TH ST. NO.","Alabama","Jefferson","Birmingham","Birmingham-Hoover, AL","2024-05-22"
"01","073","0023","42602",1,33.553056,-86.815,"WGS84","Nitrogen dioxide (NO2)","1 HOUR","NO2 1-hour 2010","2019-10-24","Parts per billion","None",24,100.0,13.8125,26.8,7,25,"200","Teledyne-API Model 200EUP or T200UP - Photolytic-Chemiluminescence","North Birmingham","NO. B'HAM,SOU R.R., 3009 28TH ST. NO.","Alabama","Jefferson","Birmingham","Birmingham-Hoover, AL","2024-05-22"
"01","073","0023","42602",1,33.553056,-86.815,"WGS84","Nitrogen dioxide (NO2)","1 HOUR","NO2 1-hour 2010","2019-10-25","Parts per billion","None",24,100.0,8.404167,14.3,0,13,"200","Teledyne-API Model 200EUP or T200UP - Photolytic-Chemiluminescence","North Birmingham","NO. B'HAM,SOU R.R., 3009 28TH ST. NO.","Alabama","Jefferson","Birmingham","Birmingham-Hoover, AL","2024-05-22"
"01","073","0023","42602",1,33.553056,-86.815,"WGS84","Nitrogen dioxide (NO2)","1 HOUR","NO2 1-hour 2010","2019-10-26","Parts per billion","None",24,100.0,3.629167,7.4,8,7,"200","Teledyne-API Model 200EUP or T200UP - Photolytic-Chemiluminescence","North Birmingham","NO. B'HAM,SOU R.R., 3009 28TH ST. NO.","Alabama","Jefferson","Birmingham","Birmingham-Hoover, AL","2024-05-22"
"01","073","0023","42602",1,33.553056,-86.815,"WGS84","Nitrogen dioxide (NO2)","1 HOUR","NO2 1-hour 2010","2019-10-27","Parts per billion","None",24,100.0,3.808333,13.4,23,12,"200","Teledyne-API Model 200EUP or T200UP - Photolytic-Chemiluminescence","North Birmingham","NO. B'HAM,SOU R.R., 3009 28TH ST. NO.","Alabama","Jefferson","Birmingham","Birmingham-Hoover, AL","2024-05-22"
"01","073","0023","42602",1,33.553056,-86.815,"WGS84","Nitrogen dioxide (NO2)","1 HOUR","NO2 1-hour 2010","2019-10-28","Parts per billion","None",24,100.0,12.433333,23.9,17,22,"200","Teledyne-API Model 200EUP or T200UP - Photolytic-Chemiluminescence","North Birmingham","NO. B'HAM,SOU R.R., 3009 28TH ST. NO.","Alabama","Jefferson","Birmingham","Birmingham-Hoover, AL","2024-05-22"
"01","073","0023","42602",1,33.553056,-86.815,"WGS84","Nitrogen dioxide (NO2)","1 HOUR","NO2 1-hour 2010","2019-10-29","Parts per billion","None",21,88.0,8.961905,17.3,21,16,"200","Teledyne-API Model 200EUP or T200UP - Photolytic-Chemiluminescence","North Birmingham","NO. B'HAM,SOU R.R., 3009 28TH ST. NO.","Alabama","Jefferson","Birmingham","Birmingham-Hoover, AL","2024-05-22"
"01","073","0023","42602",1,33.553056,-86.815,"WGS84","Nitrogen dioxide (NO2)","1 HOUR","NO2 1-hour 2010","2019-10-30","Parts per billion","None",18,75.0,8.438889,18.3,14,17,"200","Teledyne-API Model 200EUP or T200UP - Photolytic-Chemiluminescence","North Birmingham","NO. B'HAM,SOU R.R., 3009 28TH ST. NO.","Alabama","Jefferson","Birmingham","Birmingham-Hoover, AL","2024-05-22"
"01","073","0023","42602",1,33.553056,-86.815,"WGS84","Nitrogen dioxide (NO2)","1 HOUR","NO2 1-hour 2010","2019-10-31","Parts per billion","None",8,33.0,4.775,8.2,6,8,"200","Teledyne-API Model 200EUP or T200UP - Photolytic-Chemiluminescence","North Birmingham","NO. B'HAM,SOU R.R., 3009 28TH ST. NO.","Alabama","Jefferson","Birmingham","Birmingham-Hoover, AL","2024-05-22"
"01","073","0023","42602",1,33.553056,-86.815,"WGS84","Nitrogen dioxide (NO2)","1 HOUR","NO2 1-hour 2010","2019-11-06","Parts per billion","None",21,88.0,19.357143,37.2,18,35,"200","Teledyne-API Model 200EUP or T200UP - Photolytic-Chemiluminescence","North Birmingham","NO. B'HAM,SOU R.R., 3009 28TH ST. NO.","Alabama","Jefferson","Birmingham","Birmingham-Hoover, AL","2024-05-22"
"01","073","0023","42602",1,33.553056,-86.815,"WGS84","Nitrogen dioxide (NO2)","1 HOUR","NO2 1-hour 2010","2019-11-07","Parts per billion","None",22,92.0,10.468182,28.7,0,26,"200","Teledyne-API Model 200EUP or T200UP - Photolytic-Chemiluminescence","North Birmingham","NO. B'HAM,SOU R.R., 3009 28TH ST. NO.","Alabama","Jefferson","Birmingham","Birmingham-Hoover, AL","2024-05-22"
"01","073","0023","42602",1,33.553056,-86.815,"WGS84","Nitrogen dioxide (NO2)","1 HOUR","NO2 1-hour 2010","2019-11-08","Parts per billion","None",24,100.0,5.491667,17.1,18,16,"200","Teledyne-API Model 200EUP or T200UP - Photolytic-Chemiluminescence","North Birmingham","NO. B'HAM,SOU R.R., 3009 28TH ST. NO.","Alabama","Jefferson","Birmingham","Birmingham-Hoover, AL","2024-05-22"
"01","073","0023","42602",1,33.553056,-86.815,"WGS84","Nitrogen dioxide (NO2)","1 HOUR","NO2 1-hour 2010","2019-11-09","Parts per billion","None",24,100.0,12.8,24.1,21,23,"200","Teledyne-API Model 200EUP or T200UP - Photolytic-Chemiluminescence","North Birmingham","NO. B'HAM,SOU R.R., 3009 28TH ST. NO.","Alabama","Jefferson","Birmingham","Birmingham-Hoover, AL","2024-05-22"
"01","073","0023","42602",1,33.553056,-86.815,"WGS84","Nitrogen dioxide (NO2)","1 HOUR","NO2 1-hour 2010","2019-11-10","Parts per billion","None",24,100.0,16.8625,40.1,18,38,"200","Teledyne-API Model 200EUP or T200UP - Photolytic-Chemiluminescence","North Birmingham","NO. B'HAM,SOU R.R., 3009 28TH ST. NO.","Alabama","Jefferson","Birmingham","Birmingham-Hoover, AL","2024-05-22"
"01","073","0023","42602",1,33.553056,-86.815,"WGS84","Nitrogen dioxide (NO2)","1 HOUR","NO2 1-hour 2010","2019-11-11","Parts per billion","None",24,100.0,16.533333,31,8,29,"200","Teledyne-API Model 200EUP or T200UP - Photolytic-Chemiluminescence","North Birmingham","NO. B'HAM,SOU R.R., 3009 28TH ST. NO.","Alabama","Jefferson","Birmingham","Birmingham-Hoover, AL","2024-05-22"
"01","073","0023","42602",1,33.553056,-86.815,"WGS84","Nitrogen dioxide (NO2)","1 HOUR","NO2 1-hour 2010","2019-11-12","Parts per billion","None",21,88.0,3.980952,7.6,17,7,"200","Teledyne-API Model 200EUP or T200UP - Photolytic-Chemiluminescence","North Birmingham","NO. B'HAM,SOU R.R., 3009 28TH ST. NO.","Alabama","Jefferson","Birmingham","Birmingham-Hoover, AL","2024-05-22"
"01","073","0023","42602",1,33.553056,-86.815,"WGS84","Nitrogen dioxide (NO2)","1 HOUR","NO2 1-hour 2010","2019-11-20","Parts per billion","None",17,71.0,24.141176,37.8,17,35,"200","Teledyne-API Model 200EUP or T200UP - Photolytic-Chemiluminescence","North Birmingham","NO. B'HAM,SOU R.R., 3009 28TH ST. NO.","Alabama","Jefferson","Birmingham","Birmingham-Hoover, AL","2024-05-22"
"01","073","0023","42602",1,33.553056,-86.815,"WGS84","Nitrogen dioxide (NO2)","1 HOUR","NO2 1-hour 2010","2019-11-21","Parts per billion","None",21,88.0,19.147619,27.8,5,25,"200","Teledyne-API Model 200EUP or T200UP - Photolytic-Chemiluminescence","North Birmingham","NO. B'HAM,SOU R.R., 3009 28TH ST. NO.","Alabama","Jefferson","Birmingham","Birmingham-Hoover, AL","2024-05-22"
"01","073","0023","42602",1,33.553056,-86.815,"WGS84","Nitrogen dioxide (NO2)","1 HOUR","NO2 1-hour 2010","2019-11-22","Parts per billion","None",24,100.0,17.445833,36.3,15,34,"200","Teledyne-API Model 200EUP or T200UP - Photolytic-Chemiluminescence","North Birmingham","NO. B'HAM,SOU R.R., 3009 28TH ST. NO.","Alabama","Jefferson","Birmingham","Birmingham-Hoover, AL","2024-05-22"
"01","073","0023","42602",1,33.553056,-86.815,"WGS84","Nitrogen dioxide (NO2)","1 HOUR","NO2 1-hour 2010","2019-11-23","Parts per billion","None",24,100.0,3.279167,6,0,6,"200","Teledyne-API Model 200EUP or T200UP - Photolytic-Chemiluminescence","North Birmingham","NO. B'HAM,SOU R.R., 3009 28TH ST. NO.","Alabama","Jefferson","Birmingham","Birmingham-Hoover, AL","2024-05-22"
"01","073","0023","42602",1,33.553056,-86.815,"WGS84","Nitrogen dioxide (NO2)","1 HOUR","NO2 1-hour 2010","2019-11-24","Parts per billion","None",24,100.0,5.925,24.4,19,23,"200","Teledyne-API Model 200EUP or T200UP - Photolytic-Chemiluminescence","North Birmingham","NO. B'HAM,SOU R.R., 3009 28TH ST. NO.","Alabama","Jefferson","Birmingham","Birmingham-Hoover, AL","2024-05-22"
"01","073","0023","42602",1,33.553056,-86.815,"WGS84","Nitrogen dioxide (NO2)","1 HOUR","NO2 1-hour 2010","2019-11-25","Parts per billion","None",24,100.0,17.2,31.5,19,29,"200","Teledyne-API Model 200EUP or T200UP - Photolytic-Chemiluminescence","North Birmingham","NO. B'HAM,SOU R.R., 3009 28TH ST. NO.","Alabama","Jefferson","Birmingham","Birmingham-Hoover, AL","2024-05-22"
"01","073","0023","42602",1,33.553056,-86.815,"WGS84","Nitrogen dioxide (NO2)","1 HOUR","NO2 1-hour 2010","2019-11-26","Parts per billion","None",21,88.0,8.438095,19.9,4,18,"200","Teledyne-API Model 200EUP or T200UP - Photolytic-Chemiluminescence","North Birmingham","NO. B'HAM,SOU R.R., 3009 28TH ST. NO.","Alabama","Jefferson","Birmingham","Birmingham-Hoover, AL","2024-05-22"
"01","073","0023","42602",1,33.553056,-86.815,"WGS84","Nitrogen dioxide (NO2)","1 HOUR","NO2 1-hour 2010","2019-11-27","Parts per billion","None",19,79.0,4.763158,10.6,17,9,"200","Teledyne-API Model 200EUP or T200UP - Photolytic-Chemiluminescence","North Birmingham","NO. B'HAM,SOU R.R., 3009 28TH ST. NO.","Alabama","Jefferson","Birmingham","Birmingham-Hoover, AL","2024-05-22"
"01","073","0023","42602",1,33.553056,-86.815,"WGS84","Nitrogen dioxide (NO2)","1 HOUR","NO2 1-hour 2010","2019-11-28","Parts per billion","None",24,100.0,3.35,9.7,22,8,"200","Teledyne-API Model 200EUP or T200UP - Photolytic-Chemiluminescence","North Birmingham","NO. B'HAM,SOU R.R., 3009 28TH ST. NO.","Alabama","Jefferson","Birmingham","Birmingham-Hoover, AL","2024-05-22"
"01","073","0023","42602",1,33.553056,-86.815,"WGS84","Nitrogen dioxide (NO2)","1 HOUR","NO2 1-hour 2010","2019-11-29","Parts per billion","None",24,100.0,12.483333,19.5,19,18,"200","Teledyne-API Model 200EUP or T200UP - Photolytic-Chemiluminescence","North Birmingham","NO. B'HAM,SOU R.R., 3009 28TH ST. NO.","Alabama","Jefferson","Birmingham","Birmingham-Hoover, AL","2024-05-22"
"01","073","0023","42602",1,33.553056,-86.815,"WGS84","Nitrogen dioxide (NO2)","1 HOUR","NO2 1-hour 2010","2019-11-30","Parts per billion","None",24,100.0,6.195833,14.3,7,13,"200","Teledyne-API Model 200EUP or T200UP - Photolytic-Chemiluminescence","North Birmingham","NO. B'HAM,SOU R.R., 3009 28TH ST. NO.","Alabama","Jefferson","Birmingham","Birmingham-Hoover, AL","2024-05-22"
"01","073","0023","42602",1,33.553056,-86.815,"WGS84","Nitrogen dioxide (NO2)","1 HOUR","NO2 1-hour 2010","2019-12-01","Parts per billion","None",24,100.0,3.479167,15.5,5,14,"200","Teledyne-API Model 200EUP or T200UP - Photolytic-Chemiluminescence","North Birmingham","NO. B'HAM,SOU R.R., 3009 28TH ST. NO.","Alabama","Jefferson","Birmingham","Birmingham-Hoover, AL","2024-05-22"
"01","073","0023","42602",1,33.553056,-86.815,"WGS84","Nitrogen dioxide (NO2)","1 HOUR","NO2 1-hour 2010","2019-12-02","Parts per billion","None",24,100.0,2.470833,5.3,6,5,"200","Teledyne-API Model 200EUP or T200UP - Photolytic-Chemiluminescence","North Birmingham","NO. B'HAM,SOU R.R., 3009 28TH ST. NO.","Alabama","Jefferson","Birmingham","Birmingham-Hoover, AL","2024-05-22"
"01","073","0023","42602",1,33.553056,-86.815,"WGS84","Nitrogen dioxide (NO2)","1 HOUR","NO2 1-hour 2010","2019-12-03","Parts per billion","None",21,88.0,12.557143,29,19,27,"200","Teledyne-API Model 200EUP or T200UP - Photolytic-Chemiluminescence","North Birmingham","NO. B'HAM,SOU R.R., 3009 28TH ST. NO.","Alabama","Jefferson","Birmingham","Birmingham-Hoover, AL","2024-05-22"
"01","073","0023","42602",1,33.553056,-86.815,"WGS84","Nitrogen dioxide (NO2)","1 HOUR","NO2 1-hour 2010","2019-12-04","Parts per billion","None",21,88.0,19.047619,37.2,18,35,"200","Teledyne-API Model 200EUP or T200UP - Photolytic-Chemiluminescence","North Birmingham","NO. B'HAM,SOU R.R., 3009 28TH ST. NO.","Alabama","Jefferson","Birmingham","Birmingham-Hoover, AL","2024-05-22"
"01","073","0023","42602",1,33.553056,-86.815,"WGS84","Nitrogen dioxide (NO2)","1 HOUR","NO2 1-hour 2010","2019-12-05","Parts per billion","None",21,88.0,28.72381,44,9,42,"200","Teledyne-API Model 200EUP or T200UP - Photolytic-Chemiluminescence","North Birmingham","NO. B'HAM,SOU R.R., 3009 28TH ST. NO.","Alabama","Jefferson","Birmingham","Birmingham-Hoover, AL","2024-05-22"
"01","073","0023","42602",1,33.553056,-86.815,"WGS84","Nitrogen dioxide (NO2)","1 HOUR","NO2 1-hour 2010","2019-12-06","Parts per billion","None",24,100.0,22.375,34.7,7,32,"200","Teledyne-API Model 200EUP or T200UP - Photolytic-Chemiluminescence","North Birmingham","NO. B'HAM,SOU R.R., 3009 28TH ST. NO.","Alabama","Jefferson","Birmingham","Birmingham-Hoover, AL","2024-05-22"
"01","073","0023","42602",1,33.553056,-86.815,"WGS84","Nitrogen dioxide (NO2)","1 HOUR","NO2 1-hour 2010","2019-12-07","Parts per billion","None",24,100.0,10.245833,28.2,21,26,"200","Teledyne-API Model 200EUP or T200UP - Photolytic-Chemiluminescence","North Birmingham","NO. B'HAM,SOU R.R., 3009 28TH ST. NO.","Alabama","Jefferson","Birmingham","Birmingham-Hoover, AL","2024-05-22"
"01","073","0023","42602",1,33.553056,-86.815,"WGS84","Nitrogen dioxide (NO2)","1 HOUR","NO2 1-hour 2010","2019-12-08","Parts per billion","None",24,100.0,7.0875,14.8,3,13,"200","Teledyne-API Model 200EUP or T200UP - Photolytic-Chemiluminescence","North Birmingham","NO. B'HAM,SOU R.R., 3009 28TH ST. NO.","Alabama","Jefferson","Birmingham","Birmingham-Hoover, AL","2024-05-22"
"01","073","0023","42602",1,33.553056,-86.815,"WGS84","Nitrogen dioxide (NO2)","1 HOUR","NO2 1-hour 2010","2019-12-09","Parts per billion","None",24,100.0,5.729167,11.1,8,10,"200","Teledyne-API Model 200EUP or T200UP - Photolytic-Chemiluminescence","North Birmingham","NO. B'HAM,SOU R.R., 3009 28TH ST. NO.","Alabama","Jefferson","Birmingham","Birmingham-Hoover, AL","2024-05-22"
"01","073","0023","42602",1,33.553056,-86.815,"WGS84","Nitrogen dioxide (NO2)","1 HOUR","NO2 1-hour 2010","2019-12-10","Parts per billion","None",21,88.0,3.947619,7.5,12,7,"200","Teledyne-API Model 200EUP or T200UP - Photolytic-Chemiluminescence","North Birmingham","NO. B'HAM,SOU R.R., 3009 28TH ST. NO.","Alabama","Jefferson","Birmingham","Birmingham-Hoover, AL","2024-05-22"
"01","073","0023","42602",1,33.553056,-86.815,"WGS84","Nitrogen dioxide (NO2)","1 HOUR","NO2 1-hour 2010","2019-12-11","Parts per billion","None",17,71.0,10.770588,23.9,23,22,"200","Teledyne-API Model 200EUP or T200UP - Photolytic-Chemiluminescence","North Birmingham","NO. B'HAM,SOU R.R., 3009 28TH ST. NO.","Alabama","Jefferson","Birmingham","Birmingham-Hoover, AL","2024-05-22"
"01","073","0023","42602",1,33.553056,-86.815,"WGS84","Nitrogen dioxide (NO2)","1 HOUR","NO2 1-hour 2010","2019-12-12","Parts per billion","None",24,100.0,9.329167,30.2,0,28,"200","Teledyne-API Model 200EUP or T200UP - Photolytic-Chemiluminescence","North Birmingham","NO. B'HAM,SOU R.R., 3009 28TH ST. NO.","Alabama","Jefferson","Birmingham","Birmingham-Hoover, AL","2024-05-22"
"01","073","0023","42602",1,33.553056,-86.815,"WGS84","Nitrogen dioxide (NO2)","1 HOUR","NO2 1-hour 2010","2019-12-13","Parts per billion","None",22,92.0,12.627273,20.3,19,19,"200","Teledyne-API Model 200EUP or T200UP - Photolytic-Chemiluminescence","North Birmingham","NO. B'HAM,SOU R.R., 3009 28TH ST. NO.","Alabama","Jefferson","Birmingham","Birmingham-Hoover, AL","2024-05-22"
"01","073","0023","42602",1,33.553056,-86.815,"WGS84","Nitrogen dioxide (NO2)","1 HOUR","NO2 1-hour 2010","2019-12-14","Parts per billion","None",24,100.0,7.608333,21.7,19,20,"200","Teledyne-API Model 200EUP or T200UP - Photolytic-Chemiluminescence","North Birmingham","NO. B'HAM,SOU R.R., 3009 28TH ST. NO.","Alabama","Jefferson","Birmingham","Birmingham-Hoover, AL","2024-05-22"
"01","073","0023","42602",1,33.553056,-86.815,"WGS84","Nitrogen dioxide (NO2)","1 HOUR","NO2 1-hour 2010","2019-12-15","Parts per billion","None",24,100.0,6.495833,15.8,0,14,"200","Teledyne-API Model 200EUP or T200UP - Photolytic-Chemiluminescence","North Birmingham","NO. B'HAM,SOU R.R., 3009 28TH ST. NO.","Alabama","Jefferson","Birmingham","Birmingham-Hoover, AL","2024-05-22"
"01","073","0023","42602",1,33.553056,-86.815,"WGS84","Nitrogen dioxide (NO2)","1 HOUR","NO2 1-hour 2010","2019-12-16","Parts per billion","None",22,92.0,5.890909,14,7,13,"200","Teledyne-API Model 200EUP or T200UP - Photolytic-Chemiluminescence","North Birmingham","NO. B'HAM,SOU R.R., 3009 28TH ST. NO.","Alabama","Jefferson","Birmingham","Birmingham-Hoover, AL","2024-05-22"
"01","073","0023","42602",1,33.553056,-86.815,"WGS84","Nitrogen dioxide (NO2)","1 HOUR","NO2 1-hour 2010","2019-12-17","Parts per billion","None",21,88.0,3.871429,5.7,8,5,"200","Teledyne-API Model 200EUP or T200UP - Photolytic-Chemiluminescence","North Birmingham","NO. B'HAM,SOU R.R., 3009 28TH ST. NO.","Alabama","Jefferson","Birmingham","Birmingham-Hoover, AL","2024-05-22"
"01","073","0023","42602",1,33.553056,-86.815,"WGS84","Nitrogen dioxide (NO2)","1 HOUR","NO2 1-hour 2010","2019-12-18","Parts per billion","None",21,88.0,8.966667,23.6,23,22,"200","Teledyne-API Model 200EUP or T200UP - Photolytic-Chemiluminescence","North Birmingham","NO. B'HAM,SOU R.R., 3009 28TH ST. NO.","Alabama","Jefferson","Birmingham","Birmingham-Hoover, AL","2024-05-22"
"01","073","0023","42602",1,33.553056,-86.815,"WGS84","Nitrogen dioxide (NO2)","1 HOUR","NO2 1-hour 2010","2019-12-19","Parts per billion","None",24,100.0,16.979167,31,18,29,"200","Teledyne-API Model 200EUP or T200UP - Photolytic-Chemiluminescence","North Birmingham","NO. B'HAM,SOU R.R., 3009 28TH ST. NO.","Alabama","Jefferson","Birmingham","Birmingham-Hoover, AL","2024-05-22"
"01","073","0023","42602",1,33.553056,-86.815,"WGS84","Nitrogen dioxide (NO2)","1 HOUR","NO2 1-hour 2010","2019-12-20","Parts per billion","None",24,100.0,18.216667,31.9,17,29,"200","Teledyne-API Model 200EUP or T200UP - Photolytic-Chemiluminescence","North Birmingham","NO. B'HAM,SOU R.R., 3009 28TH ST. NO.","Alabama","Jefferson","Birmingham","Birmingham-Hoover, AL","2024-05-22"
"01","073","0023","42602",1,33.553056,-86.815,"WGS84","Nitrogen dioxide (NO2)","1 HOUR","NO2 1-hour 2010","2019-12-21","Parts per billion","None",24,100.0,10.429167,16.2,3,15,"200","Teledyne-API Model 200EUP or T200UP - Photolytic-Chemiluminescence","North Birmingham","NO. B'HAM,SOU R.R., 3009 28TH ST. NO.","Alabama","Jefferson","Birmingham","Birmingham-Hoover, AL","2024-05-22"
"01","073","0023","42602",1,33.553056,-86.815,"WGS84","Nitrogen dioxide (NO2)","1 HOUR","NO2 1-hour 2010","2019-12-22","Parts per billion","None",24,100.0,5.170833,8.1,2,8,"200","Teledyne-API Model 200EUP or T200UP - Photolytic-Chemiluminescence","North Birmingham","NO. B'HAM,SOU R.R., 3009 28TH ST. NO.","Alabama","Jefferson","Birmingham","Birmingham-Hoover, AL","2024-05-22"
"01","073","0023","42602",1,33.553056,-86.815,"WGS84","Nitrogen dioxide (NO2)","1 HOUR","NO2 1-hour 2010","2019-12-23","Parts per billion","None",24,100.0,6.5625,10.7,2,9,"200","Teledyne-API Model 200EUP or T200UP - Photolytic-Chemiluminescence","North Birmingham","NO. B'HAM,SOU R.R., 3009 28TH ST. NO.","Alabama","Jefferson","Birmingham","Birmingham-Hoover, AL","2024-05-22"
"01","073","0023","42602",1,33.553056,-86.815,"WGS84","Nitrogen dioxide (NO2)","1 HOUR","NO2 1-hour 2010","2019-12-24","Parts per billion","None",21,88.0,10.519048,20.6,17,19,"200","Teledyne-API Model 200EUP or T200UP - Photolytic-Chemiluminescence","North Birmingham","NO. B'HAM,SOU R.R., 3009 28TH ST. NO.","Alabama","Jefferson","Birmingham","Birmingham-Hoover, AL","2024-05-22"
"01","073","0023","42602",1,33.553056,-86.815,"WGS84","Nitrogen dioxide (NO2)","1 HOUR","NO2 1-hour 2010","2019-12-25","Parts per billion","None",21,88.0,11.895238,23,19,22,"200","Teledyne-API Model 200EUP or T200UP - Photolytic-Chemiluminescence","North Birmingham","NO. B'HAM,SOU R.R., 3009 28TH ST. NO.","Alabama","Jefferson","Birmingham","Birmingham-Hoover, AL","2024-05-22"
"01","073","0023","42602",1,33.553056,-86.815,"WGS84","Nitrogen dioxide (NO2)","1 HOUR","NO2 1-hour 2010","2019-12-26","Parts per billion","None",22,92.0,16.518182,33.1,20,31,"200","Teledyne-API Model 200EUP or T200UP - Photolytic-Chemiluminescence","North Birmingham","NO. B'HAM,SOU R.R., 3009 28TH ST. NO.","Alabama","Jefferson","Birmingham","Birmingham-Hoover, AL","2024-05-22"
"01","073","0023","42602",1,33.553056,-86.815,"WGS84","Nitrogen dioxide (NO2)","1 HOUR","NO2 1-hour 2010","2019-12-27","Parts per billion","None",24,100.0,16.283333,27,2,25,"200","Teledyne-API Model 200EUP or T200UP - Photolytic-Chemiluminescence","North Birmingham","NO. B'HAM,SOU R.R., 3009 28TH ST. NO.","Alabama","Jefferson","Birmingham","Birmingham-Hoover, AL","2024-05-22"
"01","073","0023","42602",1,33.553056,-86.815,"WGS84","Nitrogen dioxide (NO2)","1 HOUR","NO2 1-hour 2010","2019-12-28","Parts per billion","None",24,100.0,6.070833,15.6,4,14,"200","Teledyne-API Model 200EUP or T200UP - Photolytic-Chemiluminescence","North Birmingham","NO. B'HAM,SOU R.R., 3009 28TH ST. NO.","Alabama","Jefferson","Birmingham","Birmingham-Hoover, AL","2024-05-22"
"01","073","0023","42602",1,33.553056,-86.815,"WGS84","Nitrogen dioxide (NO2)","1 HOUR","NO2 1-hour 2010","2019-12-29","Parts per billion","None",24,100.0,2.483333,5.9,9,5,"200","Teledyne-API Model 200EUP or T200UP - Photolytic-Chemiluminescence","North Birmingham","NO. B'HAM,SOU R.R., 3009 28TH ST. NO.","Alabama","Jefferson","Birmingham","Birmingham-Hoover, AL","2024-05-22"
"01","073","0023","42602",1,33.553056,-86.815,"WGS84","Nitrogen dioxide (NO2)","1 HOUR","NO2 1-hour 2010","2019-12-30","Parts per billion","None",24,100.0,3.808333,12.2,19,11,"200","Teledyne-API Model 200EUP or T200UP - Photolytic-Chemiluminescence","North Birmingham","NO. B'HAM,SOU R.R., 3009 28TH ST. NO.","Alabama","Jefferson","Birmingham","Birmingham-Hoover, AL","2024-05-22"
"01","073","0023","42602",1,33.553056,-86.815,"WGS84","Nitrogen dioxide (NO2)","1 HOUR","NO2 1-hour 2010","2019-12-31","Parts per billion","None",21,88.0,6.22381,10.7,21,9,"200","Teledyne-API Model 200EUP or T200UP - Photolytic-Chemiluminescence","North Birmingham","NO. B'HAM,SOU R.R., 3009 28TH ST. NO.","Alabama","Jefferson","Birmingham","Birmingham-Hoover, AL","2024-05-22"
"01","073","2059","42602",1,33.521427,-86.844112,"WGS84","Nitrogen dioxide (NO2)","1 HOUR","NO2 1-hour 2010","2019-01-01","Parts per billion","None",23,96.0,6.930435,18.1,5,17,"200","Teledyne-API Model 200EUP or T200UP - Photolytic-Chemiluminescence","Arkadelphia/Near Road","1110 5th Street West Birmingham, AL 35204","Alabama","Jefferson","Birmingham","Birmingham-Hoover, AL","2024-05-22"
"01","073","2059","42602",1,33.521427,-86.844112,"WGS84","Nitrogen dioxide (NO2)","1 HOUR","NO2 1-hour 2010","2019-01-02","Parts per billion","None",23,96.0,9.96087,14.8,17,13,"200","Teledyne-API Model 200EUP or T200UP - Photolytic-Chemiluminescence","Arkadelphia/Near Road","1110 5th Street West Birmingham, AL 35204","Alabama","Jefferson","Birmingham","Birmingham-Hoover, AL","2024-05-22"
"01","073","2059","42602",1,33.521427,-86.844112,"WGS84","Nitrogen dioxide (NO2)","1 HOUR","NO2 1-hour 2010","2019-01-03","Parts per billion","None",20,83.0,13.505,18.5,16,17,"200","Teledyne-API Model 200EUP or T200UP - Photolytic-Chemiluminescence","Arkadelphia/Near Road","1110 5th Street West Birmingham, AL 35204","Alabama","Jefferson","Birmingham","Birmingham-Hoover, AL","2024-05-22"
"01","073","2059","42602",1,33.521427,-86.844112,"WGS84","Nitrogen dioxide (NO2)","1 HOUR","NO2 1-hour 2010","2019-01-04","Parts per billion","None",18,75.0,8.383333,13.3,17,12,"200","Teledyne-API Model 200EUP or T200UP - Photolytic-Chemiluminescence","Arkadelphia/Near Road","1110 5th Street West Birmingham, AL 35204","Alabama","Jefferson","Birmingham","Birmingham-Hoover, AL","2024-05-22"
"01","073","2059","42602",1,33.521427,-86.844112,"WGS84","Nitrogen dioxide (NO2)","1 HOUR","NO2 1-hour 2010","2019-01-05","Parts per billion","None",23,96.0,13.126087,29.5,18,27,"200","Teledyne-API Model 200EUP or T200UP - Photolytic-Chemiluminescence","Arkadelphia/Near Road","1110 5th Street West Birmingham, AL 35204","Alabama","Jefferson","Birmingham","Birmingham-Hoover, AL","2024-05-22"
"01","073","2059","42602",1,33.521427,-86.844112,"WGS84","Nitrogen dioxide (NO2)","1 HOUR","NO2 1-hour 2010","2019-01-06","Parts per billion","None",23,96.0,21.634783,35.4,19,33,"200","Teledyne-API Model 200EUP or T200UP - Photolytic-Chemiluminescence","Arkadelphia/Near Road","1110 5th Street West Birmingham, AL 35204","Alabama","Jefferson","Birmingham","Birmingham-Hoover, AL","2024-05-22"
"01","073","2059","42602",1,33.521427,-86.844112,"WGS84","Nitrogen dioxide (NO2)","1 HOUR","NO2 1-hour 2010","2019-01-07","Parts per billion","None",22,92.0,16.054545,26.4,3,25,"200","Teledyne-API Model 200EUP or T200UP - Photolytic-Chemiluminescence","Arkadelphia/Near Road","1110 5th Street West Birmingham, AL 35204","Alabama","Jefferson","Birmingham","Birmingham-Hoover, AL","2024-05-22"
"01","073","2059","42602",1,33.521427,-86.844112,"WGS84","Nitrogen dioxide (NO2)","1 HOUR","NO2 1-hour 2010","2019-01-08","Parts per billion","None",23,96.0,9.795652,27.8,19,25,"200","Teledyne-API Model 200EUP or T200UP - Photolytic-Chemiluminescence","Arkadelphia/Near Road","1110 5th Street West Birmingham, AL 35204","Alabama","Jefferson","Birmingham","Birmingham-Hoover, AL","2024-05-22"
"01","073","2059","42602",1,33.521427,-86.844112,"WGS84","Nitrogen dioxide (NO2)","1 HOUR","NO2 1-hour 2010","2019-01-09","Parts per billion","None",16,67.0,7.825,14.8,18,13,"200","Teledyne-API Model 200EUP or T200UP - Photolytic-Chemiluminescence","Arkadelphia/Near Road","1110 5th Street West Birmingham, AL 35204","Alabama","Jefferson","Birmingham","Birmingham-Hoover, AL","2024-05-22"
"01","073","2059","42602",1,33.521427,-86.844112,"WGS84","Nitrogen dioxide (NO2)","1 HOUR","NO2 1-hour 2010","2019-01-10","Parts per billion","None",23,96.0,7.8,21.9,21,20,"200","Teledyne-API Model 200EUP or T200UP - Photolytic-Chemiluminescence","Arkadelphia/Near Road","1110 5th Street West Birmingham, AL 35204","Alabama","Jefferson","Birmingham","Birmingham-Hoover, AL","2024-05-22"
"01","073","2059","42602",1,33.521427,-86.844112,"WGS84","Nitrogen dioxide (NO2)","1 HOUR","NO2 1-hour 2010","2019-01-11","Parts per billion","None",23,96.0,19.108696,32.2,17,30,"200","Teledyne-API Model 200EUP or T200UP - Photolytic-Chemiluminescence","Arkadelphia/Near Road","1110 5th Street West Birmingham, AL 35204","Alabama","Jefferson","Birmingham","Birmingham-Hoover, AL","2024-05-22"
"01","073","2059","42602",1,33.521427,-86.844112,"WGS84","Nitrogen dioxide (NO2)","1 HOUR","NO2 1-hour 2010","2019-01-12","Parts per billion","None",23,96.0,8.33913,17.6,18,16,"200","Teledyne-API Model 200EUP or T200UP - Photolytic-Chemiluminescence","Arkadelphia/Near Road","1110 5th Street West Birmingham, AL 35204","Alabama","Jefferson","Birmingham","Birmingham-Hoover, AL","2024-05-22"
"01","073","2059","42602",1,33.521427,-86.844112,"WGS84","Nitrogen dioxide (NO2)","1 HOUR","NO2 1-hour 2010","2019-01-13","Parts per billion","None",23,96.0,5.082609,15.6,2,14,"200","Teledyne-API Model 200EUP or T200UP - Photolytic-Chemiluminescence","Arkadelphia/Near Road","1110 5th Street West Birmingham, AL 35204","Alabama","Jefferson","Birmingham","Birmingham-Hoover, AL","2024-05-22"
"01","073","2059","42602",1,33.521427,-86.844112,"WGS84","Nitrogen dioxide (NO2)","1 HOUR","NO2 1-hour 2010","2019-01-14","Parts per billion","None",19,79.0,4.268421,6,7,6,"200","Teledyne-API Model 200EUP or T200UP - Photolytic-Chemiluminescence","Arkadelphia/Near Road","1110 5th Street West Birmingham, AL 35204","Alabama","Jefferson","Birmingham","Birmingham-Hoover, AL","2024-05-22"
"01","073","2059","42602",1,33.521427,-86.844112,"WGS84","Nitrogen dioxide (NO2)","1 HOUR","NO2 1-hour 2010","2019-01-15","Parts per billion","None",23,96.0,7.03913,28,23,26,"200","Teledyne-API Model 200EUP or T200UP - Photolytic-Chemiluminescence","Arkadelphia/Near Road","1110 5th Street West Birmingham, AL 35204","Alabama","Jefferson","Birmingham","Birmingham-Hoover, AL","2024-05-22"
"01","073","2059","42602",1,33.521427,-86.844112,"WGS84","Nitrogen dioxide (NO2)","1 HOUR","NO2 1-hour 2010","2019-01-16","Parts per billion","None",23,96.0,18.708696,29.5,19,27,"200","Teledyne-API Model 200EUP or T200UP - Photolytic-Chemiluminescence","Arkadelphia/Near Road","1110 5th Street West Birmingham, AL 35204","Alabama","Jefferson","Birmingham","Birmingham-Hoover, AL","2024-05-22"
"01","073","2059","42602",1,33.521427,-86.844112,"WGS84","Nitrogen dioxide (NO2)","1 HOUR","NO2 1-hour 2010","2019-01-17","Parts per billion","None",23,96.0,15.630435,25.9,1,24,"200","Teledyne-API Model 200EUP or T200UP - Photolytic-Chemiluminescence","Arkadelphia/Near Road","1110 5th Street West Birmingham, AL 35204","Alabama","Jefferson","Birmingham","Birmingham-Hoover, AL","2024-05-22"
"01","073","2059","42602",1,33.521427,-86.844112,"WGS84","Nitrogen dioxide (NO2)","1 HOUR","NO2 1-hour 2010","2019-01-18","Parts per billion","None",23,96.0,13.656522,24.7,17,23,"200","Teledyne-API Model 200EUP or T200UP - Photolytic-Chemiluminescence","Arkadelphia/Near Road","1110 5th Street West Birmingham, AL 35204","Alabama","Jefferson","Birmingham","Birmingham-Hoover, AL","2024-05-22"
"01","073","2059","42602",1,33.521427,-86.844112,"WGS84","Nitrogen dioxide (NO2)","1 HOUR","NO2 1-hour 2010","2019-01-19","Parts per billion","None",23,96.0,4.847826,11.6,17,10,"200","Teledyne-API Model 200EUP or T200UP - Photolytic-Chemiluminescence","Arkadelphia/Near Road","1110 5th Street West Birmingham, AL 35204","Alabama","Jefferson","Birmingham","Birmingham-Hoover, AL","2024-05-22"
"01","073","2059","42602",1,33.521427,-86.844112,"WGS84","Nitrogen dioxide (NO2)","1 HOUR","NO2 1-hour 2010","2019-01-20","Parts per billion","None",23,96.0,3.973913,12.5,18,11,"200","Teledyne-API Model 200EUP or T200UP - Photolytic-Chemiluminescence","Arkadelphia/Near Road","1110 5th Street West Birmingham, AL 35204","Alabama","Jefferson","Birmingham","Birmingham-Hoover, AL","2024-05-22"
"01","073","2059","42602",1,33.521427,-86.844112,"WGS84","Nitrogen dioxide (NO2)","1 HOUR","NO2 1-hour 2010","2019-01-21","Parts per billion","None",22,92.0,11.422727,22.5,19,21,"200","Teledyne-API Model 200EUP or T200UP - Photolytic-Chemiluminescence","Arkadelphia/Near Road","1110 5th Street West Birmingham, AL 35204","Alabama","Jefferson","Birmingham","Birmingham-Hoover, AL","2024-05-22"
"01","073","2059","42602",1,33.521427,-86.844112,"WGS84","Nitrogen dioxide (NO2)","1 HOUR","NO2 1-hour 2010","2019-01-22","Parts per billion","None",21,88.0,6.114286,10.1,6,9,"200","Teledyne-API Model 200EUP or T200UP - Photolytic-Chemiluminescence","Arkadelphia/Near Road","1110 5th Street West Birmingham, AL 35204","Alabama","Jefferson","Birmingham","Birmingham-Hoover, AL","2024-05-22"
"01","073","2059","42602",1,33.521427,-86.844112,"WGS84","Nitrogen dioxide (NO2)","1 HOUR","NO2 1-hour 2010","2019-01-23","Parts per billion","None",16,67.0,9.43125,28.9,19,26,"200","Teledyne-API Model 200EUP or T200UP - Photolytic-Chemiluminescence","Arkadelphia/Near Road","1110 5th Street West Birmingham, AL 35204","Alabama","Jefferson","Birmingham","Birmingham-Hoover, AL","2024-05-22"
"01","073","2059","42602",1,33.521427,-86.844112,"WGS84","Nitrogen dioxide (NO2)","1 HOUR","NO2 1-hour 2010","2019-01-24","Parts per billion","None",21,88.0,7.295238,25.9,19,24,"200","Teledyne-API Model 200EUP or T200UP - Photolytic-Chemiluminescence","Arkadelphia/Near Road","1110 5th Street West Birmingham, AL 35204","Alabama","Jefferson","Birmingham","Birmingham-Hoover, AL","2024-05-22"
"01","073","2059","42602",1,33.521427,-86.844112,"WGS84","Nitrogen dioxide (NO2)","1 HOUR","NO2 1-hour 2010","2019-01-25","Parts per billion","None",23,96.0,14.808696,27.4,19,25,"200","Teledyne-API Model 200EUP or T200UP - Photolytic-Chemiluminescence","Arkadelphia/Near Road","1110 5th Street West Birmingham, AL 35204","Alabama","Jefferson","Birmingham","Birmingham-Hoover, AL","2024-05-22"
"01","073","2059","42602",1,33.521427,-86.844112,"WGS84","Nitrogen dioxide (NO2)","1 HOUR","NO2 1-hour 2010","2019-01-26","Parts per billion","None",23,96.0,21.182609,33,21,31,"200","Teledyne-API Model 200EUP or T200UP - Photolytic-Chemiluminescence","Arkadelphia/Near Road","1110 5th Street West Birmingham, AL 35204","Alabama","Jefferson","Birmingham","Birmingham-Hoover, AL","2024-05-22"
"01","073","2059","42602",1,33.521427,-86.844112,"WGS84","Nitrogen dioxide (NO2)","1 HOUR","NO2 1-hour 2010","2019-01-27","Parts per billion","None",23,96.0,23.504348,34,9,32,"200","Teledyne-API Model 200EUP or T200UP - Photolytic-Chemiluminescence","Arkadelphia/Near Road","1110 5th Street West Birmingham, AL 35204","Alabama","Jefferson","Birmingham","Birmingham-Hoover, AL","2024-05-22"
"01","073","2059","42602",1,33.521427,-86.844112,"WGS84","Nitrogen dioxide (NO2)","1 HOUR","NO2 1-hour 2010","2019-01-28","Parts per billion","None",22,92.0,14.840909,30,6,28,"200","Teledyne-API Model 200EUP or T200UP - Photolytic-Chemiluminescence","Arkadelphia/Near Road","1110 5th Street West Birmingham, AL 35204","Alabama","Jefferson","Birmingham","Birmingham-Hoover, AL","2024-05-22"
"01","073","2059","42602",1,33.521427,-86.844112,"WGS84","Nitrogen dioxide (NO2)","1 HOUR","NO2 1-hour 2010","2019-01-29","Parts per billion","None",23,96.0,4.8,23.5,23,22,"200","Teledyne-API Model 200EUP or T200UP - Photolytic-Chemiluminescence","Arkadelphia/Near Road","1110 5th Street West Birmingham, AL 35204","Alabama","Jefferson","Birmingham","Birmingham-Hoover, AL","2024-05-22"
"01","073","2059","42602",1,33.521427,-86.844112,"WGS84","Nitrogen dioxide (NO2)","1 HOUR","NO2 1-hour 2010","2019-01-30","Parts per billion","None",20,83.0,20.855,33.8,18,31,"200","Teledyne-API Model 200EUP or T200UP - Photolytic-Chemiluminescence","Arkadelphia/Near Road","1110 5th Street West Birmingham, AL 35204","Alabama","Jefferson","Birmingham","Birmingham-Hoover, AL","2024-05-22"
"01","073","2059","42602",1,33.521427,-86.844112,"WGS84","Nitrogen dioxide (NO2)","1 HOUR","NO2 1-hour 2010","2019-01-31","Parts per billion","None",23,96.0,24.395652,37.8,18,35,"200","Teledyne-API Model 200EUP or T200UP - Photolytic-Chemiluminescence","Arkadelphia/Near Road","1110 5th Street West Birmingham, AL 35204","Alabama","Jefferson","Birmingham","Birmingham-Hoover, AL","2024-05-22"
"01","073","2059","42602",1,33.521427,-86.844112,"WGS84","Nitrogen dioxide (NO2)","1 HOUR","NO2 1-hour 2010","2019-02-01","Parts per billion","None",23,96.0,22.086957,41.9,21,39,"200","Teledyne-API Model 200EUP or T200UP - Photolytic-Chemiluminescence","Arkadelphia/Near Road","1110 5th Street West Birmingham, AL 35204","Alabama","Jefferson","Birmingham","Birmingham-Hoover, AL","2024-05-22"
"01","073","2059","42602",1,33.521427,-86.844112,"WGS84","Nitrogen dioxide (NO2)","1 HOUR","NO2 1-hour 2010","2019-02-02","Parts per billion","None",23,96.0,19.426087,40.6,1,38,"200","Teledyne-API Model 200EUP or T200UP - Photolytic-Chemiluminescence","Arkadelphia/Near Road","1110 5th Street West Birmingham, AL 35204","Alabama","Jefferson","Birmingham","Birmingham-Hoover, AL","2024-05-22"
"01","073","2059","42602",1,33.521427,-86.844112,"WGS84","Nitrogen dioxide (NO2)","1 HOUR","NO2 1-hour 2010","2019-02-03","Parts per billion","None",23,96.0,16.5,32.9,18,30,"200","Teledyne-API Model 200EUP or T200UP - Photolytic-Chemiluminescence","Arkadelphia/Near Road","1110 5th Street West Birmingham, AL 35204","Alabama","Jefferson","Birmingham","Birmingham-Hoover, AL","2024-05-22"
"01","073","2059","42602",1,33.521427,-86.844112,"WGS84","Nitrogen dioxide (NO2)","1 HOUR","NO2 1-hour 2010","2019-02-04","Parts per billion","None",22,92.0,10.736364,14.2,10,13,"200","Teledyne-API Model 200EUP or T200UP - Photolytic-Chemiluminescence","Arkadelphia/Near Road","1110 5th Street West Birmingham, AL 35204","Alabama","Jefferson","Birmingham","Birmingham-Hoover, AL","2024-05-22"
"01","073","2059","42602",1,33.521427,-86.844112,"WGS84","Nitrogen dioxide (NO2)","1 HOUR","NO2 1-hour 2010","2019-02-05","Parts per billion","None",23,96.0,10.378261,20.7,19,19,"200","Teledyne-API Model 200EUP or T200UP - Photolytic-Chemiluminescence","Arkadelphia/Near Road","1110 5th Street West Birmingham, AL 35204","Alabama","Jefferson","Birmingham","Birmingham-Hoover, AL","2024-05-22"
"01","073","2059","42602",1,33.521427,-86.844112,"WGS84","Nitrogen dioxide (NO2)","1 HOUR","NO2 1-hour 2010","2019-02-06","Parts per billion","None",19,79.0,5.605263,10.9,6,9,"200","Teledyne-API Model 200EUP or T200UP - Photolytic-Chemiluminescence","Arkadelphia/Near Road","1110 5th Street West Birmingham, AL 35204","Alabama","Jefferson","Birmingham","Birmingham-Hoover, AL","2024-05-22"
"01","073","2059","42602",1,33.521427,-86.844112,"WGS84","Nitrogen dioxide (NO2)","1 HOUR","NO2 1-hour 2010","2019-02-07","Parts per billion","None",23,96.0,4.617391,7.6,6,7,"200","Teledyne-API Model 200EUP or T200UP - Photolytic-Chemiluminescence","Arkadelphia/Near Road","1110 5th Street West Birmingham, AL 35204","Alabama","Jefferson","Birmingham","Birmingham-Hoover, AL","2024-05-22"
"01","073","2059","42602",1,33.521427,-86.844112,"WGS84","Nitrogen dioxide (NO2)","1 HOUR","NO2 1-hour 2010","2019-02-08","Parts per billion","None",23,96.0,3.143478,7,23,7,"200","Teledyne-API Model 200EUP or T200UP - Photolytic-Chemiluminescence","Arkadelphia/Near Road","1110 5th Street West Birmingham, AL 35204","Alabama","Jefferson","Birmingham","Birmingham-Hoover, AL","2024-05-22"
"01","073","2059","42602",1,33.521427,-86.844112,"WGS84","Nitrogen dioxide (NO2)","1 HOUR","NO2 1-hour 2010","2019-02-09","Parts per billion","None",23,96.0,7.665217,20.1,22,19,"200","Teledyne-API Model 200EUP or T200UP - Photolytic-Chemiluminescence","Arkadelphia/Near Road","1110 5th Street West Birmingham, AL 35204","Alabama","Jefferson","Birmingham","Birmingham-Hoover, AL","2024-05-22"
"01","073","2059","42602",1,33.521427,-86.844112,"WGS84","Nitrogen dioxide (NO2)","1 HOUR","NO2 1-hour 2010","2019-02-10","Parts per billion","None",23,96.0,7.491304,16,20,15,"200","Teledyne-API Model 200EUP or T200UP - Photolytic-Chemiluminescence","Arkadelphia/Near Road","1110 5th Street West Birmingham, AL 35204","Alabama","Jefferson","Birmingham","Birmingham-Hoover, AL","2024-05-22"
"01","073","2059","42602",1,33.521427,-86.844112,"WGS84","Nitrogen dioxide (NO2)","1 HOUR","NO2 1-hour 2010","2019-02-11","Parts per billion","None",22,92.0,8.545455,12.9,16,11,"200","Teledyne-API Model 200EUP or T200UP - Photolytic-Chemiluminescence","Arkadelphia/Near Road","1110 5th Street West Birmingham, AL 35204","Alabama","Jefferson","Birmingham","Birmingham-Hoover, AL","2024-05-22"
"01","073","2059","42602",1,33.521427,-86.844112,"WGS84","Nitrogen dioxide (NO2)","1 HOUR","NO2 1-hour 2010","2019-02-12","Parts per billion","None",21,88.0,7.004762,18,10,17,"200","Teledyne-API Model 200EUP or T200UP - Photolytic-Chemiluminescence","Arkadelphia/Near Road","1110 5th Street West Birmingham, AL 35204","Alabama","Jefferson","Birmingham","Birmingham-Hoover, AL","2024-05-22"
"01","073","2059","42602",1,33.521427,-86.844112,"WGS84","Nitrogen dioxide (NO2)","1 HOUR","NO2 1-hour 2010","2019-02-13","Parts per billion","None",22,92.0,14.154545,34.7,21,32,"200","Teledyne-API Model 200EUP or T200UP - Photolytic-Chemiluminescence","Arkadelphia/Near Road","1110 5th Street West Birmingham, AL 35204","Alabama","Jefferson","Birmingham","Birmingham-Hoover, AL","2024-05-22"
"01","073","2059","42602",1,33.521427,-86.844112,"WGS84","Nitrogen dioxide (NO2)","1 HOUR","NO2 1-hour 2010","2019-02-14","Parts per billion","None",19,79.0,16.289474,32.1,5,30,"200","Teledyne-API Model 200EUP or T200UP - Photolytic-Chemiluminescence","Arkadelphia/Near Road","1110 5th Street West Birmingham, AL 35204","Alabama","Jefferson","Birmingham","Birmingham-Hoover, AL","2024-05-22"
"01","073","2059","42602",1,33.521427,-86.844112,"WGS84","Nitrogen dioxide (NO2)","1 HOUR","NO2 1-hour 2010","2019-02-15","Parts per billion","None",23,96.0,9.643478,19.1,17,18,"200","Teledyne-API Model 200EUP or T200UP - Photolytic-Chemiluminescence","Arkadelphia/Near Road","1110 5th Street West Birmingham, AL 35204","Alabama","Jefferson","Birmingham","Birmingham-Hoover, AL","2024-05-22"
"01","073","2059","42602",1,33.521427,-86.844112,"WGS84","Nitrogen dioxide (NO2)","1 HOUR","NO2 1-hour 2010","2019-02-16","Parts per billion","None",23,96.0,4.565217,12.7,22,11,"200","Teledyne-API Model 200EUP or T200UP - Photolytic-Chemiluminescence","Arkadelphia/Near Road","1110 5th Street West Birmingham, AL 35204","Alabama","Jefferson","Birmingham","Birmingham-Hoover, AL","2024-05-22"
"01","073","2059","42602",1,33.521427,-86.844112,"WGS84","Nitrogen dioxide (NO2)","1 HOUR","NO2 1-hour 2010","2019-02-17","Parts per billion","None",23,96.0,6.213043,15.4,16,14,"200","Teledyne-API Model 200EUP or T200UP - Photolytic-Chemiluminescence","Arkadelphia/Near Road","1110 5th Street West Birmingham, AL 35204","Alabama","Jefferson","Birmingham","Birmingham-Hoover, AL","2024-05-22"
"01","073","2059","42602",1,33.521427,-86.844112,"WGS84","Nitrogen dioxide (NO2)","1 HOUR","NO2 1-hour 2010","2019-02-18","Parts per billion","None",20,83.0,4.095,8.3,20,8,"200","Teledyne-API Model 200EUP or T200UP - Photolytic-Chemiluminescence","Arkadelphia/Near Road","1110 5th Street West Birmingham, AL 35204","Alabama","Jefferson","Birmingham","Birmingham-Hoover, AL","2024-05-22"
"01","073","2059","42602",1,33.521427,-86.844112,"WGS84","Nitrogen dioxide (NO2)","1 HOUR","NO2 1-hour 2010","2019-02-19","Parts per billion","None",22,92.0,7.7,11.8,11,10,"200","Teledyne-API Model 200EUP or T200UP - Photolytic-Chemiluminescence","Arkadelphia/Near Road","1110 5th Street West Birmingham, AL 35204","Alabama","Jefferson","Birmingham","Birmingham-Hoover, AL","2024-05-22"
"01","073","2059","42602",1,33.521427,-86.844112,"WGS84","Nitrogen dioxide (NO2)","1 HOUR","NO2 1-hour 2010","2019-02-20","Parts per billion","None",15,63.0,9.44,15.6,21,14,"200","Teledyne-API Model 200EUP or T200UP - Photolytic-Chemiluminescence","Arkadelphia/Near Road","1110 5th Street West Birmingham, AL 35204","Alabama","Jefferson","Birmingham","Birmingham-Hoover, AL","2024-05-22"
"01","073","2059","42602",1,33.521427,-86.844112,"WGS84","Nitrogen dioxide (NO2)","1 HOUR","NO2 1-hour 2010","2019-02-21","Parts per billion","None",22,92.0,8.736364,12.9,20,11,"200","Teledyne-API Model 200EUP or T200UP - Photolytic-Chemiluminescence","Arkadelphia/Near Road","1110 5th Street West Birmingham, AL 35204","Alabama","Jefferson","Birmingham","Birmingham-Hoover, AL","2024-05-22"
"01","073","2059","42602",1,33.521427,-86.844112,"WGS84","Nitrogen dioxide (NO2)","1 HOUR","NO2 1-hour 2010","2019-02-22","Parts per billion","None",23,96.0,11.234783,16.3,9,15,"200","Teledyne-API Model 200EUP or T200UP - Photolytic-Chemiluminescence","Arkadelphia/Near Road","1110 5th Street West Birmingham, AL 35204","Alabama","Jefferson","Birmingham","Birmingham-Hoover, AL","2024-05-22"
"01","073","2059","42602",1,33.521427,-86.844112,"WGS84","Nitrogen dioxide (NO2)","1 HOUR","NO2 1-hour 2010","2019-02-23","Parts per billion","None",23,96.0,4.195652,9.1,1,8,"200","Teledyne-API Model 200EUP or T200UP - Photolytic-Chemiluminescence","Arkadelphia/Near Road","1110 5th Street West Birmingham, AL 35204","Alabama","Jefferson","Birmingham","Birmingham-Hoover, AL","2024-05-22"
"01","073","2059","42602",1,33.521427,-86.844112,"WGS84","Nitrogen dioxide (NO2)","1 HOUR","NO2 1-hour 2010","2019-02-24","Parts per billion","None",21,88.0,3.957143,12.6,19,11,"200","Teledyne-API Model 200EUP or T200UP - Photolytic-Chemiluminescence","Arkadelphia/Near Road","1110 5th Street West Birmingham, AL 35204","Alabama","Jefferson","Birmingham","Birmingham-Hoover, AL","2024-05-22"
"01","073","2059","42602",1,33.521427,-86.844112,"WGS84","Nitrogen dioxide (NO2)","1 HOUR","NO2 1-hour 2010","2019-02-25","Parts per billion","None",22,92.0,17.704545,40.7,21,38,"200","Teledyne-API Model 200EUP or T200UP - Photolytic-Chemiluminescence","Arkadelphia/Near Road","1110 5th Street West Birmingham, AL 35204","Alabama","Jefferson","Birmingham","Birmingham-Hoover, AL","2024-05-22"
"01","073","2059","42602",1,33.521427,-86.844112,"WGS84","Nitrogen dioxide (NO2)","1 HOUR","NO2 1-hour 2010","2019-02-26","Parts per billion","None",23,96.0,22.317391,34.2,1,32,"200","Teledyne-API Model 200EUP or T200UP - Photolytic-Chemiluminescence","Arkadelphia/Near Road","1110 5th Street West Birmingham, AL 35204","Alabama","Jefferson","Birmingham","Birmingham-Hoover, AL","2024-05-22"
"01","073","2059","42602",1,33.521427,-86.844112,"WGS84","Nitrogen dioxide (NO2)","1 HOUR","NO2 1-hour 2010","2019-02-27","Parts per billion","None",23,96.0,20.830435,35.3,18,33,"200","Teledyne-API Model 200EUP or T200UP - Photolytic-Chemiluminescence","Arkadelphia/Near Road","1110 5th Street West Birmingham, AL 35204","Alabama","Jefferson","Birmingham","Birmingham-Hoover, AL","2024-05-22"
"01","073","2059","42602",1,33.521427,-86.844112,"WGS84","Nitrogen dioxide (NO2)","1 HOUR","NO2 1-hour 2010","2019-02-28","Parts per billion","None",19,79.0,11.121053,24.6,7,23,"200","Teledyne-API Model 200EUP or T200UP - Photolytic-Chemiluminescence","Arkadelphia/Near Road","1110 5th Street West Birmingham, AL 35204","Alabama","Jefferson","Birmingham","Birmingham-Hoover, AL","2024-05-22"
"01","073","2059","42602",1,33.521427,-86.844112,"WGS84","Nitrogen dioxide (NO2)","1 HOUR","NO2 1-hour 2010","2019-03-01","Parts per billion","None",17,71.0,6.076471,12.1,5,11,"200","Teledyne-API Model 200EUP or T200UP - Photolytic-Chemiluminescence","Arkadelphia/Near Road","1110 5th Street West Birmingham, AL 35204","Alabama","Jefferson","Birmingham","Birmingham-Hoover, AL","2024-05-22"
"01","073","2059","42602",1,33.521427,-86.844112,"WGS84","Nitrogen dioxide (NO2)","1 HOUR","NO2 1-hour 2010","2019-03-02","Parts per billion","None",23,96.0,4.86087,11.5,16,10,"200","Teledyne-API Model 200EUP or T200UP - Photolytic-Chemiluminescence","Arkadelphia/Near Road","1110 5th Street West Birmingham, AL 35204","Alabama","Jefferson","Birmingham","Birmingham-Hoover, AL","2024-05-22"
"01","073","2059","42602",1,33.521427,-86.844112,"WGS84","Nitrogen dioxide (NO2)","1 HOUR","NO2 1-hour 2010","2019-03-03","Parts per billion","None",23,96.0,6.121739,11.9,10,10,"200","Teledyne-API Model 200EUP or T200UP - Photolytic-Chemiluminescence","Arkadelphia/Near Road","1110 5th Street West Birmingham, AL 35204","Alabama","Jefferson","Birmingham","Birmingham-Hoover, AL","2024-05-22"
"01","073","2059","42602",1,33.521427,-86.844112,"WGS84","Nitrogen dioxide (NO2)","1 HOUR","NO2 1-hour 2010","2019-03-04","Parts per billion","None",23,96.0,3.43913,7,8,7,"200","Teledyne-API Model 200EUP or T200UP - Photolytic-Chemiluminescence","Arkadelphia/Near Road","1110 5th Street West Birmingham, AL 35204","Alabama","Jefferson","Birmingham","Birmingham-Hoover, AL","2024-05-22"
"01","073","2059","42602",1,33.521427,-86.844112,"WGS84","Nitrogen dioxide (NO2)","1 HOUR","NO2 1-hour 2010","2019-03-05","Parts per billion","None",23,96.0,4.965217,11.2,6,10,"200","Teledyne-API Model 200EUP or T200UP - Photolytic-Chemiluminescence","Arkadelphia/Near Road","1110 5th Street West Birmingham, AL 35204","Alabama","Jefferson","Birmingham","Birmingham-Hoover, AL","2024-05-22"
"01","073","2059","42602",1,33.521427,-86.844112,"WGS84","Nitrogen dioxide (NO2)","1 HOUR","NO2 1-hour 2010","2019-03-06","Parts per billion","None",18,75.0,19.166667,46.7,21,43,"200","Teledyne-API Model 200EUP or T200UP - Photolytic-Chemiluminescence","Arkadelphia/Near Road","1110 5th Street West Birmingham, AL 35204","Alabama","Jefferson","Birmingham","Birmingham-Hoover, AL","2024-05-22"
"01","073","2059","42602",1,33.521427,-86.844112,"WGS84","Nitrogen dioxide (NO2)","1 HOUR","NO2 1-hour 2010","2019-03-07","Parts per billion","None",23,96.0,21.482609,35.3,1,33,"200","Teledyne-API Model 200EUP or T200UP - Photolytic-Chemiluminescence","Arkadelphia/Near Road","1110 5th Street West Birmingham, AL 35204","Alabama","Jefferson","Birmingham","Birmingham-Hoover, AL","2024-05-22"
"01","073","2059","42602",1,33.521427,-86.844112,"WGS84","Nitrogen dioxide (NO2)","1 HOUR","NO2 1-hour 2010","2019-03-08","Parts per billion","None",23,96.0,7.117391,12.5,6,11,"200","Teledyne-API Model 200EUP or T200UP - Photolytic-Chemiluminescence","Arkadelphia/Near Road","1110 5th Street West Birmingham, AL 35204","Alabama","Jefferson","Birmingham","Birmingham-Hoover, AL","2024-05-22"
"01","073","2059","42602",1,33.521427,-86.844112,"WGS84","Nitrogen dioxide (NO2)","1 HOUR","NO2 1-hour 2010","2019-03-09","Parts per billion","None",23,96.0,3.66087,8,8,8,"200","Teledyne-API Model 200EUP or T200UP - Photolytic-Chemiluminescence","Arkadelphia/Near Road","1110 5th Street West Birmingham, AL 35204","Alabama","Jefferson","Birmingham","Birmingham-Hoover, AL","2024-05-22"
"01","073","2059","42602",1,33.521427,-86.844112,"WGS84","Nitrogen dioxide (NO2)","1 HOUR","NO2 1-hour 2010","2019-03-10","Parts per billion","None",23,96.0,15.917391,37.8,19,35,"200","Teledyne-API Model 200EUP or T200UP - Photolytic-Chemiluminescence","Arkadelphia/Near Road","1110 5th Street West Birmingham, AL 35204","Alabama","Jefferson","Birmingham","Birmingham-Hoover, AL","2024-05-22"
"01","073","2059","42602",1,33.521427,-86.844112,"WGS84","Nitrogen dioxide (NO2)","1 HOUR","NO2 1-hour 2010","2019-03-11","Parts per billion","None",23,96.0,15.530435,31.2,20,29,"200","Teledyne-API Model 200EUP or T200UP - Photolytic-Chemiluminescence","Arkadelphia/Near Road","1110 5th Street West Birmingham, AL 35204","Alabama","Jefferson","Birmingham","Birmingham-Hoover, AL","2024-05-22"
"01","073","2059","42602",1,33.521427,-86.844112,"WGS84","Nitrogen dioxide (NO2)","1 HOUR","NO2 1-hour 2010","2019-03-12","Parts per billion","None",23,96.0,13.565217,24,2,23,"200","Teledyne-API Model 200EUP or T200UP - Photolytic-Chemiluminescence","Arkadelphia/Near Road","1110 5th Street West Birmingham, AL 35204","Alabama","Jefferson","Birmingham","Birmingham-Hoover, AL","2024-05-22"
"01","073","2059","42602",1,33.521427,-86.844112,"WGS84","Nitrogen dioxide (NO2)","1 HOUR","NO2 1-hour 2010","2019-03-13","Parts per billion","None",23,96.0,5.573913,14.1,1,13,"200","Teledyne-API Model 200EUP or T200UP - Photolytic-Chemiluminescence","Arkadelphia/Near Road","1110 5th Street West Birmingham, AL 35204","Alabama","Jefferson","Birmingham","Birmingham-Hoover, AL","2024-05-22"
"01","073","2059","42602",1,33.521427,-86.844112,"WGS84","Nitrogen dioxide (NO2)","1 HOUR","NO2 1-hour 2010","2019-03-14","Parts per billion","None",19,79.0,4.789474,7.4,23,7,"200","Teledyne-API Model 200EUP or T200UP - Photolytic-Chemiluminescence","Arkadelphia/Near Road","1110 5th Street West Birmingham, AL 35204","Alabama","Jefferson","Birmingham","Birmingham-Hoover, AL","2024-05-22"
"01","073","2059","42602",1,33.521427,-86.844112,"WGS84","Nitrogen dioxide (NO2)","1 HOUR","NO2 1-hour 2010","2019-03-15","Parts per billion","None",23,96.0,4.021739,7.6,7,7,"200","Teledyne-API Model 200EUP or T200UP - Photolytic-Chemiluminescence","Arkadelphia/Near Road","1110 5th Street West Birmingham, AL 35204","Alabama","Jefferson","Birmingham","Birmingham-Hoover, AL","2024-05-22"
"01","073","2059","42602",1,33.521427,-86.844112,"WGS84","Nitrogen dioxide (NO2)","1 HOUR","NO2 1-hour 2010","2019-03-16","Parts per billion","None",23,96.0,8.778261,29.8,22,27,"200","Teledyne-API Model 200EUP or T200UP - Photolytic-Chemiluminescence","Arkadelphia/Near Road","1110 5th Street West Birmingham, AL 35204","Alabama","Jefferson","Birmingham","Birmingham-Hoover, AL","2024-05-22"
"01","073","2059","42602",1,33.521427,-86.844112,"WGS84","Nitrogen dioxide (NO2)","1 HOUR","NO2 1-hour 2010","2019-03-17","Parts per billion","None",23,96.0,12.652174,44.1,21,42,"200","Teledyne-API Model 200EUP or T200UP - Photolytic-Chemiluminescence","Arkadelphia/Near Road","1110 5th Street West Birmingham, AL 35204","Alabama","Jefferson","Birmingham","Birmingham-Hoover, AL","2024-05-22"
"01","073","2059","42602",1,33.521427,-86.844112,"WGS84","Nitrogen dioxide (NO2)","1 HOUR","NO2 1-hour 2010","2019-03-18","Parts per billion","None",23,96.0,11.921739,38.2,6,36,"200","Teledyne-API Model 200EUP or T200UP - Photolytic-Chemiluminescence","Arkadelphia/Near Road","1110 5th Street West Birmingham, AL 35204","Alabama","Jefferson","Birmingham","Birmingham-Hoover, AL","2024-05-22"
"01","073","2059","42602",1,33.521427,-86.844112,"WGS84","Nitrogen dioxide (NO2)","1 HOUR","NO2 1-hour 2010","2019-03-19","Parts per billion","None",23,96.0,13.778261,44,23,42,"200","Teledyne-API Model 200EUP or T200UP - Photolytic-Chemiluminescence","Arkadelphia/Near Road","1110 5th Street West Birmingham, AL 35204","Alabama","Jefferson","Birmingham","Birmingham-Hoover, AL","2024-05-22"
"01","073","2059","42602",1,33.521427,-86.844112,"WGS84","Nitrogen dioxide (NO2)","1 HOUR","NO2 1-hour 2010","2019-03-20","Parts per billion","None",23,96.0,24.634783,47,19,44,"200","Teledyne-API Model 200EUP or T200UP - Photolytic-Chemiluminescence","Arkadelphia/Near Road","1110 5th Street West Birmingham, AL 35204","Alabama","Jefferson","Birmingham","Birmingham-Hoover, AL","2024-05-22"
"01","073","2059","42602",1,33.521427,-86.844112,"WGS84","Nitrogen dioxide (NO2)","1 HOUR","NO2 1-hour 2010","2019-03-21","Parts per billion","None",19,79.0,4.294737,7.2,6,7,"200","Teledyne-API Model 200EUP or T200UP - Photolytic-Chemiluminescence","Arkadelphia/Near Road","1110 5th Street West Birmingham, AL 35204","Alabama","Jefferson","Birmingham","Birmingham-Hoover, AL","2024-05-22"
"01","073","2059","42602",1,33.521427,-86.844112,"WGS84","Nitrogen dioxide (NO2)","1 HOUR","NO2 1-hour 2010","2019-03-22","Parts per billion","None",23,96.0,15.617391,42.4,19,40,"200","Teledyne-API Model 200EUP or T200UP - Photolytic-Chemiluminescence","Arkadelphia/Near Road","1110 5th Street West Birmingham, AL 35204","Alabama","Jefferson","Birmingham","Birmingham-Hoover, AL","2024-05-22"
"01","073","2059","42602",1,33.521427,-86.844112,"WGS84","Nitrogen dioxide (NO2)","1 HOUR","NO2 1-hour 2010","2019-03-23","Parts per billion","None",23,96.0,23.473913,46.5,21,43,"200","Teledyne-API Model 200EUP or T200UP - Photolytic-Chemiluminescence","Arkadelphia/Near Road","1110 5th Street West Birmingham, AL 35204","Alabama","Jefferson","Birmingham","Birmingham-Hoover, AL","2024-05-22"
"01","073","2059","42602",1,33.521427,-86.844112,"WGS84","Nitrogen dioxide (NO2)","1 HOUR","NO2 1-hour 2010","2019-03-24","Parts per billion","None",23,96.0,20.23913,43.8,1,41,"200","Teledyne-API Model 200EUP or T200UP - Photolytic-Chemiluminescence","Arkadelphia/Near Road","1110 5th Street West Birmingham, AL 35204","Alabama","Jefferson","Birmingham","Birmingham-Hoover, AL","2024-05-22"
"01","073","2059","42602",1,33.521427,-86.844112,"WGS84","Nitrogen dioxide (NO2)","1 HOUR","NO2 1-hour 2010","2019-03-25","Parts per billion","None",23,96.0,7.643478,22.4,7,21,"200","Teledyne-API Model 200EUP or T200UP - Photolytic-Chemiluminescence","Arkadelphia/Near Road","1110 5th Street West Birmingham, AL 35204","Alabama","Jefferson","Birmingham","Birmingham-Hoover, AL","2024-05-22"
"01","073","2059","42602",1,33.521427,-86.844112,"WGS84","Nitrogen dioxide (NO2)","1 HOUR","NO2 1-hour 2010","2019-03-26","Parts per billion","None",23,96.0,5,16.2,20,15,"200","Teledyne-API Model 200EUP or T200UP - Photolytic-Chemiluminescence","Arkadelphia/Near Road","1110 5th Street West Birmingham, AL 35204","Alabama","Jefferson","Birmingham","Birmingham-Hoover, AL","2024-05-22"
"01","073","2059","42602",1,33.521427,-86.844112,"WGS84","Nitrogen dioxide (NO2)","1 HOUR","NO2 1-hour 2010","2019-03-27","Parts per billion","None",18,75.0,15.405556,36.3,18,34,"200","Teledyne-API Model 200EUP or T200UP - Photolytic-Chemiluminescence","Arkadelphia/Near Road","1110 5th Street West Birmingham, AL 35204","Alabama","Jefferson","Birmingham","Birmingham-Hoover, AL","2024-05-22"
"01","073","2059","42602",1,33.521427,-86.844112,"WGS84","Nitrogen dioxide (NO2)","1 HOUR","NO2 1-hour 2010","2019-03-28","Parts per billion","None",19,79.0,17.721053,44.8,19,42,"200","Teledyne-API Model 200EUP or T200UP - Photolytic-Chemiluminescence","Arkadelphia/Near Road","1110 5th Street West Birmingham, AL 35204","Alabama","Jefferson","Birmingham","Birmingham-Hoover, AL","2024-05-22"
"01","073","2059","42602",1,33.521427,-86.844112,"WGS84","Nitrogen dioxide (NO2)","1 HOUR","NO2 1-hour 2010","2019-03-29","Parts per billion","None",18,75.0,24.877778,45.3,5,42,"200","Teledyne-API Model 200EUP or T200UP - Photolytic-Chemiluminescence","Arkadelphia/Near Road","1110 5th Street West Birmingham, AL 35204","Alabama","Jefferson","Birmingham","Birmingham-Hoover, AL","2024-05-22"
"01","073","2059","42602",1,33.521427,-86.844112,"WGS84","Nitrogen dioxide (NO2)","1 HOUR","NO2 1-hour 2010","2019-03-30","Parts per billion","None",23,96.0,4.747826,9.9,6,8,"200","Teledyne-API Model 200EUP or T200UP - Photolytic-Chemiluminescence","Arkadelphia/Near Road","1110 5th Street West Birmingham, AL 35204","Alabama","Jefferson","Birmingham","Birmingham-Hoover, AL","2024-05-22"
"01","073","2059","42602",1,33.521427,-86.844112,"WGS84","Nitrogen dioxide (NO2)","1 HOUR","NO2 1-hour 2010","2019-03-31","Parts per billion","None",23,96.0,2.43913,7.2,21,7,"200","Teledyne-API Model 200EUP or T200UP - Photolytic-Chemiluminescence","Arkadelphia/Near Road","1110 5th Street West Birmingham, AL 35204","Alabama","Jefferson","Birmingham","Birmingham-Hoover, AL","2024-05-22"
"01","073","2059","42602",1,33.521427,-86.844112,"WGS84","Nitrogen dioxide (NO2)","1 HOUR","NO2 1-hour 2010","2019-04-01","Parts per billion","None",23,96.0,8.895652,19.2,17,18,"200","Teledyne-API Model 200EUP or T200UP - Photolytic-Chemiluminescence","Arkadelphia/Near Road","1110 5th Street West Birmingham, AL 35204","Alabama","Jefferson","Birmingham","Birmingham-Hoover, AL","2024-05-22"
"01","073","2059","42602",1,33.521427,-86.844112,"WGS84","Nitrogen dioxide (NO2)","1 HOUR","NO2 1-hour 2010","2019-04-02","Parts per billion","None",23,96.0,12.626087,43.2,23,41,"200","Teledyne-API Model 200EUP or T200UP - Photolytic-Chemiluminescence","Arkadelphia/Near Road","1110 5th Street West Birmingham, AL 35204","Alabama","Jefferson","Birmingham","Birmingham-Hoover, AL","2024-05-22"
"01","073","2059","42602",1,33.521427,-86.844112,"WGS84","Nitrogen dioxide (NO2)","1 HOUR","NO2 1-hour 2010","2019-04-03","Parts per billion","None",18,75.0,31.172222,66.2,5,64,"200","Teledyne-API Model 200EUP or T200UP - Photolytic-Chemiluminescence","Arkadelphia/Near Road","1110 5th Street West Birmingham, AL 35204","Alabama","Jefferson","Birmingham","Birmingham-Hoover, AL","2024-05-22"
"01","073","2059","42602",1,33.521427,-86.844112,"WGS84","Nitrogen dioxide (NO2)","1 HOUR","NO2 1-hour 2010","2019-04-04","Parts per billion","None",20,83.0,15.27,43.5,4,41,"200","Teledyne-API Model 200EUP or T200UP - Photolytic-Chemiluminescence","Arkadelphia/Near Road","1110 5th Street West Birmingham, AL 35204","Alabama","Jefferson","Birmingham","Birmingham-Hoover, AL","2024-05-22"
"01","073","2059","42602",1,33.521427,-86.844112,"WGS84","Nitrogen dioxide (NO2)","1 HOUR","NO2 1-hour 2010","2019-04-05","Parts per billion","None",19,79.0,15.531579,35.2,19,33,"200","Teledyne-API Model 200EUP or T200UP - Photolytic-Chemiluminescence","Arkadelphia/Near Road","1110 5th Street West Birmingham, AL 35204","Alabama","Jefferson","Birmingham","Birmingham-Hoover, AL","2024-05-22"
"01","073","2059","42602",1,33.521427,-86.844112,"WGS84","Nitrogen dioxide (NO2)","1 HOUR","NO2 1-hour 2010","2019-04-06","Parts per billion","None",23,96.0,11.165217,20.4,1,19,"200","Teledyne-API Model 200EUP or T200UP - Photolytic-Chemiluminescence","Arkadelphia/Near Road","1110 5th Street West Birmingham, AL 35204","Alabama","Jefferson","Birmingham","Birmingham-Hoover, AL","2024-05-22"
"01","073","2059","42602",1,33.521427,-86.844112,"WGS84","Nitrogen dioxide (NO2)","1 HOUR","NO2 1-hour 2010","2019-04-07","Parts per billion","None",23,96.0,6.708696,19.4,20,18,"200","Teledyne-API Model 200EUP or T200UP - Photolytic-Chemiluminescence","Arkadelphia/Near Road","1110 5th Street West Birmingham, AL 35204","Alabama","Jefferson","Birmingham","Birmingham-Hoover, AL","2024-05-22"
"01","073","2059","42602",1,33.521427,-86.844112,"WGS84","Nitrogen dioxide (NO2)","1 HOUR","NO2 1-hour 2010","2019-04-08","Parts per billion","None",23,96.0,8.543478,16.9,23,15,"200","Teledyne-API Model 200EUP or T200UP - Photolytic-Chemiluminescence","Arkadelphia/Near Road","1110 5th Street West Birmingham, AL 35204","Alabama","Jefferson","Birmingham","Birmingham-Hoover, AL","2024-05-22"
"01","073","2059","42602",1,33.521427,-86.844112,"WGS84","Nitrogen dioxide (NO2)","1 HOUR","NO2 1-hour 2010","2019-04-09","Parts per billion","None",5,21.0,9.34,12,4,11,"200","Teledyne-API Model 200EUP or T200UP - Photolytic-Chemiluminescence","Arkadelphia/Near Road","1110 5th Street West Birmingham, AL 35204","Alabama","Jefferson","Birmingham","Birmingham-Hoover, AL","2024-05-22"
"01","073","2059","42602",1,33.521427,-86.844112,"WGS84","Nitrogen dioxide (NO2)","1 HOUR","NO2 1-hour 2010","2019-04-10","Parts per billion","None",16,67.0,20.91875,44.7,20,42,"200","Teledyne-API Model 200EUP or T200UP - Photolytic-Chemiluminescence","Arkadelphia/Near Road","1110 5th Street West Birmingham, AL 35204","Alabama","Jefferson","Birmingham","Birmingham-Hoover, AL","2024-05-22"
"01","073","2059","42602",1,33.521427,-86.844112,"WGS84","Nitrogen dioxide (NO2)","1 HOUR","NO2 1-hour 2010","2019-04-11","Parts per billion","None",23,96.0,7.469565,15.5,5,14,"200","Teledyne-API Model 200EUP or T200UP - Photolytic-Chemiluminescence","Arkadelphia/Near Road","1110 5th Street West Birmingham, AL 35204","Alabama","Jefferson","Birmingham","Birmingham-Hoover, AL","2024-05-22"
"01","073","2059","42602",1,33.521427,-86.844112,"WGS84","Nitrogen dioxide (NO2)","1 HOUR","NO2 1-hour 2010","2019-04-12","Parts per billion","None",23,96.0,8.447826,16.3,21,15,"200","Teledyne-API Model 200EUP or T200UP - Photolytic-Chemiluminescence","Arkadelphia/Near Road","1110 5th Street West Birmingham, AL 35204","Alabama","Jefferson","Birmingham","Birmingham-Hoover, AL","2024-05-22"
"01","073","2059","42602",1,33.521427,-86.844112,"WGS84","Nitrogen dioxide (NO2)","1 HOUR","NO2 1-hour 2010","2019-04-13","Parts per billion","None",23,96.0,5.03913,10.5,4,9,"200","Teledyne-API Model 200EUP or T200UP - Photolytic-Chemiluminescence","Arkadelphia/Near Road","1110 5th Street West Birmingham, AL 35204","Alabama","Jefferson","Birmingham","Birmingham-Hoover, AL","2024-05-22"
"01","073","2059","42602",1,33.521427,-86.844112,"WGS84","Nitrogen dioxide (NO2)","1 HOUR","NO2 1-hour 2010","2019-04-14","Parts per billion","None",23,96.0,2.73913,5.6,16,5,"200","Teledyne-API Model 200EUP or T200UP - Photolytic-Chemiluminescence","Arkadelphia/Near Road","1110 5th Street West Birmingham, AL 35204","Alabama","Jefferson","Birmingham","Birmingham-Hoover, AL","2024-05-22"
"01","073","2059","42602",1,33.521427,-86.844112,"WGS84","Nitrogen dioxide (NO2)","1 HOUR","NO2 1-hour 2010","2019-04-15","Parts per billion","None",23,96.0,12.117391,39.1,19,37,"200","Teledyne-API Model 200EUP or T200UP - Photolytic-Chemiluminescence","Arkadelphia/Near Road","1110 5th Street West Birmingham, AL 35204","Alabama","Jefferson","Birmingham","Birmingham-Hoover, AL","2024-05-22"
"01","073","2059","42602",1,33.521427,-86.844112,"WGS84","Nitrogen dioxide (NO2)","1 HOUR","NO2 1-hour 2010","2019-04-16","Parts per billion","None",23,96.0,19.526087,37.1,22,35,"200","Teledyne-API Model 200EUP or T200UP - Photolytic-Chemiluminescence","Arkadelphia/Near Road","1110 5th Street West Birmingham, AL 35204","Alabama","Jefferson","Birmingham","Birmingham-Hoover, AL","2024-05-22"
"01","073","2059","42602",1,33.521427,-86.844112,"WGS84","Nitrogen dioxide (NO2)","1 HOUR","NO2 1-hour 2010","2019-04-17","Parts per billion","None",23,96.0,15.095652,32.8,5,30,"200","Teledyne-API Model 200EUP or T200UP - Photolytic-Chemiluminescence","Arkadelphia/Near Road","1110 5th Street West Birmingham, AL 35204","Alabama","Jefferson","Birmingham","Birmingham-Hoover, AL","2024-05-22"
"01","073","2059","42602",1,33.521427,-86.844112,"WGS84","Nitrogen dioxide (NO2)","1 HOUR","NO2 1-hour 2010","2019-04-18","Parts per billion","None",20,83.0,7.095,10.8,6,9,"200","Teledyne-API Model 200EUP or T200UP - Photolytic-Chemiluminescence","Arkadelphia/Near Road","1110 5th Street West Birmingham, AL 35204","Alabama","Jefferson","Birmingham","Birmingham-Hoover, AL","2024-05-22"
"01","073","2059","42602",1,33.521427,-86.844112,"WGS84","Nitrogen dioxide (NO2)","1 HOUR","NO2 1-hour 2010","2019-04-19","Parts per billion","None",20,83.0,5.4,18.7,5,17,"200","Teledyne-API Model 200EUP or T200UP - Photolytic-Chemiluminescence","Arkadelphia/Near Road","1110 5th Street West Birmingham, AL 35204","Alabama","Jefferson","Birmingham","Birmingham-Hoover, AL","2024-05-22"
"01","073","2059","42602",1,33.521427,-86.844112,"WGS84","Nitrogen dioxide (NO2)","1 HOUR","NO2 1-hour 2010","2019-04-20","Parts per billion","None",23,96.0,9.486957,33.1,20,31,"200","Teledyne-API Model 200EUP or T200UP - Photolytic-Chemiluminescence","Arkadelphia/Near Road","1110 5th Street West Birmingham, AL 35204","Alabama","Jefferson","Birmingham","Birmingham-Hoover, AL","2024-05-22"
"01","073","2059","42602",1,33.521427,-86.844112,"WGS84","Nitrogen dioxide (NO2)","1 HOUR","NO2 1-hour 2010","2019-04-21","Parts per billion","None",23,96.0,16.508696,37.5,19,35,"200","Teledyne-API Model 200EUP or T200UP - Photolytic-Chemiluminescence","Arkadelphia/Near Road","1110 5th Street West Birmingham, AL 35204","Alabama","Jefferson","Birmingham","Birmingham-Hoover, AL","2024-05-22"
"01","073","2059","42602",1,33.521427,-86.844112,"WGS84","Nitrogen dioxide (NO2)","1 HOUR","NO2 1-hour 2010","2019-04-22","Parts per billion","None",20,83.0,24.28,42.7,18,40,"200","Teledyne-API Model 200EUP or T200UP - Photolytic-Chemiluminescence","Arkadelphia/Near Road","1110 5th Street West Birmingham, AL 35204","Alabama","Jefferson","Birmingham","Birmingham-Hoover, AL","2024-05-22"
"01","073","2059","42602",1,33.521427,-86.844112,"WGS84","Nitrogen dioxide (NO2)","1 HOUR","NO2 1-hour 2010","2019-04-23","Parts per billion","None",16,67.0,24.10625,33.3,21,31,"200","Teledyne-API Model 200EUP or T200UP - Photolytic-Chemiluminescence","Arkadelphia/Near Road","1110 5th Street West Birmingham, AL 35204","Alabama","Jefferson","Birmingham","Birmingham-Hoover, AL","2024-05-22"
"01","073","2059","42602",1,33.521427,-86.844112,"WGS84","Nitrogen dioxide (NO2)","1 HOUR","NO2 1-hour 2010","2019-04-24","Parts per billion","None",23,96.0,12.647826,29.5,6,27,"200","Teledyne-API Model 200EUP or T200UP - Photolytic-Chemiluminescence","Arkadelphia/Near Road","1110 5th Street West Birmingham, AL 35204","Alabama","Jefferson","Birmingham","Birmingham-Hoover, AL","2024-05-22"
"01","073","2059","42602",1,33.521427,-86.844112,"WGS84","Nitrogen dioxide (NO2)","1 HOUR","NO2 1-hour 2010","2019-04-25","Parts per billion","None",23,96.0,10.126087,20.9,13,19,"200","Teledyne-API Model 200EUP or T200UP - Photolytic-Chemiluminescence","Arkadelphia/Near Road","1110 5th Street West Birmingham, AL 35204","Alabama","Jefferson","Birmingham","Birmingham-Hoover, AL","2024-05-22"
"01","073","2059","42602",1,33.521427,-86.844112,"WGS84","Nitrogen dioxide (NO2)","1 HOUR","NO2 1-hour 2010","2019-04-26","Parts per billion","None",23,96.0,6.986957,33.8,23,31,"200","Teledyne-API Model 200EUP or T200UP - Photolytic-Chemiluminescence","Arkadelphia/Near Road","1110 5th Street West Birmingham, AL 35204","Alabama","Jefferson","Birmingham","Birmingham-Hoover, AL","2024-05-22"
"01","073","2059","42602",1,33.521427,-86.844112,"WGS84","Nitrogen dioxide (NO2)","1 HOUR","NO2 1-hour 2010","2019-04-27","Parts per billion","None",23,96.0,12.234783,32.4,2,30,"200","Teledyne-API Model 200EUP or T200UP - Photolytic-Chemiluminescence","Arkadelphia/Near Road","1110 5th Street West Birmingham, AL 35204","Alabama","Jefferson","Birmingham","Birmingham-Hoover, AL","2024-05-22"
"01","073","2059","42602",1,33.521427,-86.844112,"WGS84","Nitrogen dioxide (NO2)","1 HOUR","NO2 1-hour 2010","2019-04-28","Parts per billion","None",23,96.0,9.856522,31.1,21,29,"200","Teledyne-API Model 200EUP or T200UP - Photolytic-Chemiluminescence","Arkadelphia/Near Road","1110 5th Street West Birmingham, AL 35204","Alabama","Jefferson","Birmingham","Birmingham-Hoover, AL","2024-05-22"
"01","073","2059","42602",1,33.521427,-86.844112,"WGS84","Nitrogen dioxide (NO2)","1 HOUR","NO2 1-hour 2010","2019-04-29","Parts per billion","None",23,96.0,16.195652,30.5,22,28,"200","Teledyne-API Model 200EUP or T200UP - Photolytic-Chemiluminescence","Arkadelphia/Near Road","1110 5th Street West Birmingham, AL 35204","Alabama","Jefferson","Birmingham","Birmingham-Hoover, AL","2024-05-22"
"01","073","2059","42602",1,33.521427,-86.844112,"WGS84","Nitrogen dioxide (NO2)","1 HOUR","NO2 1-hour 2010","2019-04-30","Parts per billion","None",23,96.0,14.369565,35.3,2,33,"200","Teledyne-API Model 200EUP or T200UP - Photolytic-Chemiluminescence","Arkadelphia/Near Road","1110 5th Street West Birmingham, AL 35204","Alabama","Jefferson","Birmingham","Birmingham-Hoover, AL","2024-05-22"
"01","073","2059","42602",1,33.521427,-86.844112,"WGS84","Nitrogen dioxide (NO2)","1 HOUR","NO2 1-hour 2010","2019-05-01","Parts per billion","None",23,96.0,9.756522,23.1,18,22,"200","Teledyne-API Model 200EUP or T200UP - Photolytic-Chemiluminescence","Arkadelphia/Near Road","1110 5th Street West Birmingham, AL 35204","Alabama","Jefferson","Birmingham","Birmingham-Hoover, AL","2024-05-22"
"01","073","2059","42602",1,33.521427,-86.844112,"WGS84","Nitrogen dioxide (NO2)","1 HOUR","NO2 1-hour 2010","2019-05-02","Parts per billion","None",23,96.0,9.095652,25.9,5,24,"200","Teledyne-API Model 200EUP or T200UP - Photolytic-Chemiluminescence","Arkadelphia/Near Road","1110 5th Street West Birmingham, AL 35204","Alabama","Jefferson","Birmingham","Birmingham-Hoover, AL","2024-05-22"
"01","073","2059","42602",1,33.521427,-86.844112,"WGS84","Nitrogen dioxide (NO2)","1 HOUR","NO2 1-hour 2010","2019-05-03","Parts per billion","None",23,96.0,7.891304,20.4,5,19,"200","Teledyne-API Model 200EUP or T200UP - Photolytic-Chemiluminescence","Arkadelphia/Near Road","1110 5th Street West Birmingham, AL 35204","Alabama","Jefferson","Birmingham","Birmingham-Hoover, AL","2024-05-22"
"01","073","2059","42602",1,33.521427,-86.844112,"WGS84","Nitrogen dioxide (NO2)","1 HOUR","NO2 1-hour 2010","2019-05-04","Parts per billion","None",23,96.0,9.456522,22.3,2,21,"200","Teledyne-API Model 200EUP or T200UP - Photolytic-Chemiluminescence","Arkadelphia/Near Road","1110 5th Street West Birmingham, AL 35204","Alabama","Jefferson","Birmingham","Birmingham-Hoover, AL","2024-05-22"
"01","073","2059","42602",1,33.521427,-86.844112,"WGS84","Nitrogen dioxide (NO2)","1 HOUR","NO2 1-hour 2010","2019-05-05","Parts per billion","None",23,96.0,3.926087,12.9,22,11,"200","Teledyne-API Model 200EUP or T200UP - Photolytic-Chemiluminescence","Arkadelphia/Near Road","1110 5th Street West Birmingham, AL 35204","Alabama","Jefferson","Birmingham","Birmingham-Hoover, AL","2024-05-22"
"01","073","2059","42602",1,33.521427,-86.844112,"WGS84","Nitrogen dioxide (NO2)","1 HOUR","NO2 1-hour 2010","2019-05-06","Parts per billion","None",23,96.0,12.534783,39.3,21,37,"200","Teledyne-API Model 200EUP or T200UP - Photolytic-Chemiluminescence","Arkadelphia/Near Road","1110 5th Street West Birmingham, AL 35204","Alabama","Jefferson","Birmingham","Birmingham-Hoover, AL","2024-05-22"
"01","073","2059","42602",1,33.521427,-86.844112,"WGS84","Nitrogen dioxide (NO2)","1 HOUR","NO2 1-hour 2010","2019-05-07","Parts per billion","None",19,79.0,21.121053,42.7,20,40,"200","Teledyne-API Model 200EUP or T200UP - Photolytic-Chemiluminescence","Arkadelphia/Near Road","1110 5th Street West Birmingham, AL 35204","Alabama","Jefferson","Birmingham","Birmingham-Hoover, AL","2024-05-22"
"01","073","2059","42602",1,33.521427,-86.844112,"WGS84","Nitrogen dioxide (NO2)","1 HOUR","NO2 1-hour 2010","2019-05-08","Parts per billion","None",18,75.0,14.988889,41.6,1,39,"200","Teledyne-API Model 200EUP or T200UP - Photolytic-Chemiluminescence","Arkadelphia/Near Road","1110 5th Street West Birmingham, AL 35204","Alabama","Jefferson","Birmingham","Birmingham-Hoover, AL","2024-05-22"
"01","073","2059","42602",1,33.521427,-86.844112,"WGS84","Nitrogen dioxide (NO2)","1 HOUR","NO2 1-hour 2010","2019-05-09","Parts per billion","None",16,67.0,12.0875,22.9,18,21,"200","Teledyne-API Model 200EUP or T200UP - Photolytic-Chemiluminescence","Arkadelphia/Near Road","1110 5th Street West Birmingham, AL 35204","Alabama","Jefferson","Birmingham","Birmingham-Hoover, AL","2024-05-22"
"01","073","2059","42602",1,33.521427,-86.844112,"WGS84","Nitrogen dioxide (NO2)","1 HOUR","NO2 1-hour 2010","2019-05-10","Parts per billion","None",23,96.0,14.052174,24.8,19,23,"200","Teledyne-API Model 200EUP or T200UP - Photolytic-Chemiluminescence","Arkadelphia/Near Road","1110 5th Street West Birmingham, AL 35204","Alabama","Jefferson","Birmingham","Birmingham-Hoover, AL","2024-05-22"
"01","073","2059","42602",1,33.521427,-86.844112,"WGS84","Nitrogen dioxide (NO2)","1 HOUR","NO2 1-hour 2010","2019-05-11","Parts per billion","None",23,96.0,7.56087,14.5,1,13,"200","Teledyne-API Model 200EUP or T200UP - Photolytic-Chemiluminescence","Arkadelphia/Near Road","1110 5th Street West Birmingham, AL 35204","Alabama","Jefferson","Birmingham","Birmingham-Hoover, AL","2024-05-22"
"01","073","2059","42602",1,33.521427,-86.844112,"WGS84","Nitrogen dioxide (NO2)","1 HOUR","NO2 1-hour 2010","2019-05-12","Parts per billion","None",23,96.0,5.517391,12,9,11,"200","Teledyne-API Model 200EUP or T200UP - Photolytic-Chemiluminescence","Arkadelphia/Near Road","1110 5th Street West Birmingham, AL 35204","Alabama","Jefferson","Birmingham","Birmingham-Hoover, AL","2024-05-22"
"01","073","2059","42602",1,33.521427,-86.844112,"WGS84","Nitrogen dioxide (NO2)","1 HOUR","NO2 1-hour 2010","2019-05-13","Parts per billion","None",21,88.0,6.12381,19.8,23,18,"200","Teledyne-API Model 200EUP or T200UP - Photolytic-Chemiluminescence","Arkadelphia/Near Road","1110 5th Street West Birmingham, AL 35204","Alabama","Jefferson","Birmingham","Birmingham-Hoover, AL","2024-05-22"
"01","073","2059","42602",1,33.521427,-86.844112,"WGS84","Nitrogen dioxide (NO2)","1 HOUR","NO2 1-hour 2010","2019-05-14","Parts per billion","None",17,71.0,12.605882,35.2,22,33,"200","Teledyne-API Model 200EUP or T200UP - Photolytic-Chemiluminescence","Arkadelphia/Near Road","1110 5th Street West Birmingham, AL 35204","Alabama","Jefferson","Birmingham","Birmingham-Hoover, AL","2024-05-22"
"01","073","2059","42602",1,33.521427,-86.844112,"WGS84","Nitrogen dioxide (NO2)","1 HOUR","NO2 1-hour 2010","2019-05-15","Parts per billion","None",20,83.0,16.95,30.3,21,28,"200","Teledyne-API Model 200EUP or T200UP - Photolytic-Chemiluminescence","Arkadelphia/Near Road","1110 5th Street West Birmingham, AL 35204","Alabama","Jefferson","Birmingham","Birmingham-Hoover, AL","2024-05-22"
"01","073","2059","42602",1,33.521427,-86.844112,"WGS84","Nitrogen dioxide (NO2)","1 HOUR","NO2 1-hour 2010","2019-05-16","Parts per billion","None",23,96.0,13.747826,33,19,31,"200","Teledyne-API Model 200EUP or T200UP - Photolytic-Chemiluminescence","Arkadelphia/Near Road","1110 5th Street West Birmingham, AL 35204","Alabama","Jefferson","Birmingham","Birmingham-Hoover, AL","2024-05-22"
"01","073","2059","42602",1,33.521427,-86.844112,"WGS84","Nitrogen dioxide (NO2)","1 HOUR","NO2 1-hour 2010","2019-05-17","Parts per billion","None",22,92.0,13.463636,30.5,22,28,"200","Teledyne-API Model 200EUP or T200UP - Photolytic-Chemiluminescence","Arkadelphia/Near Road","1110 5th Street West Birmingham, AL 35204","Alabama","Jefferson","Birmingham","Birmingham-Hoover, AL","2024-05-22"
"01","073","2059","42602",1,33.521427,-86.844112,"WGS84","Nitrogen dioxide (NO2)","1 HOUR","NO2 1-hour 2010","2019-05-18","Parts per billion","None",23,96.0,7.382609,20.8,1,19,"200","Teledyne-API Model 200EUP or T200UP - Photolytic-Chemiluminescence","Arkadelphia/Near Road","1110 5th Street West Birmingham, AL 35204","Alabama","Jefferson","Birmingham","Birmingham-Hoover, AL","2024-05-22"
"01","073","2059","42602",1,33.521427,-86.844112,"WGS84","Nitrogen dioxide (NO2)","1 HOUR","NO2 1-hour 2010","2019-05-19","Parts per billion","None",23,96.0,5.065217,9.8,20,8,"200","Teledyne-API Model 200EUP or T200UP - Photolytic-Chemiluminescence","Arkadelphia/Near Road","1110 5th Street West Birmingham, AL 35204","Alabama","Jefferson","Birmingham","Birmingham-Hoover, AL","2024-05-22"
"01","073","2059","42602",1,33.521427,-86.844112,"WGS84","Nitrogen dioxide (NO2)","1 HOUR","NO2 1-hour 2010","2019-05-20","Parts per billion","None",20,83.0,9.085,23.5,23,22,"200","Teledyne-API Model 200EUP or T200UP - Photolytic-Chemiluminescence","Arkadelphia/Near Road","1110 5th Street West Birmingham, AL 35204","Alabama","Jefferson","Birmingham","Birmingham-Hoover, AL","2024-05-22"
"01","073","2059","42602",1,33.521427,-86.844112,"WGS84","Nitrogen dioxide (NO2)","1 HOUR","NO2 1-hour 2010","2019-05-21","Parts per billion","None",22,92.0,10.627273,27.1,1,25,"200","Teledyne-API Model 200EUP or T200UP - Photolytic-Chemiluminescence","Arkadelphia/Near Road","1110 5th Street West Birmingham, AL 35204","Alabama","Jefferson","Birmingham","Birmingham-Hoover, AL","2024-05-22"
"01","073","2059","42602",1,33.521427,-86.844112,"WGS84","Nitrogen dioxide (NO2)","1 HOUR","NO2 1-hour 2010","2019-05-22","Parts per billion","None",23,96.0,11.347826,30.4,22,28,"200","Teledyne-API Model 200EUP or T200UP - Photolytic-Chemiluminescence","Arkadelphia/Near Road","1110 5th Street West Birmingham, AL 35204","Alabama","Jefferson","Birmingham","Birmingham-Hoover, AL","2024-05-22"
"01","073","2059","42602",1,33.521427,-86.844112,"WGS84","Nitrogen dioxide (NO2)","1 HOUR","NO2 1-hour 2010","2019-05-23","Parts per billion","None",23,96.0,17.617391,32.6,1,30,"200","Teledyne-API Model 200EUP or T200UP - Photolytic-Chemiluminescence","Arkadelphia/Near Road","1110 5th Street West Birmingham, AL 35204","Alabama","Jefferson","Birmingham","Birmingham-Hoover, AL","2024-05-22"
"01","073","2059","42602",1,33.521427,-86.844112,"WGS84","Nitrogen dioxide (NO2)","1 HOUR","NO2 1-hour 2010","2019-05-24","Parts per billion","None",23,96.0,15.495652,28.7,1,26,"200","Teledyne-API Model 200EUP or T200UP - Photolytic-Chemiluminescence","Arkadelphia/Near Road","1110 5th Street West Birmingham, AL 35204","Alabama","Jefferson","Birmingham","Birmingham-Hoover, AL","2024-05-22"
"01","073","2059","42602",1,33.521427,-86.844112,"WGS84","Nitrogen dioxide (NO2)","1 HOUR","NO2 1-hour 2010","2019-05-25","Parts per billion","None",23,96.0,14.33913,29,20,27,"200","Teledyne-API Model 200EUP or T200UP - Photolytic-Chemiluminescence","Arkadelphia/Near Road","1110 5th Street West Birmingham, AL 35204","Alabama","Jefferson","Birmingham","Birmingham-Hoover, AL","2024-05-22"
"01","073","2059","42602",1,33.521427,-86.844112,"WGS84","Nitrogen dioxide (NO2)","1 HOUR","NO2 1-hour 2010","2019-05-26","Parts per billion","None",23,96.0,11.334783,27.6,1,25,"200","Teledyne-API Model 200EUP or T200UP - Photolytic-Chemiluminescence","Arkadelphia/Near Road","1110 5th Street West Birmingham, AL 35204","Alabama","Jefferson","Birmingham","Birmingham-Hoover, AL","2024-05-22"
"01","073","2059","42602",1,33.521427,-86.844112,"WGS84","Nitrogen dioxide (NO2)","1 HOUR","NO2 1-hour 2010","2019-05-27","Parts per billion","None",21,88.0,8.12381,22.2,6,21,"200","Teledyne-API Model 200EUP or T200UP - Photolytic-Chemiluminescence","Arkadelphia/Near Road","1110 5th Street West Birmingham, AL 35204","Alabama","Jefferson","Birmingham","Birmingham-Hoover, AL","2024-05-22"
"01","073","2059","42602",1,33.521427,-86.844112,"WGS84","Nitrogen dioxide (NO2)","1 HOUR","NO2 1-hour 2010","2019-05-28","Parts per billion","None",19,79.0,10.321053,22.4,20,21,"200","Teledyne-API Model 200EUP or T200UP - Photolytic-Chemiluminescence","Arkadelphia/Near Road","1110 5th Street West Birmingham, AL 35204","Alabama","Jefferson","Birmingham","Birmingham-Hoover, AL","2024-05-22"
"01","073","2059","42602",1,33.521427,-86.844112,"WGS84","Nitrogen dioxide (NO2)","1 HOUR","NO2 1-hour 2010","2019-05-29","Parts per billion","None",4,17.0,6.675,11.4,4,10,"200","Teledyne-API Model 200EUP or T200UP - Photolytic-Chemiluminescence","Arkadelphia/Near Road","1110 5th Street West Birmingham, AL 35204","Alabama","Jefferson","Birmingham","Birmingham-Hoover, AL","2024-05-22"
"01","073","2059","42602",1,33.521427,-86.844112,"WGS84","Nitrogen dioxide (NO2)","1 HOUR","NO2 1-hour 2010","2019-06-04","Parts per billion","None",11,46.0,9.718182,27.2,20,25,"200","Teledyne-API Model 200EUP or T200UP - Photolytic-Chemiluminescence","Arkadelphia/Near Road","1110 5th Street West Birmingham, AL 35204","Alabama","Jefferson","Birmingham","Birmingham-Hoover, AL","2024-05-22"
"01","073","2059","42602",1,33.521427,-86.844112,"WGS84","Nitrogen dioxide (NO2)","1 HOUR","NO2 1-hour 2010","2019-06-05","Parts per billion","None",23,96.0,13.221739,29.7,5,27,"200","Teledyne-API Model 200EUP or T200UP - Photolytic-Chemiluminescence","Arkadelphia/Near Road","1110 5th Street West Birmingham, AL 35204","Alabama","Jefferson","Birmingham","Birmingham-Hoover, AL","2024-05-22"
"01","073","2059","42602",1,33.521427,-86.844112,"WGS84","Nitrogen dioxide (NO2)","1 HOUR","NO2 1-hour 2010","2019-06-06","Parts per billion","None",20,83.0,9.675,21,5,20,"200","Teledyne-API Model 200EUP or T200UP - Photolytic-Chemiluminescence","Arkadelphia/Near Road","1110 5th Street West Birmingham, AL 35204","Alabama","Jefferson","Birmingham","Birmingham-Hoover, AL","2024-05-22"
"01","073","2059","42602",1,33.521427,-86.844112,"WGS84","Nitrogen dioxide (NO2)","1 HOUR","NO2 1-hour 2010","2019-06-07","Parts per billion","None",23,96.0,8.547826,15.5,21,14,"200","Teledyne-API Model 200EUP or T200UP - Photolytic-Chemiluminescence","Arkadelphia/Near Road","1110 5th Street West Birmingham, AL 35204","Alabama","Jefferson","Birmingham","Birmingham-Hoover, AL","2024-05-22"
"01","073","2059","42602",1,33.521427,-86.844112,"WGS84","Nitrogen dioxide (NO2)","1 HOUR","NO2 1-hour 2010","2019-06-08","Parts per billion","None",23,96.0,8.652174,19.8,18,18,"200","Teledyne-API Model 200EUP or T200UP - Photolytic-Chemiluminescence","Arkadelphia/Near Road","1110 5th Street West Birmingham, AL 35204","Alabama","Jefferson","Birmingham","Birmingham-Hoover, AL","2024-05-22"
"01","073","2059","42602",1,33.521427,-86.844112,"WGS84","Nitrogen dioxide (NO2)","1 HOUR","NO2 1-hour 2010","2019-06-09","Parts per billion","None",23,96.0,7.634783,16.8,19,15,"200","Teledyne-API Model 200EUP or T200UP - Photolytic-Chemiluminescence","Arkadelphia/Near Road","1110 5th Street West Birmingham, AL 35204","Alabama","Jefferson","Birmingham","Birmingham-Hoover, AL","2024-05-22"
"01","073","2059","42602",1,33.521427,-86.844112,"WGS84","Nitrogen dioxide (NO2)","1 HOUR","NO2 1-hour 2010","2019-06-10","Parts per billion","None",21,88.0,3.657143,12.4,3,11,"200","Teledyne-API Model 200EUP or T200UP - Photolytic-Chemiluminescence","Arkadelphia/Near Road","1110 5th Street West Birmingham, AL 35204","Alabama","Jefferson","Birmingham","Birmingham-Hoover, AL","2024-05-22"
"01","073","2059","42602",1,33.521427,-86.844112,"WGS84","Nitrogen dioxide (NO2)","1 HOUR","NO2 1-hour 2010","2019-06-11","Parts per billion","None",18,75.0,6.494444,15.3,20,14,"200","Teledyne-API Model 200EUP or T200UP - Photolytic-Chemiluminescence","Arkadelphia/Near Road","1110 5th Street West Birmingham, AL 35204","Alabama","Jefferson","Birmingham","Birmingham-Hoover, AL","2024-05-22"
"01","073","2059","42602",1,33.521427,-86.844112,"WGS84","Nitrogen dioxide (NO2)","1 HOUR","NO2 1-hour 2010","2019-06-12","Parts per billion","None",16,67.0,12.7125,21.4,4,20,"200","Teledyne-API Model 200EUP or T200UP - Photolytic-Chemiluminescence","Arkadelphia/Near Road","1110 5th Street West Birmingham, AL 35204","Alabama","Jefferson","Birmingham","Birmingham-Hoover, AL","2024-05-22"
"01","073","2059","42602",1,33.521427,-86.844112,"WGS84","Nitrogen dioxide (NO2)","1 HOUR","NO2 1-hour 2010","2019-06-13","Parts per billion","None",21,88.0,11.2,38.6,21,36,"200","Teledyne-API Model 200EUP or T200UP - Photolytic-Chemiluminescence","Arkadelphia/Near Road","1110 5th Street West Birmingham, AL 35204","Alabama","Jefferson","Birmingham","Birmingham-Hoover, AL","2024-05-22"
"01","073","2059","42602",1,33.521427,-86.844112,"WGS84","Nitrogen dioxide (NO2)","1 HOUR","NO2 1-hour 2010","2019-06-14","Parts per billion","None",22,92.0,12.227273,31,1,29,"200","Teledyne-API Model 200EUP or T200UP - Photolytic-Chemiluminescence","Arkadelphia/Near Road","1110 5th Street West Birmingham, AL 35204","Alabama","Jefferson","Birmingham","Birmingham-Hoover, AL","2024-05-22"
"01","073","2059","42602",1,33.521427,-86.844112,"WGS84","Nitrogen dioxide (NO2)","1 HOUR","NO2 1-hour 2010","2019-06-15","Parts per billion","None",21,88.0,6.004762,11,21,10,"200","Teledyne-API Model 200EUP or T200UP - Photolytic-Chemiluminescence","Arkadelphia/Near Road","1110 5th Street West Birmingham, AL 35204","Alabama","Jefferson","Birmingham","Birmingham-Hoover, AL","2024-05-22"
"01","073","2059","42602",1,33.521427,-86.844112,"WGS84","Nitrogen dioxide (NO2)","1 HOUR","NO2 1-hour 2010","2019-06-16","Parts per billion","None",23,96.0,4.873913,14.6,21,13,"200","Teledyne-API Model 200EUP or T200UP - Photolytic-Chemiluminescence","Arkadelphia/Near Road","1110 5th Street West Birmingham, AL 35204","Alabama","Jefferson","Birmingham","Birmingham-Hoover, AL","2024-05-22"
"01","073","2059","42602",1,33.521427,-86.844112,"WGS84","Nitrogen dioxide (NO2)","1 HOUR","NO2 1-hour 2010","2019-06-17","Parts per billion","None",23,96.0,9.243478,17.9,4,16,"200","Teledyne-API Model 200EUP or T200UP - Photolytic-Chemiluminescence","Arkadelphia/Near Road","1110 5th Street West Birmingham, AL 35204","Alabama","Jefferson","Birmingham","Birmingham-Hoover, AL","2024-05-22"
"01","073","2059","42602",1,33.521427,-86.844112,"WGS84","Nitrogen dioxide (NO2)","1 HOUR","NO2 1-hour 2010","2019-06-18","Parts per billion","None",23,96.0,8.913043,15.4,19,14,"200","Teledyne-API Model 200EUP or T200UP - Photolytic-Chemiluminescence","Arkadelphia/Near Road","1110 5th Street West Birmingham, AL 35204","Alabama","Jefferson","Birmingham","Birmingham-Hoover, AL","2024-05-22"
"01","073","2059","42602",1,33.521427,-86.844112,"WGS84","Nitrogen dioxide (NO2)","1 HOUR","NO2 1-hour 2010","2019-06-19","Parts per billion","None",17,71.0,8.047059,11.9,15,10,"200","Teledyne-API Model 200EUP or T200UP - Photolytic-Chemiluminescence","Arkadelphia/Near Road","1110 5th Street West Birmingham, AL 35204","Alabama","Jefferson","Birmingham","Birmingham-Hoover, AL","2024-05-22"
"01","073","2059","42602",1,33.521427,-86.844112,"WGS84","Nitrogen dioxide (NO2)","1 HOUR","NO2 1-hour 2010","2019-06-20","Parts per billion","None",20,83.0,11.865,26.1,22,25,"200","Teledyne-API Model 200EUP or T200UP - Photolytic-Chemiluminescence","Arkadelphia/Near Road","1110 5th Street West Birmingham, AL 35204","Alabama","Jefferson","Birmingham","Birmingham-Hoover, AL","2024-05-22"
"01","073","2059","42602",1,33.521427,-86.844112,"WGS84","Nitrogen dioxide (NO2)","1 HOUR","NO2 1-hour 2010","2019-06-21","Parts per billion","None",23,96.0,13.917391,26.2,1,25,"200","Teledyne-API Model 200EUP or T200UP - Photolytic-Chemiluminescence","Arkadelphia/Near Road","1110 5th Street West Birmingham, AL 35204","Alabama","Jefferson","Birmingham","Birmingham-Hoover, AL","2024-05-22"
"01","073","2059","42602",1,33.521427,-86.844112,"WGS84","Nitrogen dioxide (NO2)","1 HOUR","NO2 1-hour 2010","2019-06-22","Parts per billion","None",21,88.0,7.895238,18.5,16,17,"200","Teledyne-API Model 200EUP or T200UP - Photolytic-Chemiluminescence","Arkadelphia/Near Road","1110 5th Street West Birmingham, AL 35204","Alabama","Jefferson","Birmingham","Birmingham-Hoover, AL","2024-05-22"
"01","073","2059","42602",1,33.521427,-86.844112,"WGS84","Nitrogen dioxide (NO2)","1 HOUR","NO2 1-hour 2010","2019-06-23","Parts per billion","None",23,96.0,7.795652,17,2,16,"200","Teledyne-API Model 200EUP or T200UP - Photolytic-Chemiluminescence","Arkadelphia/Near Road","1110 5th Street West Birmingham, AL 35204","Alabama","Jefferson","Birmingham","Birmingham-Hoover, AL","2024-05-22"
"01","073","2059","42602",1,33.521427,-86.844112,"WGS84","Nitrogen dioxide (NO2)","1 HOUR","NO2 1-hour 2010","2019-06-24","Parts per billion","None",23,96.0,8.286957,16.3,21,15,"200","Teledyne-API Model 200EUP or T200UP - Photolytic-Chemiluminescence","Arkadelphia/Near Road","1110 5th Street West Birmingham, AL 35204","Alabama","Jefferson","Birmingham","Birmingham-Hoover, AL","2024-05-22"
"01","073","2059","42602",1,33.521427,-86.844112,"WGS84","Nitrogen dioxide (NO2)","1 HOUR","NO2 1-hour 2010","2019-06-25","Parts per billion","None",23,96.0,11.36087,25.2,21,24,"200","Teledyne-API Model 200EUP or T200UP - Photolytic-Chemiluminescence","Arkadelphia/Near Road","1110 5th Street West Birmingham, AL 35204","Alabama","Jefferson","Birmingham","Birmingham-Hoover, AL","2024-05-22"
"01","073","2059","42602",1,33.521427,-86.844112,"WGS84","Nitrogen dioxide (NO2)","1 HOUR","NO2 1-hour 2010","2019-06-26","Parts per billion","None",19,79.0,12.873684,24.7,21,23,"200","Teledyne-API Model 200EUP or T200UP - Photolytic-Chemiluminescence","Arkadelphia/Near Road","1110 5th Street West Birmingham, AL 35204","Alabama","Jefferson","Birmingham","Birmingham-Hoover, AL","2024-05-22"
"01","073","2059","42602",1,33.521427,-86.844112,"WGS84","Nitrogen dioxide (NO2)","1 HOUR","NO2 1-hour 2010","2019-06-27","Parts per billion","None",23,96.0,13.043478,28.3,19,26,"200","Teledyne-API Model 200EUP or T200UP - Photolytic-Chemiluminescence","Arkadelphia/Near Road","1110 5th Street West Birmingham, AL 35204","Alabama","Jefferson","Birmingham","Birmingham-Hoover, AL","2024-05-22"
"01","073","2059","42602",1,33.521427,-86.844112,"WGS84","Nitrogen dioxide (NO2)","1 HOUR","NO2 1-hour 2010","2019-06-28","Parts per billion","None",23,96.0,14.691304,26.2,23,25,"200","Teledyne-API Model 200EUP or T200UP - Photolytic-Chemiluminescence","Arkadelphia/Near Road","1110 5th Street West Birmingham, AL 35204","Alabama","Jefferson","Birmingham","Birmingham-Hoover, AL","2024-05-22"
"01","073","2059","42602",1,33.521427,-86.844112,"WGS84","Nitrogen dioxide (NO2)","1 HOUR","NO2 1-hour 2010","2019-06-29","Parts per billion","None",21,88.0,9.757143,17.4,19,16,"200","Teledyne-API Model 200EUP or T200UP - Photolytic-Chemiluminescence","Arkadelphia/Near Road","1110 5th Street West Birmingham, AL 35204","Alabama","Jefferson","Birmingham","Birmingham-Hoover, AL","2024-05-22"
"01","073","2059","42602",1,33.521427,-86.844112,"WGS84","Nitrogen dioxide (NO2)","1 HOUR","NO2 1-hour 2010","2019-06-30","Parts per billion","None",23,96.0,9.443478,24.8,21,23,"200","Teledyne-API Model 200EUP or T200UP - Photolytic-Chemiluminescence","Arkadelphia/Near Road","1110 5th Street West Birmingham, AL 35204","Alabama","Jefferson","Birmingham","Birmingham-Hoover, AL","2024-05-22"
"01","073","2059","42602",1,33.521427,-86.844112,"WGS84","Nitrogen dioxide (NO2)","1 HOUR","NO2 1-hour 2010","2019-07-01","Parts per billion","None",23,96.0,9.886957,21.9,20,20,"200","Teledyne-API Model 200EUP or T200UP - Photolytic-Chemiluminescence","Arkadelphia/Near Road","1110 5th Street West Birmingham, AL 35204","Alabama","Jefferson","Birmingham","Birmingham-Hoover, AL","2024-05-22"
"01","073","2059","42602",1,33.521427,-86.844112,"WGS84","Nitrogen dioxide (NO2)","1 HOUR","NO2 1-hour 2010","2019-07-02","Parts per billion","None",23,96.0,9.813043,23,21,22,"200","Teledyne-API Model 200EUP or T200UP - Photolytic-Chemiluminescence","Arkadelphia/Near Road","1110 5th Street West Birmingham, AL 35204","Alabama","Jefferson","Birmingham","Birmingham-Hoover, AL","2024-05-22"
"01","073","2059","42602",1,33.521427,-86.844112,"WGS84","Nitrogen dioxide (NO2)","1 HOUR","NO2 1-hour 2010","2019-07-03","Parts per billion","None",21,88.0,12.452381,22.1,1,21,"200","Teledyne-API Model 200EUP or T200UP - Photolytic-Chemiluminescence","Arkadelphia/Near Road","1110 5th Street West Birmingham, AL 35204","Alabama","Jefferson","Birmingham","Birmingham-Hoover, AL","2024-05-22"
"01","073","2059","42602",1,33.521427,-86.844112,"WGS84","Nitrogen dioxide (NO2)","1 HOUR","NO2 1-hour 2010","2019-07-04","Parts per billion","None",23,96.0,9.613043,22.5,20,21,"200","Teledyne-API Model 200EUP or T200UP - Photolytic-Chemiluminescence","Arkadelphia/Near Road","1110 5th Street West Birmingham, AL 35204","Alabama","Jefferson","Birmingham","Birmingham-Hoover, AL","2024-05-22"
"01","073","2059","42602",1,33.521427,-86.844112,"WGS84","Nitrogen dioxide (NO2)","1 HOUR","NO2 1-hour 2010","2019-07-05","Parts per billion","None",23,96.0,8.36087,24.1,23,23,"200","Teledyne-API Model 200EUP or T200UP - Photolytic-Chemiluminescence","Arkadelphia/Near Road","1110 5th Street West Birmingham, AL 35204","Alabama","Jefferson","Birmingham","Birmingham-Hoover, AL","2024-05-22"
"01","073","2059","42602",1,33.521427,-86.844112,"WGS84","Nitrogen dioxide (NO2)","1 HOUR","NO2 1-hour 2010","2019-07-06","Parts per billion","None",21,88.0,6.257143,14.8,4,13,"200","Teledyne-API Model 200EUP or T200UP - Photolytic-Chemiluminescence","Arkadelphia/Near Road","1110 5th Street West Birmingham, AL 35204","Alabama","Jefferson","Birmingham","Birmingham-Hoover, AL","2024-05-22"
"01","073","2059","42602",1,33.521427,-86.844112,"WGS84","Nitrogen dioxide (NO2)","1 HOUR","NO2 1-hour 2010","2019-07-07","Parts per billion","None",23,96.0,7.173913,16.3,21,15,"200","Teledyne-API Model 200EUP or T200UP - Photolytic-Chemiluminescence","Arkadelphia/Near Road","1110 5th Street West Birmingham, AL 35204","Alabama","Jefferson","Birmingham","Birmingham-Hoover, AL","2024-05-22"
"01","073","2059","42602",1,33.521427,-86.844112,"WGS84","Nitrogen dioxide (NO2)","1 HOUR","NO2 1-hour 2010","2019-07-08","Parts per billion","None",23,96.0,6.613043,15.2,19,14,"200","Teledyne-API Model 200EUP or T200UP - Photolytic-Chemiluminescence","Arkadelphia/Near Road","1110 5th Street West Birmingham, AL 35204","Alabama","Jefferson","Birmingham","Birmingham-Hoover, AL","2024-05-22"
"01","073","2059","42602",1,33.521427,-86.844112,"WGS84","Nitrogen dioxide (NO2)","1 HOUR","NO2 1-hour 2010","2019-07-09","Parts per billion","None",23,96.0,8.378261,17.9,2,16,"200","Teledyne-API Model 200EUP or T200UP - Photolytic-Chemiluminescence","Arkadelphia/Near Road","1110 5th Street West Birmingham, AL 35204","Alabama","Jefferson","Birmingham","Birmingham-Hoover, AL","2024-05-22"
"01","073","2059","42602",1,33.521427,-86.844112,"WGS84","Nitrogen dioxide (NO2)","1 HOUR","NO2 1-hour 2010","2019-07-10","Parts per billion","None",17,71.0,9.894118,17.5,20,16,"200","Teledyne-API Model 200EUP or T200UP - Photolytic-Chemiluminescence","Arkadelphia/Near Road","1110 5th Street West Birmingham, AL 35204","Alabama","Jefferson","Birmingham","Birmingham-Hoover, AL","2024-05-22"
"01","073","2059","42602",1,33.521427,-86.844112,"WGS84","Nitrogen dioxide (NO2)","1 HOUR","NO2 1-hour 2010","2019-07-11","Parts per billion","None",20,83.0,14.56,30.4,3,28,"200","Teledyne-API Model 200EUP or T200UP - Photolytic-Chemiluminescence","Arkadelphia/Near Road","1110 5th Street West Birmingham, AL 35204","Alabama","Jefferson","Birmingham","Birmingham-Hoover, AL","2024-05-22"
"01","073","2059","42602",1,33.521427,-86.844112,"WGS84","Nitrogen dioxide (NO2)","1 HOUR","NO2 1-hour 2010","2019-07-12","Parts per billion","None",19,79.0,7.652632,13.7,5,12,"200","Teledyne-API Model 200EUP or T200UP - Photolytic-Chemiluminescence","Arkadelphia/Near Road","1110 5th Street West Birmingham, AL 35204","Alabama","Jefferson","Birmingham","Birmingham-Hoover, AL","2024-05-22"
"01","073","2059","42602",1,33.521427,-86.844112,"WGS84","Nitrogen dioxide (NO2)","1 HOUR","NO2 1-hour 2010","2019-07-13","Parts per billion","None",21,88.0,6.309524,13.8,21,12,"200","Teledyne-API Model 200EUP or T200UP - Photolytic-Chemiluminescence","Arkadelphia/Near Road","1110 5th Street West Birmingham, AL 35204","Alabama","Jefferson","Birmingham","Birmingham-Hoover, AL","2024-05-22"
"01","073","2059","42602",1,33.521427,-86.844112,"WGS84","Nitrogen dioxide (NO2)","1 HOUR","NO2 1-hour 2010","2019-07-14","Parts per billion","None",23,96.0,6.769565,12.9,1,11,"200","Teledyne-API Model 200EUP or T200UP - Photolytic-Chemiluminescence","Arkadelphia/Near Road","1110 5th Street West Birmingham, AL 35204","Alabama","Jefferson","Birmingham","Birmingham-Hoover, AL","2024-05-22"
"01","073","2059","42602",1,33.521427,-86.844112,"WGS84","Nitrogen dioxide (NO2)","1 HOUR","NO2 1-hour 2010","2019-07-15","Parts per billion","None",23,96.0,10.247826,20.9,18,19,"200","Teledyne-API Model 200EUP or T200UP - Photolytic-Chemiluminescence","Arkadelphia/Near Road","1110 5th Street West Birmingham, AL 35204","Alabama","Jefferson","Birmingham","Birmingham-Hoover, AL","2024-05-22"
"01","073","2059","42602",1,33.521427,-86.844112,"WGS84","Nitrogen dioxide (NO2)","1 HOUR","NO2 1-hour 2010","2019-07-16","Parts per billion","None",23,96.0,7.486957,20.5,22,19,"200","Teledyne-API Model 200EUP or T200UP - Photolytic-Chemiluminescence","Arkadelphia/Near Road","1110 5th Street West Birmingham, AL 35204","Alabama","Jefferson","Birmingham","Birmingham-Hoover, AL","2024-05-22"
"01","073","2059","42602",1,33.521427,-86.844112,"WGS84","Nitrogen dioxide (NO2)","1 HOUR","NO2 1-hour 2010","2019-07-17","Parts per billion","None",17,71.0,11.323529,17.8,21,16,"200","Teledyne-API Model 200EUP or T200UP - Photolytic-Chemiluminescence","Arkadelphia/Near Road","1110 5th Street West Birmingham, AL 35204","Alabama","Jefferson","Birmingham","Birmingham-Hoover, AL","2024-05-22"
"01","073","2059","42602",1,33.521427,-86.844112,"WGS84","Nitrogen dioxide (NO2)","1 HOUR","NO2 1-hour 2010","2019-07-18","Parts per billion","None",16,67.0,5.56875,15,1,14,"200","Teledyne-API Model 200EUP or T200UP - Photolytic-Chemiluminescence","Arkadelphia/Near Road","1110 5th Street West Birmingham, AL 35204","Alabama","Jefferson","Birmingham","Birmingham-Hoover, AL","2024-05-22"
"01","073","2059","42602",1,33.521427,-86.844112,"WGS84","Nitrogen dioxide (NO2)","1 HOUR","NO2 1-hour 2010","2019-07-19","Parts per billion","None",18,75.0,10.138889,16.4,4,15,"200","Teledyne-API Model 200EUP or T200UP - Photolytic-Chemiluminescence","Arkadelphia/Near Road","1110 5th Street West Birmingham, AL 35204","Alabama","Jefferson","Birmingham","Birmingham-Hoover, AL","2024-05-22"
"01","073","2059","42602",1,33.521427,-86.844112,"WGS84","Nitrogen dioxide (NO2)","1 HOUR","NO2 1-hour 2010","2019-07-20","Parts per billion","None",21,88.0,8.666667,15.4,21,14,"200","Teledyne-API Model 200EUP or T200UP - Photolytic-Chemiluminescence","Arkadelphia/Near Road","1110 5th Street West Birmingham, AL 35204","Alabama","Jefferson","Birmingham","Birmingham-Hoover, AL","2024-05-22"
"01","073","2059","42602",1,33.521427,-86.844112,"WGS84","Nitrogen dioxide (NO2)","1 HOUR","NO2 1-hour 2010","2019-07-21","Parts per billion","None",23,96.0,6.178261,11.6,21,10,"200","Teledyne-API Model 200EUP or T200UP - Photolytic-Chemiluminescence","Arkadelphia/Near Road","1110 5th Street West Birmingham, AL 35204","Alabama","Jefferson","Birmingham","Birmingham-Hoover, AL","2024-05-22"
"01","073","2059","42602",1,33.521427,-86.844112,"WGS84","Nitrogen dioxide (NO2)","1 HOUR","NO2 1-hour 2010","2019-07-22","Parts per billion","None",23,96.0,8.930435,17.3,20,16,"200","Teledyne-API Model 200EUP or T200UP - Photolytic-Chemiluminescence","Arkadelphia/Near Road","1110 5th Street West Birmingham, AL 35204","Alabama","Jefferson","Birmingham","Birmingham-Hoover, AL","2024-05-22"
"01","073","2059","42602",1,33.521427,-86.844112,"WGS84","Nitrogen dioxide (NO2)","1 HOUR","NO2 1-hour 2010","2019-07-23","Parts per billion","None",23,96.0,3.665217,7.9,1,7,"200","Teledyne-API Model 200EUP or T200UP - Photolytic-Chemiluminescence","Arkadelphia/Near Road","1110 5th Street West Birmingham, AL 35204","Alabama","Jefferson","Birmingham","Birmingham-Hoover, AL","2024-05-22"
"01","073","2059","42602",1,33.521427,-86.844112,"WGS84","Nitrogen dioxide (NO2)","1 HOUR","NO2 1-hour 2010","2019-07-24","Parts per billion","None",23,96.0,6.147826,13.1,5,12,"200","Teledyne-API Model 200EUP or T200UP - Photolytic-Chemiluminescence","Arkadelphia/Near Road","1110 5th Street West Birmingham, AL 35204","Alabama","Jefferson","Birmingham","Birmingham-Hoover, AL","2024-05-22"
"01","073","2059","42602",1,33.521427,-86.844112,"WGS84","Nitrogen dioxide (NO2)","1 HOUR","NO2 1-hour 2010","2019-07-25","Parts per billion","None",20,83.0,15.36,32.2,22,30,"200","Teledyne-API Model 200EUP or T200UP - Photolytic-Chemiluminescence","Arkadelphia/Near Road","1110 5th Street West Birmingham, AL 35204","Alabama","Jefferson","Birmingham","Birmingham-Hoover, AL","2024-05-22"
"01","073","2059","42602",1,33.521427,-86.844112,"WGS84","Nitrogen dioxide (NO2)","1 HOUR","NO2 1-hour 2010","2019-07-26","Parts per billion","None",23,96.0,18.582609,39.7,3,37,"200","Teledyne-API Model 200EUP or T200UP - Photolytic-Chemiluminescence","Arkadelphia/Near Road","1110 5th Street West Birmingham, AL 35204","Alabama","Jefferson","Birmingham","Birmingham-Hoover, AL","2024-05-22"
"01","073","2059","42602",1,33.521427,-86.844112,"WGS84","Nitrogen dioxide (NO2)","1 HOUR","NO2 1-hour 2010","2019-07-27","Parts per billion","None",21,88.0,12.466667,32.6,4,30,"200","Teledyne-API Model 200EUP or T200UP - Photolytic-Chemiluminescence","Arkadelphia/Near Road","1110 5th Street West Birmingham, AL 35204","Alabama","Jefferson","Birmingham","Birmingham-Hoover, AL","2024-05-22"
"01","073","2059","42602",1,33.521427,-86.844112,"WGS84","Nitrogen dioxide (NO2)","1 HOUR","NO2 1-hour 2010","2019-07-28","Parts per billion","None",23,96.0,13.530435,31.7,3,29,"200","Teledyne-API Model 200EUP or T200UP - Photolytic-Chemiluminescence","Arkadelphia/Near Road","1110 5th Street West Birmingham, AL 35204","Alabama","Jefferson","Birmingham","Birmingham-Hoover, AL","2024-05-22"
"01","073","2059","42602",1,33.521427,-86.844112,"WGS84","Nitrogen dioxide (NO2)","1 HOUR","NO2 1-hour 2010","2019-07-29","Parts per billion","None",23,96.0,22.052174,41.9,20,39,"200","Teledyne-API Model 200EUP or T200UP - Photolytic-Chemiluminescence","Arkadelphia/Near Road","1110 5th Street West Birmingham, AL 35204","Alabama","Jefferson","Birmingham","Birmingham-Hoover, AL","2024-05-22"
"01","073","2059","42602",1,33.521427,-86.844112,"WGS84","Nitrogen dioxide (NO2)","1 HOUR","NO2 1-hour 2010","2019-07-30","Parts per billion","None",23,96.0,19.047826,37.4,19,35,"200","Teledyne-API Model 200EUP or T200UP - Photolytic-Chemiluminescence","Arkadelphia/Near Road","1110 5th Street West Birmingham, AL 35204","Alabama","Jefferson","Birmingham","Birmingham-Hoover, AL","2024-05-22"
"01","073","2059","42602",1,33.521427,-86.844112,"WGS84","Nitrogen dioxide (NO2)","1 HOUR","NO2 1-hour 2010","2019-07-31","Parts per billion","None",23,96.0,17.704348,35.2,20,33,"200","Teledyne-API Model 200EUP or T200UP - Photolytic-Chemiluminescence","Arkadelphia/Near Road","1110 5th Street West Birmingham, AL 35204","Alabama","Jefferson","Birmingham","Birmingham-Hoover, AL","2024-05-22"
"01","073","2059","42602",1,33.521427,-86.844112,"WGS84","Nitrogen dioxide (NO2)","1 HOUR","NO2 1-hour 2010","2019-08-01","Parts per billion","None",19,79.0,20.052632,31.9,7,29,"200","Teledyne-API Model 200EUP or T200UP - Photolytic-Chemiluminescence","Arkadelphia/Near Road","1110 5th Street West Birmingham, AL 35204","Alabama","Jefferson","Birmingham","Birmingham-Hoover, AL","2024-05-22"
"01","073","2059","42602",1,33.521427,-86.844112,"WGS84","Nitrogen dioxide (NO2)","1 HOUR","NO2 1-hour 2010","2019-08-02","Parts per billion","None",23,96.0,16.578261,25.2,17,24,"200","Teledyne-API Model 200EUP or T200UP - Photolytic-Chemiluminescence","Arkadelphia/Near Road","1110 5th Street West Birmingham, AL 35204","Alabama","Jefferson","Birmingham","Birmingham-Hoover, AL","2024-05-22"
"01","073","2059","42602",1,33.521427,-86.844112,"WGS84","Nitrogen dioxide (NO2)","1 HOUR","NO2 1-hour 2010","2019-08-03","Parts per billion","None",21,88.0,15.009524,29.8,21,27,"200","Teledyne-API Model 200EUP or T200UP - Photolytic-Chemiluminescence","Arkadelphia/Near Road","1110 5th Street West Birmingham, AL 35204","Alabama","Jefferson","Birmingham","Birmingham-Hoover, AL","2024-05-22"
"01","073","2059","42602",1,33.521427,-86.844112,"WGS84","Nitrogen dioxide (NO2)","1 HOUR","NO2 1-hour 2010","2019-08-04","Parts per billion","None",23,96.0,9.182609,18.4,1,17,"200","Teledyne-API Model 200EUP or T200UP - Photolytic-Chemiluminescence","Arkadelphia/Near Road","1110 5th Street West Birmingham, AL 35204","Alabama","Jefferson","Birmingham","Birmingham-Hoover, AL","2024-05-22"
"01","073","2059","42602",1,33.521427,-86.844112,"WGS84","Nitrogen dioxide (NO2)","1 HOUR","NO2 1-hour 2010","2019-08-05","Parts per billion","None",23,96.0,10.647826,37.8,22,35,"200","Teledyne-API Model 200EUP or T200UP - Photolytic-Chemiluminescence","Arkadelphia/Near Road","1110 5th Street West Birmingham, AL 35204","Alabama","Jefferson","Birmingham","Birmingham-Hoover, AL","2024-05-22"
"01","073","2059","42602",1,33.521427,-86.844112,"WGS84","Nitrogen dioxide (NO2)","1 HOUR","NO2 1-hour 2010","2019-08-06","Parts per billion","None",23,96.0,12.873913,30.4,21,28,"200","Teledyne-API Model 200EUP or T200UP - Photolytic-Chemiluminescence","Arkadelphia/Near Road","1110 5th Street West Birmingham, AL 35204","Alabama","Jefferson","Birmingham","Birmingham-Hoover, AL","2024-05-22"
"01","073","2059","42602",1,33.521427,-86.844112,"WGS84","Nitrogen dioxide (NO2)","1 HOUR","NO2 1-hour 2010","2019-08-07","Parts per billion","None",23,96.0,12.06087,26.1,1,25,"200","Teledyne-API Model 200EUP or T200UP - Photolytic-Chemiluminescence","Arkadelphia/Near Road","1110 5th Street West Birmingham, AL 35204","Alabama","Jefferson","Birmingham","Birmingham-Hoover, AL","2024-05-22"
"01","073","2059","42602",1,33.521427,-86.844112,"WGS84","Nitrogen dioxide (NO2)","1 HOUR","NO2 1-hour 2010","2019-08-08","Parts per billion","None",23,96.0,13.313043,24.4,20,23,"200","Teledyne-API Model 200EUP or T200UP - Photolytic-Chemiluminescence","Arkadelphia/Near Road","1110 5th Street West Birmingham, AL 35204","Alabama","Jefferson","Birmingham","Birmingham-Hoover, AL","2024-05-22"
"01","073","2059","42602",1,33.521427,-86.844112,"WGS84","Nitrogen dioxide (NO2)","1 HOUR","NO2 1-hour 2010","2019-08-09","Parts per billion","None",23,96.0,7.908696,13.7,21,12,"200","Teledyne-API Model 200EUP or T200UP - Photolytic-Chemiluminescence","Arkadelphia/Near Road","1110 5th Street West Birmingham, AL 35204","Alabama","Jefferson","Birmingham","Birmingham-Hoover, AL","2024-05-22"
"01","073","2059","42602",1,33.521427,-86.844112,"WGS84","Nitrogen dioxide (NO2)","1 HOUR","NO2 1-hour 2010","2019-08-10","Parts per billion","None",21,88.0,6.771429,11.7,5,10,"200","Teledyne-API Model 200EUP or T200UP - Photolytic-Chemiluminescence","Arkadelphia/Near Road","1110 5th Street West Birmingham, AL 35204","Alabama","Jefferson","Birmingham","Birmingham-Hoover, AL","2024-05-22"
"01","073","2059","42602",1,33.521427,-86.844112,"WGS84","Nitrogen dioxide (NO2)","1 HOUR","NO2 1-hour 2010","2019-08-11","Parts per billion","None",23,96.0,6.052174,26.8,23,25,"200","Teledyne-API Model 200EUP or T200UP - Photolytic-Chemiluminescence","Arkadelphia/Near Road","1110 5th Street West Birmingham, AL 35204","Alabama","Jefferson","Birmingham","Birmingham-Hoover, AL","2024-05-22"
"01","073","2059","42602",1,33.521427,-86.844112,"WGS84","Nitrogen dioxide (NO2)","1 HOUR","NO2 1-hour 2010","2019-08-12","Parts per billion","None",23,96.0,13.073913,26.6,23,25,"200","Teledyne-API Model 200EUP or T200UP - Photolytic-Chemiluminescence","Arkadelphia/Near Road","1110 5th Street West Birmingham, AL 35204","Alabama","Jefferson","Birmingham","Birmingham-Hoover, AL","2024-05-22"
"01","073","2059","42602",1,33.521427,-86.844112,"WGS84","Nitrogen dioxide (NO2)","1 HOUR","NO2 1-hour 2010","2019-08-13","Parts per billion","None",20,83.0,12.915,27.7,6,25,"200","Teledyne-API Model 200EUP or T200UP - Photolytic-Chemiluminescence","Arkadelphia/Near Road","1110 5th Street West Birmingham, AL 35204","Alabama","Jefferson","Birmingham","Birmingham-Hoover, AL","2024-05-22"
"01","073","2059","42602",1,33.521427,-86.844112,"WGS84","Nitrogen dioxide (NO2)","1 HOUR","NO2 1-hour 2010","2019-08-14","Parts per billion","None",23,96.0,8.904348,22.2,5,21,"200","Teledyne-API Model 200EUP or T200UP - Photolytic-Chemiluminescence","Arkadelphia/Near Road","1110 5th Street West Birmingham, AL 35204","Alabama","Jefferson","Birmingham","Birmingham-Hoover, AL","2024-05-22"
"01","073","2059","42602",1,33.521427,-86.844112,"WGS84","Nitrogen dioxide (NO2)","1 HOUR","NO2 1-hour 2010","2019-08-15","Parts per billion","None",20,83.0,11.9,28.2,21,26,"200","Teledyne-API Model 200EUP or T200UP - Photolytic-Chemiluminescence","Arkadelphia/Near Road","1110 5th Street West Birmingham, AL 35204","Alabama","Jefferson","Birmingham","Birmingham-Hoover, AL","2024-05-22"
"01","073","2059","42602",1,33.521427,-86.844112,"WGS84","Nitrogen dioxide (NO2)","1 HOUR","NO2 1-hour 2010","2019-08-16","Parts per billion","None",23,96.0,14.065217,38.4,22,36,"200","Teledyne-API Model 200EUP or T200UP - Photolytic-Chemiluminescence","Arkadelphia/Near Road","1110 5th Street West Birmingham, AL 35204","Alabama","Jefferson","Birmingham","Birmingham-Hoover, AL","2024-05-22"
"01","073","2059","42602",1,33.521427,-86.844112,"WGS84","Nitrogen dioxide (NO2)","1 HOUR","NO2 1-hour 2010","2019-08-17","Parts per billion","None",21,88.0,18.009524,37.9,20,35,"200","Teledyne-API Model 200EUP or T200UP - Photolytic-Chemiluminescence","Arkadelphia/Near Road","1110 5th Street West Birmingham, AL 35204","Alabama","Jefferson","Birmingham","Birmingham-Hoover, AL","2024-05-22"
"01","073","2059","42602",1,33.521427,-86.844112,"WGS84","Nitrogen dioxide (NO2)","1 HOUR","NO2 1-hour 2010","2019-08-18","Parts per billion","None",23,96.0,9.256522,31.4,1,29,"200","Teledyne-API Model 200EUP or T200UP - Photolytic-Chemiluminescence","Arkadelphia/Near Road","1110 5th Street West Birmingham, AL 35204","Alabama","Jefferson","Birmingham","Birmingham-Hoover, AL","2024-05-22"
"01","073","2059","42602",1,33.521427,-86.844112,"WGS84","Nitrogen dioxide (NO2)","1 HOUR","NO2 1-hour 2010","2019-08-19","Parts per billion","None",23,96.0,10.452174,19.2,22,18,"200","Teledyne-API Model 200EUP or T200UP - Photolytic-Chemiluminescence","Arkadelphia/Near Road","1110 5th Street West Birmingham, AL 35204","Alabama","Jefferson","Birmingham","Birmingham-Hoover, AL","2024-05-22"
"01","073","2059","42602",1,33.521427,-86.844112,"WGS84","Nitrogen dioxide (NO2)","1 HOUR","NO2 1-hour 2010","2019-08-20","Parts per billion","None",23,96.0,14.695652,26.5,1,25,"200","Teledyne-API Model 200EUP or T200UP - Photolytic-Chemiluminescence","Arkadelphia/Near Road","1110 5th Street West Birmingham, AL 35204","Alabama","Jefferson","Birmingham","Birmingham-Hoover, AL","2024-05-22"
"01","073","2059","42602",1,33.521427,-86.844112,"WGS84","Nitrogen dioxide (NO2)","1 HOUR","NO2 1-hour 2010","2019-08-21","Parts per billion","None",23,96.0,9.913043,18.7,20,17,"200","Teledyne-API Model 200EUP or T200UP - Photolytic-Chemiluminescence","Arkadelphia/Near Road","1110 5th Street West Birmingham, AL 35204","Alabama","Jefferson","Birmingham","Birmingham-Hoover, AL","2024-05-22"
"01","073","2059","42602",1,33.521427,-86.844112,"WGS84","Nitrogen dioxide (NO2)","1 HOUR","NO2 1-hour 2010","2019-08-22","Parts per billion","None",20,83.0,10.635,20.9,19,19,"200","Teledyne-API Model 200EUP or T200UP - Photolytic-Chemiluminescence","Arkadelphia/Near Road","1110 5th Street West Birmingham, AL 35204","Alabama","Jefferson","Birmingham","Birmingham-Hoover, AL","2024-05-22"
"01","073","2059","42602",1,33.521427,-86.844112,"WGS84","Nitrogen dioxide (NO2)","1 HOUR","NO2 1-hour 2010","2019-08-23","Parts per billion","None",21,88.0,15.019048,27.1,19,25,"200","Teledyne-API Model 200EUP or T200UP - Photolytic-Chemiluminescence","Arkadelphia/Near Road","1110 5th Street West Birmingham, AL 35204","Alabama","Jefferson","Birmingham","Birmingham-Hoover, AL","2024-05-22"
"01","073","2059","42602",1,33.521427,-86.844112,"WGS84","Nitrogen dioxide (NO2)","1 HOUR","NO2 1-hour 2010","2019-08-24","Parts per billion","None",21,88.0,9.019048,20.2,18,19,"200","Teledyne-API Model 200EUP or T200UP - Photolytic-Chemiluminescence","Arkadelphia/Near Road","1110 5th Street West Birmingham, AL 35204","Alabama","Jefferson","Birmingham","Birmingham-Hoover, AL","2024-05-22"
"01","073","2059","42602",1,33.521427,-86.844112,"WGS84","Nitrogen dioxide (NO2)","1 HOUR","NO2 1-hour 2010","2019-08-25","Parts per billion","None",23,96.0,5.834783,10.7,1,9,"200","Teledyne-API Model 200EUP or T200UP - Photolytic-Chemiluminescence","Arkadelphia/Near Road","1110 5th Street West Birmingham, AL 35204","Alabama","Jefferson","Birmingham","Birmingham-Hoover, AL","2024-05-22"
"01","073","2059","42602",1,33.521427,-86.844112,"WGS84","Nitrogen dioxide (NO2)","1 HOUR","NO2 1-hour 2010","2019-08-26","Parts per billion","None",22,92.0,8.177273,12.7,19,11,"200","Teledyne-API Model 200EUP or T200UP - Photolytic-Chemiluminescence","Arkadelphia/Near Road","1110 5th Street West Birmingham, AL 35204","Alabama","Jefferson","Birmingham","Birmingham-Hoover, AL","2024-05-22"
"01","073","2059","42602",1,33.521427,-86.844112,"WGS84","Nitrogen dioxide (NO2)","1 HOUR","NO2 1-hour 2010","2019-08-27","Parts per billion","None",19,79.0,12.836842,28.5,19,26,"200","Teledyne-API Model 200EUP or T200UP - Photolytic-Chemiluminescence","Arkadelphia/Near Road","1110 5th Street West Birmingham, AL 35204","Alabama","Jefferson","Birmingham","Birmingham-Hoover, AL","2024-05-22"
"01","073","2059","42602",1,33.521427,-86.844112,"WGS84","Nitrogen dioxide (NO2)","1 HOUR","NO2 1-hour 2010","2019-08-28","Parts per billion","None",9,38.0,5.577778,9.1,5,8,"200","Teledyne-API Model 200EUP or T200UP - Photolytic-Chemiluminescence","Arkadelphia/Near Road","1110 5th Street West Birmingham, AL 35204","Alabama","Jefferson","Birmingham","Birmingham-Hoover, AL","2024-05-22"
"01","073","2059","42602",1,33.521427,-86.844112,"WGS84","Nitrogen dioxide (NO2)","1 HOUR","NO2 1-hour 2010","2019-08-29","Parts per billion","None",11,46.0,15.527273,34.5,21,32,"200","Teledyne-API Model 200EUP or T200UP - Photolytic-Chemiluminescence","Arkadelphia/Near Road","1110 5th Street West Birmingham, AL 35204","Alabama","Jefferson","Birmingham","Birmingham-Hoover, AL","2024-05-22"
"01","073","2059","42602",1,33.521427,-86.844112,"WGS84","Nitrogen dioxide (NO2)","1 HOUR","NO2 1-hour 2010","2019-08-30","Parts per billion","None",23,96.0,19.417391,42.3,23,40,"200","Teledyne-API Model 200EUP or T200UP - Photolytic-Chemiluminescence","Arkadelphia/Near Road","1110 5th Street West Birmingham, AL 35204","Alabama","Jefferson","Birmingham","Birmingham-Hoover, AL","2024-05-22"
"01","073","2059","42602",1,33.521427,-86.844112,"WGS84","Nitrogen dioxide (NO2)","1 HOUR","NO2 1-hour 2010","2019-08-31","Parts per billion","None",21,88.0,11.695238,31.9,4,29,"200","Teledyne-API Model 200EUP or T200UP - Photolytic-Chemiluminescence","Arkadelphia/Near Road","1110 5th Street West Birmingham, AL 35204","Alabama","Jefferson","Birmingham","Birmingham-Hoover, AL","2024-05-22"
"01","073","2059","42602",1,33.521427,-86.844112,"WGS84","Nitrogen dioxide (NO2)","1 HOUR","NO2 1-hour 2010","2019-09-01","Parts per billion","None",23,96.0,7.504348,17.3,23,16,"200","Teledyne-API Model 200EUP or T200UP - Photolytic-Chemiluminescence","Arkadelphia/Near Road","1110 5th Street West Birmingham, AL 35204","Alabama","Jefferson","Birmingham","Birmingham-Hoover, AL","2024-05-22"
"01","073","2059","42602",1,33.521427,-86.844112,"WGS84","Nitrogen dioxide (NO2)","1 HOUR","NO2 1-hour 2010","2019-09-02","Parts per billion","None",23,96.0,10.934783,31.2,23,29,"200","Teledyne-API Model 200EUP or T200UP - Photolytic-Chemiluminescence","Arkadelphia/Near Road","1110 5th Street West Birmingham, AL 35204","Alabama","Jefferson","Birmingham","Birmingham-Hoover, AL","2024-05-22"
"01","073","2059","42602",1,33.521427,-86.844112,"WGS84","Nitrogen dioxide (NO2)","1 HOUR","NO2 1-hour 2010","2019-09-03","Parts per billion","None",23,96.0,13.986957,31.4,23,29,"200","Teledyne-API Model 200EUP or T200UP - Photolytic-Chemiluminescence","Arkadelphia/Near Road","1110 5th Street West Birmingham, AL 35204","Alabama","Jefferson","Birmingham","Birmingham-Hoover, AL","2024-05-22"
"01","073","2059","42602",1,33.521427,-86.844112,"WGS84","Nitrogen dioxide (NO2)","1 HOUR","NO2 1-hour 2010","2019-09-04","Parts per billion","None",18,75.0,15.227778,30.3,2,28,"200","Teledyne-API Model 200EUP or T200UP - Photolytic-Chemiluminescence","Arkadelphia/Near Road","1110 5th Street West Birmingham, AL 35204","Alabama","Jefferson","Birmingham","Birmingham-Hoover, AL","2024-05-22"
"01","073","2059","42602",1,33.521427,-86.844112,"WGS84","Nitrogen dioxide (NO2)","1 HOUR","NO2 1-hour 2010","2019-09-05","Parts per billion","None",23,96.0,7.856522,23,2,22,"200","Teledyne-API Model 200EUP or T200UP - Photolytic-Chemiluminescence","Arkadelphia/Near Road","1110 5th Street West Birmingham, AL 35204","Alabama","Jefferson","Birmingham","Birmingham-Hoover, AL","2024-05-22"
"01","073","2059","42602",1,33.521427,-86.844112,"WGS84","Nitrogen dioxide (NO2)","1 HOUR","NO2 1-hour 2010","2019-09-06","Parts per billion","None",23,96.0,8.33913,21.9,22,20,"200","Teledyne-API Model 200EUP or T200UP - Photolytic-Chemiluminescence","Arkadelphia/Near Road","1110 5th Street West Birmingham, AL 35204","Alabama","Jefferson","Birmingham","Birmingham-Hoover, AL","2024-05-22"
"01","073","2059","42602",1,33.521427,-86.844112,"WGS84","Nitrogen dioxide (NO2)","1 HOUR","NO2 1-hour 2010","2019-09-07","Parts per billion","None",21,88.0,8.604762,24.4,3,23,"200","Teledyne-API Model 200EUP or T200UP - Photolytic-Chemiluminescence","Arkadelphia/Near Road","1110 5th Street West Birmingham, AL 35204","Alabama","Jefferson","Birmingham","Birmingham-Hoover, AL","2024-05-22"
"01","073","2059","42602",1,33.521427,-86.844112,"WGS84","Nitrogen dioxide (NO2)","1 HOUR","NO2 1-hour 2010","2019-09-08","Parts per billion","None",23,96.0,14.821739,41.6,23,39,"200","Teledyne-API Model 200EUP or T200UP - Photolytic-Chemiluminescence","Arkadelphia/Near Road","1110 5th Street West Birmingham, AL 35204","Alabama","Jefferson","Birmingham","Birmingham-Hoover, AL","2024-05-22"
"01","073","2059","42602",1,33.521427,-86.844112,"WGS84","Nitrogen dioxide (NO2)","1 HOUR","NO2 1-hour 2010","2019-09-09","Parts per billion","None",23,96.0,19.278261,35.3,1,33,"200","Teledyne-API Model 200EUP or T200UP - Photolytic-Chemiluminescence","Arkadelphia/Near Road","1110 5th Street West Birmingham, AL 35204","Alabama","Jefferson","Birmingham","Birmingham-Hoover, AL","2024-05-22"
"01","073","2059","42602",1,33.521427,-86.844112,"WGS84","Nitrogen dioxide (NO2)","1 HOUR","NO2 1-hour 2010","2019-09-10","Parts per billion","None",23,96.0,13.395652,23.7,5,22,"200","Teledyne-API Model 200EUP or T200UP - Photolytic-Chemiluminescence","Arkadelphia/Near Road","1110 5th Street West Birmingham, AL 35204","Alabama","Jefferson","Birmingham","Birmingham-Hoover, AL","2024-05-22"
"01","073","2059","42602",1,33.521427,-86.844112,"WGS84","Nitrogen dioxide (NO2)","1 HOUR","NO2 1-hour 2010","2019-09-11","Parts per billion","None",23,96.0,17.391304,32.9,22,30,"200","Teledyne-API Model 200EUP or T200UP - Photolytic-Chemiluminescence","Arkadelphia/Near Road","1110 5th Street West Birmingham, AL 35204","Alabama","Jefferson","Birmingham","Birmingham-Hoover, AL","2024-05-22"
"01","073","2059","42602",1,33.521427,-86.844112,"WGS84","Nitrogen dioxide (NO2)","1 HOUR","NO2 1-hour 2010","2019-09-12","Parts per billion","None",19,79.0,17.136842,37.8,23,35,"200","Teledyne-API Model 200EUP or T200UP - Photolytic-Chemiluminescence","Arkadelphia/Near Road","1110 5th Street West Birmingham, AL 35204","Alabama","Jefferson","Birmingham","Birmingham-Hoover, AL","2024-05-22"
"01","073","2059","42602",1,33.521427,-86.844112,"WGS84","Nitrogen dioxide (NO2)","1 HOUR","NO2 1-hour 2010","2019-09-13","Parts per billion","None",23,96.0,20.091304,41.5,21,39,"200","Teledyne-API Model 200EUP or T200UP - Photolytic-Chemiluminescence","Arkadelphia/Near Road","1110 5th Street West Birmingham, AL 35204","Alabama","Jefferson","Birmingham","Birmingham-Hoover, AL","2024-05-22"
"01","073","2059","42602",1,33.521427,-86.844112,"WGS84","Nitrogen dioxide (NO2)","1 HOUR","NO2 1-hour 2010","2019-09-14","Parts per billion","None",21,88.0,6.257143,10.1,3,9,"200","Teledyne-API Model 200EUP or T200UP - Photolytic-Chemiluminescence","Arkadelphia/Near Road","1110 5th Street West Birmingham, AL 35204","Alabama","Jefferson","Birmingham","Birmingham-Hoover, AL","2024-05-22"
"01","073","2059","42602",1,33.521427,-86.844112,"WGS84","Nitrogen dioxide (NO2)","1 HOUR","NO2 1-hour 2010","2019-09-15","Parts per billion","None",23,96.0,12.278261,46.1,22,43,"200","Teledyne-API Model 200EUP or T200UP - Photolytic-Chemiluminescence","Arkadelphia/Near Road","1110 5th Street West Birmingham, AL 35204","Alabama","Jefferson","Birmingham","Birmingham-Hoover, AL","2024-05-22"
"01","073","2059","42602",1,33.521427,-86.844112,"WGS84","Nitrogen dioxide (NO2)","1 HOUR","NO2 1-hour 2010","2019-09-16","Parts per billion","None",21,88.0,24.6,50.8,21,47,"200","Teledyne-API Model 200EUP or T200UP - Photolytic-Chemiluminescence","Arkadelphia/Near Road","1110 5th Street West Birmingham, AL 35204","Alabama","Jefferson","Birmingham","Birmingham-Hoover, AL","2024-05-22"
"01","073","2059","42602",1,33.521427,-86.844112,"WGS84","Nitrogen dioxide (NO2)","1 HOUR","NO2 1-hour 2010","2019-09-17","Parts per billion","None",18,75.0,20.511111,40.2,3,38,"200","Teledyne-API Model 200EUP or T200UP - Photolytic-Chemiluminescence","Arkadelphia/Near Road","1110 5th Street West Birmingham, AL 35204","Alabama","Jefferson","Birmingham","Birmingham-Hoover, AL","2024-05-22"
"01","073","2059","42602",1,33.521427,-86.844112,"WGS84","Nitrogen dioxide (NO2)","1 HOUR","NO2 1-hour 2010","2019-09-18","Parts per billion","None",19,79.0,16.668421,37.4,1,35,"200","Teledyne-API Model 200EUP or T200UP - Photolytic-Chemiluminescence","Arkadelphia/Near Road","1110 5th Street West Birmingham, AL 35204","Alabama","Jefferson","Birmingham","Birmingham-Hoover, AL","2024-05-22"
"01","073","2059","42602",1,33.521427,-86.844112,"WGS84","Nitrogen dioxide (NO2)","1 HOUR","NO2 1-hour 2010","2019-09-19","Parts per billion","None",21,88.0,7.204762,11.1,5,10,"200","Teledyne-API Model 200EUP or T200UP - Photolytic-Chemiluminescence","Arkadelphia/Near Road","1110 5th Street West Birmingham, AL 35204","Alabama","Jefferson","Birmingham","Birmingham-Hoover, AL","2024-05-22"
"01","073","2059","42602",1,33.521427,-86.844112,"WGS84","Nitrogen dioxide (NO2)","1 HOUR","NO2 1-hour 2010","2019-09-20","Parts per billion","None",23,96.0,11.504348,25.4,20,24,"200","Teledyne-API Model 200EUP or T200UP - Photolytic-Chemiluminescence","Arkadelphia/Near Road","1110 5th Street West Birmingham, AL 35204","Alabama","Jefferson","Birmingham","Birmingham-Hoover, AL","2024-05-22"
"01","073","2059","42602",1,33.521427,-86.844112,"WGS84","Nitrogen dioxide (NO2)","1 HOUR","NO2 1-hour 2010","2019-09-21","Parts per billion","None",21,88.0,9.938095,30.1,23,28,"200","Teledyne-API Model 200EUP or T200UP - Photolytic-Chemiluminescence","Arkadelphia/Near Road","1110 5th Street West Birmingham, AL 35204","Alabama","Jefferson","Birmingham","Birmingham-Hoover, AL","2024-05-22"
"01","073","2059","42602",1,33.521427,-86.844112,"WGS84","Nitrogen dioxide (NO2)","1 HOUR","NO2 1-hour 2010","2019-09-22","Parts per billion","None",23,96.0,18.308696,37.2,18,35,"200","Teledyne-API Model 200EUP or T200UP - Photolytic-Chemiluminescence","Arkadelphia/Near Road","1110 5th Street West Birmingham, AL 35204","Alabama","Jefferson","Birmingham","Birmingham-Hoover, AL","2024-05-22"
"01","073","2059","42602",1,33.521427,-86.844112,"WGS84","Nitrogen dioxide (NO2)","1 HOUR","NO2 1-hour 2010","2019-09-23","Parts per billion","None",23,96.0,12.743478,32.1,6,30,"200","Teledyne-API Model 200EUP or T200UP - Photolytic-Chemiluminescence","Arkadelphia/Near Road","1110 5th Street West Birmingham, AL 35204","Alabama","Jefferson","Birmingham","Birmingham-Hoover, AL","2024-05-22"
"01","073","2059","42602",1,33.521427,-86.844112,"WGS84","Nitrogen dioxide (NO2)","1 HOUR","NO2 1-hour 2010","2019-09-24","Parts per billion","None",23,96.0,13.63913,42.5,21,40,"200","Teledyne-API Model 200EUP or T200UP - Photolytic-Chemiluminescence","Arkadelphia/Near Road","1110 5th Street West Birmingham, AL 35204","Alabama","Jefferson","Birmingham","Birmingham-Hoover, AL","2024-05-22"
"01","073","2059","42602",1,33.521427,-86.844112,"WGS84","Nitrogen dioxide (NO2)","1 HOUR","NO2 1-hour 2010","2019-09-25","Parts per billion","None",19,79.0,20.5,44,2,42,"200","Teledyne-API Model 200EUP or T200UP - Photolytic-Chemiluminescence","Arkadelphia/Near Road","1110 5th Street West Birmingham, AL 35204","Alabama","Jefferson","Birmingham","Birmingham-Hoover, AL","2024-05-22"
"01","073","2059","42602",1,33.521427,-86.844112,"WGS84","Nitrogen dioxide (NO2)","1 HOUR","NO2 1-hour 2010","2019-09-26","Parts per billion","None",23,96.0,18.347826,41.4,20,39,"200","Teledyne-API Model 200EUP or T200UP - Photolytic-Chemiluminescence","Arkadelphia/Near Road","1110 5th Street West Birmingham, AL 35204","Alabama","Jefferson","Birmingham","Birmingham-Hoover, AL","2024-05-22"
"01","073","2059","42602",1,33.521427,-86.844112,"WGS84","Nitrogen dioxide (NO2)","1 HOUR","NO2 1-hour 2010","2019-09-27","Parts per billion","None",23,96.0,24.13913,42.8,19,40,"200","Teledyne-API Model 200EUP or T200UP - Photolytic-Chemiluminescence","Arkadelphia/Near Road","1110 5th Street West Birmingham, AL 35204","Alabama","Jefferson","Birmingham","Birmingham-Hoover, AL","2024-05-22"
"01","073","2059","42602",1,33.521427,-86.844112,"WGS84","Nitrogen dioxide (NO2)","1 HOUR","NO2 1-hour 2010","2019-09-28","Parts per billion","None",21,88.0,23.728571,51.7,20,48,"200","Teledyne-API Model 200EUP or T200UP - Photolytic-Chemiluminescence","Arkadelphia/Near Road","1110 5th Street West Birmingham, AL 35204","Alabama","Jefferson","Birmingham","Birmingham-Hoover, AL","2024-05-22"
"01","073","2059","42602",1,33.521427,-86.844112,"WGS84","Nitrogen dioxide (NO2)","1 HOUR","NO2 1-hour 2010","2019-09-29","Parts per billion","None",23,96.0,17.491304,34.6,20,32,"200","Teledyne-API Model 200EUP or T200UP - Photolytic-Chemiluminescence","Arkadelphia/Near Road","1110 5th Street West Birmingham, AL 35204","Alabama","Jefferson","Birmingham","Birmingham-Hoover, AL","2024-05-22"
"01","073","2059","42602",1,33.521427,-86.844112,"WGS84","Nitrogen dioxide (NO2)","1 HOUR","NO2 1-hour 2010","2019-09-30","Parts per billion","None",23,96.0,25.334783,53,19,50,"200","Teledyne-API Model 200EUP or T200UP - Photolytic-Chemiluminescence","Arkadelphia/Near Road","1110 5th Street West Birmingham, AL 35204","Alabama","Jefferson","Birmingham","Birmingham-Hoover, AL","2024-05-22"
"01","073","2059","42602",1,33.521427,-86.844112,"WGS84","Nitrogen dioxide (NO2)","1 HOUR","NO2 1-hour 2010","2019-10-01","Parts per billion","None",23,96.0,23.852174,49.9,20,46,"200","Teledyne-API Model 200EUP or T200UP - Photolytic-Chemiluminescence","Arkadelphia/Near Road","1110 5th Street West Birmingham, AL 35204","Alabama","Jefferson","Birmingham","Birmingham-Hoover, AL","2024-05-22"
"01","073","2059","42602",1,33.521427,-86.844112,"WGS84","Nitrogen dioxide (NO2)","1 HOUR","NO2 1-hour 2010","2019-10-02","Parts per billion","None",20,83.0,26.81,63.1,18,61,"200","Teledyne-API Model 200EUP or T200UP - Photolytic-Chemiluminescence","Arkadelphia/Near Road","1110 5th Street West Birmingham, AL 35204","Alabama","Jefferson","Birmingham","Birmingham-Hoover, AL","2024-05-22"
"01","073","2059","42602",1,33.521427,-86.844112,"WGS84","Nitrogen dioxide (NO2)","1 HOUR","NO2 1-hour 2010","2019-10-03","Parts per billion","None",23,96.0,24.295652,47.2,1,44,"200","Teledyne-API Model 200EUP or T200UP - Photolytic-Chemiluminescence","Arkadelphia/Near Road","1110 5th Street West Birmingham, AL 35204","Alabama","Jefferson","Birmingham","Birmingham-Hoover, AL","2024-05-22"
"01","073","2059","42602",1,33.521427,-86.844112,"WGS84","Nitrogen dioxide (NO2)","1 HOUR","NO2 1-hour 2010","2019-10-04","Parts per billion","None",23,96.0,11.913043,46.3,1,43,"200","Teledyne-API Model 200EUP or T200UP - Photolytic-Chemiluminescence","Arkadelphia/Near Road","1110 5th Street West Birmingham, AL 35204","Alabama","Jefferson","Birmingham","Birmingham-Hoover, AL","2024-05-22"
"01","073","2059","42602",1,33.521427,-86.844112,"WGS84","Nitrogen dioxide (NO2)","1 HOUR","NO2 1-hour 2010","2019-10-05","Parts per billion","None",21,88.0,10.6,27,5,25,"200","Teledyne-API Model 200EUP or T200UP - Photolytic-Chemiluminescence","Arkadelphia/Near Road","1110 5th Street West Birmingham, AL 35204","Alabama","Jefferson","Birmingham","Birmingham-Hoover, AL","2024-05-22"
"01","073","2059","42602",1,33.521427,-86.844112,"WGS84","Nitrogen dioxide (NO2)","1 HOUR","NO2 1-hour 2010","2019-10-06","Parts per billion","None",23,96.0,6.491304,10.4,18,9,"200","Teledyne-API Model 200EUP or T200UP - Photolytic-Chemiluminescence","Arkadelphia/Near Road","1110 5th Street West Birmingham, AL 35204","Alabama","Jefferson","Birmingham","Birmingham-Hoover, AL","2024-05-22"
"01","073","2059","42602",1,33.521427,-86.844112,"WGS84","Nitrogen dioxide (NO2)","1 HOUR","NO2 1-hour 2010","2019-10-07","Parts per billion","None",23,96.0,8.243478,21.8,7,20,"200","Teledyne-API Model 200EUP or T200UP - Photolytic-Chemiluminescence","Arkadelphia/Near Road","1110 5th Street West Birmingham, AL 35204","Alabama","Jefferson","Birmingham","Birmingham-Hoover, AL","2024-05-22"
"01","073","2059","42602",1,33.521427,-86.844112,"WGS84","Nitrogen dioxide (NO2)","1 HOUR","NO2 1-hour 2010","2019-10-08","Parts per billion","None",23,96.0,5.547826,11.6,22,10,"200","Teledyne-API Model 200EUP or T200UP - Photolytic-Chemiluminescence","Arkadelphia/Near Road","1110 5th Street West Birmingham, AL 35204","Alabama","Jefferson","Birmingham","Birmingham-Hoover, AL","2024-05-22"
"01","073","2059","42602",1,33.521427,-86.844112,"WGS84","Nitrogen dioxide (NO2)","1 HOUR","NO2 1-hour 2010","2019-10-09","Parts per billion","None",19,79.0,10.505263,15.6,2,14,"200","Teledyne-API Model 200EUP or T200UP - Photolytic-Chemiluminescence","Arkadelphia/Near Road","1110 5th Street West Birmingham, AL 35204","Alabama","Jefferson","Birmingham","Birmingham-Hoover, AL","2024-05-22"
"01","073","2059","42602",1,33.521427,-86.844112,"WGS84","Nitrogen dioxide (NO2)","1 HOUR","NO2 1-hour 2010","2019-10-10","Parts per billion","None",22,92.0,12.004545,26.8,18,25,"200","Teledyne-API Model 200EUP or T200UP - Photolytic-Chemiluminescence","Arkadelphia/Near Road","1110 5th Street West Birmingham, AL 35204","Alabama","Jefferson","Birmingham","Birmingham-Hoover, AL","2024-05-22"
"01","073","2059","42602",1,33.521427,-86.844112,"WGS84","Nitrogen dioxide (NO2)","1 HOUR","NO2 1-hour 2010","2019-10-11","Parts per billion","None",23,96.0,11.4,23,16,22,"200","Teledyne-API Model 200EUP or T200UP - Photolytic-Chemiluminescence","Arkadelphia/Near Road","1110 5th Street West Birmingham, AL 35204","Alabama","Jefferson","Birmingham","Birmingham-Hoover, AL","2024-05-22"
"01","073","2059","42602",1,33.521427,-86.844112,"WGS84","Nitrogen dioxide (NO2)","1 HOUR","NO2 1-hour 2010","2019-10-12","Parts per billion","None",21,88.0,7.842857,26.2,20,25,"200","Teledyne-API Model 200EUP or T200UP - Photolytic-Chemiluminescence","Arkadelphia/Near Road","1110 5th Street West Birmingham, AL 35204","Alabama","Jefferson","Birmingham","Birmingham-Hoover, AL","2024-05-22"
"01","073","2059","42602",1,33.521427,-86.844112,"WGS84","Nitrogen dioxide (NO2)","1 HOUR","NO2 1-hour 2010","2019-10-13","Parts per billion","None",23,96.0,12.395652,20.2,22,19,"200","Teledyne-API Model 200EUP or T200UP - Photolytic-Chemiluminescence","Arkadelphia/Near Road","1110 5th Street West Birmingham, AL 35204","Alabama","Jefferson","Birmingham","Birmingham-Hoover, AL","2024-05-22"
"01","073","2059","42602",1,33.521427,-86.844112,"WGS84","Nitrogen dioxide (NO2)","1 HOUR","NO2 1-hour 2010","2019-10-14","Parts per billion","None",23,96.0,18.46087,31.1,20,29,"200","Teledyne-API Model 200EUP or T200UP - Photolytic-Chemiluminescence","Arkadelphia/Near Road","1110 5th Street West Birmingham, AL 35204","Alabama","Jefferson","Birmingham","Birmingham-Hoover, AL","2024-05-22"
"01","073","2059","42602",1,33.521427,-86.844112,"WGS84","Nitrogen dioxide (NO2)","1 HOUR","NO2 1-hour 2010","2019-10-15","Parts per billion","None",23,96.0,18.273913,27.7,4,25,"200","Teledyne-API Model 200EUP or T200UP - Photolytic-Chemiluminescence","Arkadelphia/Near Road","1110 5th Street West Birmingham, AL 35204","Alabama","Jefferson","Birmingham","Birmingham-Hoover, AL","2024-05-22"
"01","073","2059","42602",1,33.521427,-86.844112,"WGS84","Nitrogen dioxide (NO2)","1 HOUR","NO2 1-hour 2010","2019-10-16","Parts per billion","None",23,96.0,7.152174,21.5,19,20,"200","Teledyne-API Model 200EUP or T200UP - Photolytic-Chemiluminescence","Arkadelphia/Near Road","1110 5th Street West Birmingham, AL 35204","Alabama","Jefferson","Birmingham","Birmingham-Hoover, AL","2024-05-22"
"01","073","2059","42602",1,33.521427,-86.844112,"WGS84","Nitrogen dioxide (NO2)","1 HOUR","NO2 1-hour 2010","2019-10-17","Parts per billion","None",23,96.0,11.991304,33.8,23,31,"200","Teledyne-API Model 200EUP or T200UP - Photolytic-Chemiluminescence","Arkadelphia/Near Road","1110 5th Street West Birmingham, AL 35204","Alabama","Jefferson","Birmingham","Birmingham-Hoover, AL","2024-05-22"
"01","073","2059","42602",1,33.521427,-86.844112,"WGS84","Nitrogen dioxide (NO2)","1 HOUR","NO2 1-hour 2010","2019-10-18","Parts per billion","None",12,50.0,17.875,24.2,1,23,"200","Teledyne-API Model 200EUP or T200UP - Photolytic-Chemiluminescence","Arkadelphia/Near Road","1110 5th Street West Birmingham, AL 35204","Alabama","Jefferson","Birmingham","Birmingham-Hoover, AL","2024-05-22"
"01","073","2059","42602",1,33.521427,-86.844112,"WGS84","Nitrogen dioxide (NO2)","1 HOUR","NO2 1-hour 2010","2019-10-29","Parts per billion","None",14,58.0,11.321429,18.5,20,17,"200","Teledyne-API Model 200EUP or T200UP - Photolytic-Chemiluminescence","Arkadelphia/Near Road","1110 5th Street West Birmingham, AL 35204","Alabama","Jefferson","Birmingham","Birmingham-Hoover, AL","2024-05-22"
"01","073","2059","42602",1,33.521427,-86.844112,"WGS84","Nitrogen dioxide (NO2)","1 HOUR","NO2 1-hour 2010","2019-10-30","Parts per billion","None",23,96.0,8.765217,20.5,14,19,"200","Teledyne-API Model 200EUP or T200UP - Photolytic-Chemiluminescence","Arkadelphia/Near Road","1110 5th Street West Birmingham, AL 35204","Alabama","Jefferson","Birmingham","Birmingham-Hoover, AL","2024-05-22"
"01","073","2059","42602",1,33.521427,-86.844112,"WGS84","Nitrogen dioxide (NO2)","1 HOUR","NO2 1-hour 2010","2019-10-31","Parts per billion","None",21,88.0,5.652381,11.8,18,10,"200","Teledyne-API Model 200EUP or T200UP - Photolytic-Chemiluminescence","Arkadelphia/Near Road","1110 5th Street West Birmingham, AL 35204","Alabama","Jefferson","Birmingham","Birmingham-Hoover, AL","2024-05-22"
"01","073","2059","42602",1,33.521427,-86.844112,"WGS84","Nitrogen dioxide (NO2)","1 HOUR","NO2 1-hour 2010","2019-11-01","Parts per billion","None",23,96.0,10.482609,29.3,19,27,"200","Teledyne-API Model 200EUP or T200UP - Photolytic-Chemiluminescence","Arkadelphia/Near Road","1110 5th Street West Birmingham, AL 35204","Alabama","Jefferson","Birmingham","Birmingham-Hoover, AL","2024-05-22"
"01","073","2059","42602",1,33.521427,-86.844112,"WGS84","Nitrogen dioxide (NO2)","1 HOUR","NO2 1-hour 2010","2019-11-02","Parts per billion","None",21,88.0,10.890476,25.3,23,24,"200","Teledyne-API Model 200EUP or T200UP - Photolytic-Chemiluminescence","Arkadelphia/Near Road","1110 5th Street West Birmingham, AL 35204","Alabama","Jefferson","Birmingham","Birmingham-Hoover, AL","2024-05-22"
"01","073","2059","42602",1,33.521427,-86.844112,"WGS84","Nitrogen dioxide (NO2)","1 HOUR","NO2 1-hour 2010","2019-11-03","Parts per billion","None",23,96.0,20.052174,37.5,19,35,"200","Teledyne-API Model 200EUP or T200UP - Photolytic-Chemiluminescence","Arkadelphia/Near Road","1110 5th Street West Birmingham, AL 35204","Alabama","Jefferson","Birmingham","Birmingham-Hoover, AL","2024-05-22"
"01","073","2059","42602",1,33.521427,-86.844112,"WGS84","Nitrogen dioxide (NO2)","1 HOUR","NO2 1-hour 2010","2019-11-04","Parts per billion","None",23,96.0,22.5,30.9,18,28,"200","Teledyne-API Model 200EUP or T200UP - Photolytic-Chemiluminescence","Arkadelphia/Near Road","1110 5th Street West Birmingham, AL 35204","Alabama","Jefferson","Birmingham","Birmingham-Hoover, AL","2024-05-22"
"01","073","2059","42602",1,33.521427,-86.844112,"WGS84","Nitrogen dioxide (NO2)","1 HOUR","NO2 1-hour 2010","2019-11-05","Parts per billion","None",23,96.0,18.56087,39.1,18,37,"200","Teledyne-API Model 200EUP or T200UP - Photolytic-Chemiluminescence","Arkadelphia/Near Road","1110 5th Street West Birmingham, AL 35204","Alabama","Jefferson","Birmingham","Birmingham-Hoover, AL","2024-05-22"
"01","073","2059","42602",1,33.521427,-86.844112,"WGS84","Nitrogen dioxide (NO2)","1 HOUR","NO2 1-hour 2010","2019-11-06","Parts per billion","None",23,96.0,27.034783,50.2,18,47,"200","Teledyne-API Model 200EUP or T200UP - Photolytic-Chemiluminescence","Arkadelphia/Near Road","1110 5th Street West Birmingham, AL 35204","Alabama","Jefferson","Birmingham","Birmingham-Hoover, AL","2024-05-22"
"01","073","2059","42602",1,33.521427,-86.844112,"WGS84","Nitrogen dioxide (NO2)","1 HOUR","NO2 1-hour 2010","2019-11-07","Parts per billion","None",19,79.0,12.415789,30.2,2,28,"200","Teledyne-API Model 200EUP or T200UP - Photolytic-Chemiluminescence","Arkadelphia/Near Road","1110 5th Street West Birmingham, AL 35204","Alabama","Jefferson","Birmingham","Birmingham-Hoover, AL","2024-05-22"
"01","073","2059","42602",1,33.521427,-86.844112,"WGS84","Nitrogen dioxide (NO2)","1 HOUR","NO2 1-hour 2010","2019-11-08","Parts per billion","None",21,88.0,6.390476,12.7,22,11,"200","Teledyne-API Model 200EUP or T200UP - Photolytic-Chemiluminescence","Arkadelphia/Near Road","1110 5th Street West Birmingham, AL 35204","Alabama","Jefferson","Birmingham","Birmingham-Hoover, AL","2024-05-22"
"01","073","2059","42602",1,33.521427,-86.844112,"WGS84","Nitrogen dioxide (NO2)","1 HOUR","NO2 1-hour 2010","2019-11-09","Parts per billion","None",21,88.0,17.62381,40.5,22,38,"200","Teledyne-API Model 200EUP or T200UP - Photolytic-Chemiluminescence","Arkadelphia/Near Road","1110 5th Street West Birmingham, AL 35204","Alabama","Jefferson","Birmingham","Birmingham-Hoover, AL","2024-05-22"
"01","073","2059","42602",1,33.521427,-86.844112,"WGS84","Nitrogen dioxide (NO2)","1 HOUR","NO2 1-hour 2010","2019-11-10","Parts per billion","None",23,96.0,21.491304,41.6,22,39,"200","Teledyne-API Model 200EUP or T200UP - Photolytic-Chemiluminescence","Arkadelphia/Near Road","1110 5th Street West Birmingham, AL 35204","Alabama","Jefferson","Birmingham","Birmingham-Hoover, AL","2024-05-22"
"01","073","2059","42602",1,33.521427,-86.844112,"WGS84","Nitrogen dioxide (NO2)","1 HOUR","NO2 1-hour 2010","2019-11-11","Parts per billion","None",23,96.0,20.686957,33.4,17,31,"200","Teledyne-API Model 200EUP or T200UP - Photolytic-Chemiluminescence","Arkadelphia/Near Road","1110 5th Street West Birmingham, AL 35204","Alabama","Jefferson","Birmingham","Birmingham-Hoover, AL","2024-05-22"
"01","073","2059","42602",1,33.521427,-86.844112,"WGS84","Nitrogen dioxide (NO2)","1 HOUR","NO2 1-hour 2010","2019-11-12","Parts per billion","None",17,71.0,3.905882,5.3,16,5,"200","Teledyne-API Model 200EUP or T200UP - Photolytic-Chemiluminescence","Arkadelphia/Near Road","1110 5th Street West Birmingham, AL 35204","Alabama","Jefferson","Birmingham","Birmingham-Hoover, AL","2024-05-22"
"01","073","2059","42602",1,33.521427,-86.844112,"WGS84","Nitrogen dioxide (NO2)","1 HOUR","NO2 1-hour 2010","2019-11-13","Parts per billion","None",12,50.0,19.091667,32.3,21,30,"200","Teledyne-API Model 200EUP or T200UP - Photolytic-Chemiluminescence","Arkadelphia/Near Road","1110 5th Street West Birmingham, AL 35204","Alabama","Jefferson","Birmingham","Birmingham-Hoover, AL","2024-05-22"
"01","073","2059","42602",1,33.521427,-86.844112,"WGS84","Nitrogen dioxide (NO2)","1 HOUR","NO2 1-hour 2010","2019-11-14","Parts per billion","None",23,96.0,21.373913,28.5,11,26,"200","Teledyne-API Model 200EUP or T200UP - Photolytic-Chemiluminescence","Arkadelphia/Near Road","1110 5th Street West Birmingham, AL 35204","Alabama","Jefferson","Birmingham","Birmingham-Hoover, AL","2024-05-22"
"01","073","2059","42602",1,33.521427,-86.844112,"WGS84","Nitrogen dioxide (NO2)","1 HOUR","NO2 1-hour 2010","2019-11-15","Parts per billion","None",23,96.0,11.482609,21.5,17,20,"200","Teledyne-API Model 200EUP or T200UP - Photolytic-Chemiluminescence","Arkadelphia/Near Road","1110 5th Street West Birmingham, AL 35204","Alabama","Jefferson","Birmingham","Birmingham-Hoover, AL","2024-05-22"
"01","073","2059","42602",1,33.521427,-86.844112,"WGS84","Nitrogen dioxide (NO2)","1 HOUR","NO2 1-hour 2010","2019-11-16","Parts per billion","None",21,88.0,14.347619,40.6,23,38,"200","Teledyne-API Model 200EUP or T200UP - Photolytic-Chemiluminescence","Arkadelphia/Near Road","1110 5th Street West Birmingham, AL 35204","Alabama","Jefferson","Birmingham","Birmingham-Hoover, AL","2024-05-22"
"01","073","2059","42602",1,33.521427,-86.844112,"WGS84","Nitrogen dioxide (NO2)","1 HOUR","NO2 1-hour 2010","2019-11-17","Parts per billion","None",23,96.0,26.034783,43.1,19,41,"200","Teledyne-API Model 200EUP or T200UP - Photolytic-Chemiluminescence","Arkadelphia/Near Road","1110 5th Street West Birmingham, AL 35204","Alabama","Jefferson","Birmingham","Birmingham-Hoover, AL","2024-05-22"
"01","073","2059","42602",1,33.521427,-86.844112,"WGS84","Nitrogen dioxide (NO2)","1 HOUR","NO2 1-hour 2010","2019-11-18","Parts per billion","None",23,96.0,18,30.2,1,28,"200","Teledyne-API Model 200EUP or T200UP - Photolytic-Chemiluminescence","Arkadelphia/Near Road","1110 5th Street West Birmingham, AL 35204","Alabama","Jefferson","Birmingham","Birmingham-Hoover, AL","2024-05-22"
"01","073","2059","42602",1,33.521427,-86.844112,"WGS84","Nitrogen dioxide (NO2)","1 HOUR","NO2 1-hour 2010","2019-11-19","Parts per billion","None",23,96.0,19.034783,36.5,18,34,"200","Teledyne-API Model 200EUP or T200UP - Photolytic-Chemiluminescence","Arkadelphia/Near Road","1110 5th Street West Birmingham, AL 35204","Alabama","Jefferson","Birmingham","Birmingham-Hoover, AL","2024-05-22"
"01","073","2059","42602",1,33.521427,-86.844112,"WGS84","Nitrogen dioxide (NO2)","1 HOUR","NO2 1-hour 2010","2019-11-20","Parts per billion","None",20,83.0,28.31,45.4,23,42,"200","Teledyne-API Model 200EUP or T200UP - Photolytic-Chemiluminescence","Arkadelphia/Near Road","1110 5th Street West Birmingham, AL 35204","Alabama","Jefferson","Birmingham","Birmingham-Hoover, AL","2024-05-22"
"01","073","2059","42602",1,33.521427,-86.844112,"WGS84","Nitrogen dioxide (NO2)","1 HOUR","NO2 1-hour 2010","2019-11-21","Parts per billion","None",23,96.0,21.856522,35.9,1,33,"200","Teledyne-API Model 200EUP or T200UP - Photolytic-Chemiluminescence","Arkadelphia/Near Road","1110 5th Street West Birmingham, AL 35204","Alabama","Jefferson","Birmingham","Birmingham-Hoover, AL","2024-05-22"
"01","073","2059","42602",1,33.521427,-86.844112,"WGS84","Nitrogen dioxide (NO2)","1 HOUR","NO2 1-hour 2010","2019-11-22","Parts per billion","None",23,96.0,17.247826,31.9,14,29,"200","Teledyne-API Model 200EUP or T200UP - Photolytic-Chemiluminescence","Arkadelphia/Near Road","1110 5th Street West Birmingham, AL 35204","Alabama","Jefferson","Birmingham","Birmingham-Hoover, AL","2024-05-22"
"01","073","2059","42602",1,33.521427,-86.844112,"WGS84","Nitrogen dioxide (NO2)","1 HOUR","NO2 1-hour 2010","2019-11-23","Parts per billion","None",21,88.0,4.028571,8.9,9,8,"200","Teledyne-API Model 200EUP or T200UP - Photolytic-Chemiluminescence","Arkadelphia/Near Road","1110 5th Street West Birmingham, AL 35204","Alabama","Jefferson","Birmingham","Birmingham-Hoover, AL","2024-05-22"
"01","073","2059","42602",1,33.521427,-86.844112,"WGS84","Nitrogen dioxide (NO2)","1 HOUR","NO2 1-hour 2010","2019-11-24","Parts per billion","None",23,96.0,10.208696,24.6,23,23,"200","Teledyne-API Model 200EUP or T200UP - Photolytic-Chemiluminescence","Arkadelphia/Near Road","1110 5th Street West Birmingham, AL 35204","Alabama","Jefferson","Birmingham","Birmingham-Hoover, AL","2024-05-22"
"01","073","2059","42602",1,33.521427,-86.844112,"WGS84","Nitrogen dioxide (NO2)","1 HOUR","NO2 1-hour 2010","2019-11-25","Parts per billion","None",20,83.0,23.49,38.9,20,36,"200","Teledyne-API Model 200EUP or T200UP - Photolytic-Chemiluminescence","Arkadelphia/Near Road","1110 5th Street West Birmingham, AL 35204","Alabama","Jefferson","Birmingham","Birmingham-Hoover, AL","2024-05-22"
"01","073","2059","42602",1,33.521427,-86.844112,"WGS84","Nitrogen dioxide (NO2)","1 HOUR","NO2 1-hour 2010","2019-11-26","Parts per billion","None",23,96.0,12.017391,24.6,2,23,"200","Teledyne-API Model 200EUP or T200UP - Photolytic-Chemiluminescence","Arkadelphia/Near Road","1110 5th Street West Birmingham, AL 35204","Alabama","Jefferson","Birmingham","Birmingham-Hoover, AL","2024-05-22"
"01","073","2059","42602",1,33.521427,-86.844112,"WGS84","Nitrogen dioxide (NO2)","1 HOUR","NO2 1-hour 2010","2019-11-27","Parts per billion","None",21,88.0,6.6,17.7,17,16,"200","Teledyne-API Model 200EUP or T200UP - Photolytic-Chemiluminescence","Arkadelphia/Near Road","1110 5th Street West Birmingham, AL 35204","Alabama","Jefferson","Birmingham","Birmingham-Hoover, AL","2024-05-22"
"01","073","2059","42602",1,33.521427,-86.844112,"WGS84","Nitrogen dioxide (NO2)","1 HOUR","NO2 1-hour 2010","2019-11-28","Parts per billion","None",23,96.0,6.234783,12.2,7,11,"200","Teledyne-API Model 200EUP or T200UP - Photolytic-Chemiluminescence","Arkadelphia/Near Road","1110 5th Street West Birmingham, AL 35204","Alabama","Jefferson","Birmingham","Birmingham-Hoover, AL","2024-05-22"
"01","073","2059","42602",1,33.521427,-86.844112,"WGS84","Nitrogen dioxide (NO2)","1 HOUR","NO2 1-hour 2010","2019-11-29","Parts per billion","None",23,96.0,17.152174,26.3,20,25,"200","Teledyne-API Model 200EUP or T200UP - Photolytic-Chemiluminescence","Arkadelphia/Near Road","1110 5th Street West Birmingham, AL 35204","Alabama","Jefferson","Birmingham","Birmingham-Hoover, AL","2024-05-22"
"01","073","2059","42602",1,33.521427,-86.844112,"WGS84","Nitrogen dioxide (NO2)","1 HOUR","NO2 1-hour 2010","2019-11-30","Parts per billion","None",21,88.0,9.12381,30,5,28,"200","Teledyne-API Model 200EUP or T200UP - Photolytic-Chemiluminescence","Arkadelphia/Near Road","1110 5th Street West Birmingham, AL 35204","Alabama","Jefferson","Birmingham","Birmingham-Hoover, AL","2024-05-22"
"01","073","2059","42602",1,33.521427,-86.844112,"WGS84","Nitrogen dioxide (NO2)","1 HOUR","NO2 1-hour 2010","2019-12-01","Parts per billion","None",23,96.0,4.278261,9.7,6,8,"200","Teledyne-API Model 200EUP or T200UP - Photolytic-Chemiluminescence","Arkadelphia/Near Road","1110 5th Street West Birmingham, AL 35204","Alabama","Jefferson","Birmingham","Birmingham-Hoover, AL","2024-05-22"
"01","073","2059","42602",1,33.521427,-86.844112,"WGS84","Nitrogen dioxide (NO2)","1 HOUR","NO2 1-hour 2010","2019-12-02","Parts per billion","None",23,96.0,3.9,6.6,16,6,"200","Teledyne-API Model 200EUP or T200UP - Photolytic-Chemiluminescence","Arkadelphia/Near Road","1110 5th Street West Birmingham, AL 35204","Alabama","Jefferson","Birmingham","Birmingham-Hoover, AL","2024-05-22"
"01","073","2059","42602",1,33.521427,-86.844112,"WGS84","Nitrogen dioxide (NO2)","1 HOUR","NO2 1-hour 2010","2019-12-03","Parts per billion","None",23,96.0,14.304348,32.4,18,30,"200","Teledyne-API Model 200EUP or T200UP - Photolytic-Chemiluminescence","Arkadelphia/Near Road","1110 5th Street West Birmingham, AL 35204","Alabama","Jefferson","Birmingham","Birmingham-Hoover, AL","2024-05-22"
"01","073","2059","42602",1,33.521427,-86.844112,"WGS84","Nitrogen dioxide (NO2)","1 HOUR","NO2 1-hour 2010","2019-12-04","Parts per billion","None",19,79.0,26.968421,42,17,40,"200","Teledyne-API Model 200EUP or T200UP - Photolytic-Chemiluminescence","Arkadelphia/Near Road","1110 5th Street West Birmingham, AL 35204","Alabama","Jefferson","Birmingham","Birmingham-Hoover, AL","2024-05-22"
"01","073","2059","42602",1,33.521427,-86.844112,"WGS84","Nitrogen dioxide (NO2)","1 HOUR","NO2 1-hour 2010","2019-12-05","Parts per billion","None",23,96.0,34.06087,47.1,17,44,"200","Teledyne-API Model 200EUP or T200UP - Photolytic-Chemiluminescence","Arkadelphia/Near Road","1110 5th Street West Birmingham, AL 35204","Alabama","Jefferson","Birmingham","Birmingham-Hoover, AL","2024-05-22"
"01","073","2059","42602",1,33.521427,-86.844112,"WGS84","Nitrogen dioxide (NO2)","1 HOUR","NO2 1-hour 2010","2019-12-06","Parts per billion","None",23,96.0,27.3,38.7,6,36,"200","Teledyne-API Model 200EUP or T200UP - Photolytic-Chemiluminescence","Arkadelphia/Near Road","1110 5th Street West Birmingham, AL 35204","Alabama","Jefferson","Birmingham","Birmingham-Hoover, AL","2024-05-22"
"01","073","2059","42602",1,33.521427,-86.844112,"WGS84","Nitrogen dioxide (NO2)","1 HOUR","NO2 1-hour 2010","2019-12-07","Parts per billion","None",21,88.0,11.180952,27,19,25,"200","Teledyne-API Model 200EUP or T200UP - Photolytic-Chemiluminescence","Arkadelphia/Near Road","1110 5th Street West Birmingham, AL 35204","Alabama","Jefferson","Birmingham","Birmingham-Hoover, AL","2024-05-22"
"01","073","2059","42602",1,33.521427,-86.844112,"WGS84","Nitrogen dioxide (NO2)","1 HOUR","NO2 1-hour 2010","2019-12-08","Parts per billion","None",23,96.0,5.13913,10.2,15,9,"200","Teledyne-API Model 200EUP or T200UP - Photolytic-Chemiluminescence","Arkadelphia/Near Road","1110 5th Street West Birmingham, AL 35204","Alabama","Jefferson","Birmingham","Birmingham-Hoover, AL","2024-05-22"
"01","073","2059","42602",1,33.521427,-86.844112,"WGS84","Nitrogen dioxide (NO2)","1 HOUR","NO2 1-hour 2010","2019-12-09","Parts per billion","None",23,96.0,7.421739,12.2,16,11,"200","Teledyne-API Model 200EUP or T200UP - Photolytic-Chemiluminescence","Arkadelphia/Near Road","1110 5th Street West Birmingham, AL 35204","Alabama","Jefferson","Birmingham","Birmingham-Hoover, AL","2024-05-22"
"01","073","2059","42602",1,33.521427,-86.844112,"WGS84","Nitrogen dioxide (NO2)","1 HOUR","NO2 1-hour 2010","2019-12-10","Parts per billion","None",23,96.0,5.052174,10.1,14,9,"200","Teledyne-API Model 200EUP or T200UP - Photolytic-Chemiluminescence","Arkadelphia/Near Road","1110 5th Street West Birmingham, AL 35204","Alabama","Jefferson","Birmingham","Birmingham-Hoover, AL","2024-05-22"
"01","073","2059","42602",1,33.521427,-86.844112,"WGS84","Nitrogen dioxide (NO2)","1 HOUR","NO2 1-hour 2010","2019-12-11","Parts per billion","None",22,92.0,13.827273,36,21,34,"200","Teledyne-API Model 200EUP or T200UP - Photolytic-Chemiluminescence","Arkadelphia/Near Road","1110 5th Street West Birmingham, AL 35204","Alabama","Jefferson","Birmingham","Birmingham-Hoover, AL","2024-05-22"
"01","073","2059","42602",1,33.521427,-86.844112,"WGS84","Nitrogen dioxide (NO2)","1 HOUR","NO2 1-hour 2010","2019-12-12","Parts per billion","None",23,96.0,15.191304,31.4,6,29,"200","Teledyne-API Model 200EUP or T200UP - Photolytic-Chemiluminescence","Arkadelphia/Near Road","1110 5th Street West Birmingham, AL 35204","Alabama","Jefferson","Birmingham","Birmingham-Hoover, AL","2024-05-22"
"01","073","2059","42602",1,33.521427,-86.844112,"WGS84","Nitrogen dioxide (NO2)","1 HOUR","NO2 1-hour 2010","2019-12-13","Parts per billion","None",23,96.0,14.382609,19.9,16,18,"200","Teledyne-API Model 200EUP or T200UP - Photolytic-Chemiluminescence","Arkadelphia/Near Road","1110 5th Street West Birmingham, AL 35204","Alabama","Jefferson","Birmingham","Birmingham-Hoover, AL","2024-05-22"
"01","073","2059","42602",1,33.521427,-86.844112,"WGS84","Nitrogen dioxide (NO2)","1 HOUR","NO2 1-hour 2010","2019-12-14","Parts per billion","None",21,88.0,12.314286,30.1,19,28,"200","Teledyne-API Model 200EUP or T200UP - Photolytic-Chemiluminescence","Arkadelphia/Near Road","1110 5th Street West Birmingham, AL 35204","Alabama","Jefferson","Birmingham","Birmingham-Hoover, AL","2024-05-22"
"01","073","2059","42602",1,33.521427,-86.844112,"WGS84","Nitrogen dioxide (NO2)","1 HOUR","NO2 1-hour 2010","2019-12-15","Parts per billion","None",23,96.0,9.052174,18.4,1,17,"200","Teledyne-API Model 200EUP or T200UP - Photolytic-Chemiluminescence","Arkadelphia/Near Road","1110 5th Street West Birmingham, AL 35204","Alabama","Jefferson","Birmingham","Birmingham-Hoover, AL","2024-05-22"
"01","073","2059","42602",1,33.521427,-86.844112,"WGS84","Nitrogen dioxide (NO2)","1 HOUR","NO2 1-hour 2010","2019-12-16","Parts per billion","None",23,96.0,8.517391,14.4,7,13,"200","Teledyne-API Model 200EUP or T200UP - Photolytic-Chemiluminescence","Arkadelphia/Near Road","1110 5th Street West Birmingham, AL 35204","Alabama","Jefferson","Birmingham","Birmingham-Hoover, AL","2024-05-22"
"01","073","2059","42602",1,33.521427,-86.844112,"WGS84","Nitrogen dioxide (NO2)","1 HOUR","NO2 1-hour 2010","2019-12-17","Parts per billion","None",23,96.0,4.308696,6.4,16,6,"200","Teledyne-API Model 200EUP or T200UP - Photolytic-Chemiluminescence","Arkadelphia/Near Road","1110 5th Street West Birmingham, AL 35204","Alabama","Jefferson","Birmingham","Birmingham-Hoover, AL","2024-05-22"
"01","073","2059","42602",1,33.521427,-86.844112,"WGS84","Nitrogen dioxide (NO2)","1 HOUR","NO2 1-hour 2010","2019-12-18","Parts per billion","None",20,83.0,10.66,23.2,20,22,"200","Teledyne-API Model 200EUP or T200UP - Photolytic-Chemiluminescence","Arkadelphia/Near Road","1110 5th Street West Birmingham, AL 35204","Alabama","Jefferson","Birmingham","Birmingham-Hoover, AL","2024-05-22"
"01","073","2059","42602",1,33.521427,-86.844112,"WGS84","Nitrogen dioxide (NO2)","1 HOUR","NO2 1-hour 2010","2019-12-19","Parts per billion","None",23,96.0,21.056522,43.3,22,41,"200","Teledyne-API Model 200EUP or T200UP - Photolytic-Chemiluminescence","Arkadelphia/Near Road","1110 5th Street West Birmingham, AL 35204","Alabama","Jefferson","Birmingham","Birmingham-Hoover, AL","2024-05-22"
"01","073","2059","42602",1,33.521427,-86.844112,"WGS84","Nitrogen dioxide (NO2)","1 HOUR","NO2 1-hour 2010","2019-12-20","Parts per billion","None",23,96.0,24.647826,37.5,17,35,"200","Teledyne-API Model 200EUP or T200UP - Photolytic-Chemiluminescence","Arkadelphia/Near Road","1110 5th Street West Birmingham, AL 35204","Alabama","Jefferson","Birmingham","Birmingham-Hoover, AL","2024-05-22"
"01","073","2059","42602",1,33.521427,-86.844112,"WGS84","Nitrogen dioxide (NO2)","1 HOUR","NO2 1-hour 2010","2019-12-21","Parts per billion","None",21,88.0,11.495238,16.8,7,15,"200","Teledyne-API Model 200EUP or T200UP - Photolytic-Chemiluminescence","Arkadelphia/Near Road","1110 5th Street West Birmingham, AL 35204","Alabama","Jefferson","Birmingham","Birmingham-Hoover, AL","2024-05-22"
"01","073","2059","42602",1,33.521427,-86.844112,"WGS84","Nitrogen dioxide (NO2)","1 HOUR","NO2 1-hour 2010","2019-12-22","Parts per billion","None",23,96.0,4.83913,7.3,1,7,"200","Teledyne-API Model 200EUP or T200UP - Photolytic-Chemiluminescence","Arkadelphia/Near Road","1110 5th Street West Birmingham, AL 35204","Alabama","Jefferson","Birmingham","Birmingham-Hoover, AL","2024-05-22"
"01","073","2059","42602",1,33.521427,-86.844112,"WGS84","Nitrogen dioxide (NO2)","1 HOUR","NO2 1-hour 2010","2019-12-23","Parts per billion","None",23,96.0,7.734783,16.8,21,15,"200","Teledyne-API Model 200EUP or T200UP - Photolytic-Chemiluminescence","Arkadelphia/Near Road","1110 5th Street West Birmingham, AL 35204","Alabama","Jefferson","Birmingham","Birmingham-Hoover, AL","2024-05-22"
"01","073","2059","42602",1,33.521427,-86.844112,"WGS84","Nitrogen dioxide (NO2)","1 HOUR","NO2 1-hour 2010","2019-12-24","Parts per billion","None",23,96.0,17.604348,30.1,18,28,"200","Teledyne-API Model 200EUP or T200UP - Photolytic-Chemiluminescence","Arkadelphia/Near Road","1110 5th Street West Birmingham, AL 35204","Alabama","Jefferson","Birmingham","Birmingham-Hoover, AL","2024-05-22"
"01","073","2059","42602",1,33.521427,-86.844112,"WGS84","Nitrogen dioxide (NO2)","1 HOUR","NO2 1-hour 2010","2019-12-25","Parts per billion","None",23,96.0,19.956522,37.1,1,35,"200","Teledyne-API Model 200EUP or T200UP - Photolytic-Chemiluminescence","Arkadelphia/Near Road","1110 5th Street West Birmingham, AL 35204","Alabama","Jefferson","Birmingham","Birmingham-Hoover, AL","2024-05-22"
"01","073","2059","42602",1,33.521427,-86.844112,"WGS84","Nitrogen dioxide (NO2)","1 HOUR","NO2 1-hour 2010","2019-12-26","Parts per billion","None",20,83.0,19.845,37.7,21,35,"200","Teledyne-API Model 200EUP or T200UP - Photolytic-Chemiluminescence","Arkadelphia/Near Road","1110 5th Street West Birmingham, AL 35204","Alabama","Jefferson","Birmingham","Birmingham-Hoover, AL","2024-05-22"
"01","073","2059","42602",1,33.521427,-86.844112,"WGS84","Nitrogen dioxide (NO2)","1 HOUR","NO2 1-hour 2010","2019-12-27","Parts per billion","None",23,96.0,17.36087,30.8,1,28,"200","Teledyne-API Model 200EUP or T200UP - Photolytic-Chemiluminescence","Arkadelphia/Near Road","1110 5th Street West Birmingham, AL 35204","Alabama","Jefferson","Birmingham","Birmingham-Hoover, AL","2024-05-22"
"01","073","2059","42602",1,33.521427,-86.844112,"WGS84","Nitrogen dioxide (NO2)","1 HOUR","NO2 1-hour 2010","2019-12-28","Parts per billion","None",21,88.0,7.661905,14.9,5,13,"200","Teledyne-API Model 200EUP or T200UP - Photolytic-Chemiluminescence","Arkadelphia/Near Road","1110 5th Street West Birmingham, AL 35204","Alabama","Jefferson","Birmingham","Birmingham-Hoover, AL","2024-05-22"
"01","073","2059","42602",1,33.521427,-86.844112,"WGS84","Nitrogen dioxide (NO2)","1 HOUR","NO2 1-hour 2010","2019-12-29","Parts per billion","None",23,96.0,3.9,8.6,7,8,"200","Teledyne-API Model 200EUP or T200UP - Photolytic-Chemiluminescence","Arkadelphia/Near Road","1110 5th Street West Birmingham, AL 35204","Alabama","Jefferson","Birmingham","Birmingham-Hoover, AL","2024-05-22"
"01","073","2059","42602",1,33.521427,-86.844112,"WGS84","Nitrogen dioxide (NO2)","1 HOUR","NO2 1-hour 2010","2019-12-30","Parts per billion","None",23,96.0,10.813043,22.2,17,21,"200","Teledyne-API Model 200EUP or T200UP - Photolytic-Chemiluminescence","Arkadelphia/Near Road","1110 5th Street West Birmingham, AL 35204","Alabama","Jefferson","Birmingham","Birmingham-Hoover, AL","2024-05-22"
"01","073","2059","42602",1,33.521427,-86.844112,"WGS84","Nitrogen dioxide (NO2)","1 HOUR","NO2 1-hour 2010","2019-12-31","Parts per billion","None",23,96.0,15.421739,33.1,17,31,"200","Teledyne-API Model 200EUP or T200UP - Photolytic-Chemiluminescence","Arkadelphia/Near Road","1110 5th Street West Birmingham, AL 35204","Alabama","Jefferson","Birmingham","Birmingham-Hoover, AL","2024-05-22"
"02","090","0034","42602",1,64.84569,-147.727413,"WGS84","Nitrogen dioxide (NO2)","1 HOUR","NO2 1-hour 2010","2019-01-01","Parts per billion","None",24,100.0,20.8125,37.6,12,35,"574","Instrumental - Chemiluminescence Thermo Electron 42C-TL, 42i-TL","NCORE","907 Terminal St.","Alaska","Fairbanks North Star ","Fairbanks","Fairbanks, AK","2024-05-22"
"02","090","0034","42602",1,64.84569,-147.727413,"WGS84","Nitrogen dioxide (NO2)","1 HOUR","NO2 1-hour 2010","2019-01-02","Parts per billion","None",24,100.0,16.2125,27.4,1,25,"574","Instrumental - Chemiluminescence Thermo Electron 42C-TL, 42i-TL","NCORE","907 Terminal St.","Alaska","Fairbanks North Star ","Fairbanks","Fairbanks, AK","2024-05-22"
"02","090","0034","42602",1,64.84569,-147.727413,"WGS84","Nitrogen dioxide (NO2)","1 HOUR","NO2 1-hour 2010","2019-01-03","Parts per billion","None",22,92.0,19.172727,37,17,35,"574","Instrumental - Chemiluminescence Thermo Electron 42C-TL, 42i-TL","NCORE","907 Terminal St.","Alaska","Fairbanks North Star ","Fairbanks","Fairbanks, AK","2024-05-22"
"02","090","0034","42602",1,64.84569,-147.727413,"WGS84","Nitrogen dioxide (NO2)","1 HOUR","NO2 1-hour 2010","2019-01-04","Parts per billion","None",24,100.0,32.820833,47.1,7,44,"574","Instrumental - Chemiluminescence Thermo Electron 42C-TL, 42i-TL","NCORE","907 Terminal St.","Alaska","Fairbanks North Star ","Fairbanks","Fairbanks, AK","2024-05-22"
"02","090","0034","42602",1,64.84569,-147.727413,"WGS84","Nitrogen dioxide (NO2)","1 HOUR","NO2 1-hour 2010","2019-01-05","Parts per billion","None",24,100.0,28.770833,34.2,16,32,"574","Instrumental - Chemiluminescence Thermo Electron 42C-TL, 42i-TL","NCORE","907 Terminal St.","Alaska","Fairbanks North Star ","Fairbanks","Fairbanks, AK","2024-05-22"
"02","090","0034","42602",1,64.84569,-147.727413,"WGS84","Nitrogen dioxide (NO2)","1 HOUR","NO2 1-hour 2010","2019-01-06","Parts per billion","None",1,4.0,28.3,28.3,0,26,"574","Instrumental - Chemiluminescence Thermo Electron 42C-TL, 42i-TL","NCORE","907 Terminal St.","Alaska","Fairbanks North Star ","Fairbanks","Fairbanks, AK","2024-05-22"
"02","090","0034","42602",1,64.84569,-147.727413,"WGS84","Nitrogen dioxide (NO2)","1 HOUR","NO2 1-hour 2010","2019-01-09","Parts per billion","None",9,38.0,9.4,22.5,17,21,"574","Instrumental - Chemiluminescence Thermo Electron 42C-TL, 42i-TL","NCORE","907 Terminal St.","Alaska","Fairbanks North Star ","Fairbanks","Fairbanks, AK","2024-05-22"
"02","090","0034","42602",1,64.84569,-147.727413,"WGS84","Nitrogen dioxide (NO2)","1 HOUR","NO2 1-hour 2010","2019-01-10","Parts per billion","None",24,100.0,20.1125,38,19,36,"574","Instrumental - Chemiluminescence Thermo Electron 42C-TL, 42i-TL","NCORE","907 Terminal St.","Alaska","Fairbanks North Star ","Fairbanks","Fairbanks, AK","2024-05-22"
"02","090","0034","42602",1,64.84569,-147.727413,"WGS84","Nitrogen dioxide (NO2)","1 HOUR","NO2 1-hour 2010","2019-01-11","Parts per billion","None",24,100.0,23.6875,32,6,30,"574","Instrumental - Chemiluminescence Thermo Electron 42C-TL, 42i-TL","NCORE","907 Terminal St.","Alaska","Fairbanks North Star ","Fairbanks","Fairbanks, AK","2024-05-22"
"02","090","0034","42602",1,64.84569,-147.727413,"WGS84","Nitrogen dioxide (NO2)","1 HOUR","NO2 1-hour 2010","2019-01-12","Parts per billion","None",22,92.0,27.95,36.1,12,34,"574","Instrumental - Chemiluminescence Thermo Electron 42C-TL, 42i-TL","NCORE","907 Terminal St.","Alaska","Fairbanks North Star ","Fairbanks","Fairbanks, AK","2024-05-22"
"02","090","0034","42602",1,64.84569,-147.727413,"WGS84","Nitrogen dioxide (NO2)","1 HOUR","NO2 1-hour 2010","2019-01-13","Parts per billion","None",24,100.0,29.791667,35.9,20,33,"574","Instrumental - Chemiluminescence Thermo Electron 42C-TL, 42i-TL","NCORE","907 Terminal St.","Alaska","Fairbanks North Star ","Fairbanks","Fairbanks, AK","2024-05-22"
"02","090","0034","42602",1,64.84569,-147.727413,"WGS84","Nitrogen dioxide (NO2)","1 HOUR","NO2 1-hour 2010","2019-01-14","Parts per billion","None",23,96.0,35.756522,53.2,13,50,"574","Instrumental - Chemiluminescence Thermo Electron 42C-TL, 42i-TL","NCORE","907 Terminal St.","Alaska","Fairbanks North Star ","Fairbanks","Fairbanks, AK","2024-05-22"
"02","090","0034","42602",1,64.84569,-147.727413,"WGS84","Nitrogen dioxide (NO2)","1 HOUR","NO2 1-hour 2010","2019-01-15","Parts per billion","None",20,83.0,41.84,67.9,10,65,"574","Instrumental - Chemiluminescence Thermo Electron 42C-TL, 42i-TL","NCORE","907 Terminal St.","Alaska","Fairbanks North Star ","Fairbanks","Fairbanks, AK","2024-05-22"
"02","090","0034","42602",1,64.84569,-147.727413,"WGS84","Nitrogen dioxide (NO2)","1 HOUR","NO2 1-hour 2010","2019-01-16","Parts per billion","None",24,100.0,36.020833,52.8,10,49,"574","Instrumental - Chemiluminescence Thermo Electron 42C-TL, 42i-TL","NCORE","907 Terminal St.","Alaska","Fairbanks North Star ","Fairbanks","Fairbanks, AK","2024-05-22"
"02","090","0034","42602",1,64.84569,-147.727413,"WGS84","Nitrogen dioxide (NO2)","1 HOUR","NO2 1-hour 2010","2019-01-17","Parts per billion","None",23,96.0,38.052174,56.3,19,53,"574","Instrumental - Chemiluminescence Thermo Electron 42C-TL, 42i-TL","NCORE","907 Terminal St.","Alaska","Fairbanks North Star ","Fairbanks","Fairbanks, AK","2024-05-22"
"02","090","0034","42602",1,64.84569,-147.727413,"WGS84","Nitrogen dioxide (NO2)","1 HOUR","NO2 1-hour 2010","2019-01-18","Parts per billion","None",1,4.0,39.1,39.1,0,37,"574","Instrumental - Chemiluminescence Thermo Electron 42C-TL, 42i-TL","NCORE","907 Terminal St.","Alaska","Fairbanks North Star ","Fairbanks","Fairbanks, AK","2024-05-22"
"02","090","0034","42602",1,64.84569,-147.727413,"WGS84","Nitrogen dioxide (NO2)","1 HOUR","NO2 1-hour 2010","2019-01-24","Parts per billion","None",21,88.0,30.37619,36.3,10,34,"574","Instrumental - Chemiluminescence Thermo Electron 42C-TL, 42i-TL","NCORE","907 Terminal St.","Alaska","Fairbanks North Star ","Fairbanks","Fairbanks, AK","2024-05-22"
"02","090","0034","42602",1,64.84569,-147.727413,"WGS84","Nitrogen dioxide (NO2)","1 HOUR","NO2 1-hour 2010","2019-01-25","Parts per billion","None",24,100.0,21.625,36.4,12,34,"574","Instrumental - Chemiluminescence Thermo Electron 42C-TL, 42i-TL","NCORE","907 Terminal St.","Alaska","Fairbanks North Star ","Fairbanks","Fairbanks, AK","2024-05-22"
"02","090","0034","42602",1,64.84569,-147.727413,"WGS84","Nitrogen dioxide (NO2)","1 HOUR","NO2 1-hour 2010","2019-01-26","Parts per billion","None",24,100.0,20.066667,27.7,2,25,"574","Instrumental - Chemiluminescence Thermo Electron 42C-TL, 42i-TL","NCORE","907 Terminal St.","Alaska","Fairbanks North Star ","Fairbanks","Fairbanks, AK","2024-05-22"
"02","090","0034","42602",1,64.84569,-147.727413,"WGS84","Nitrogen dioxide (NO2)","1 HOUR","NO2 1-hour 2010","2019-01-27","Parts per billion","None",22,92.0,22.809091,26.3,15,25,"574","Instrumental - Chemiluminescence Thermo Electron 42C-TL, 42i-TL","NCORE","907 Terminal St.","Alaska","Fairbanks North Star ","Fairbanks","Fairbanks, AK","2024-05-22"
"02","090","0034","42602",1,64.84569,-147.727413,"WGS84","Nitrogen dioxide (NO2)","1 HOUR","NO2 1-hour 2010","2019-01-28","Parts per billion","None",24,100.0,27.6875,38.8,14,36,"574","Instrumental - Chemiluminescence Thermo Electron 42C-TL, 42i-TL","NCORE","907 Terminal St.","Alaska","Fairbanks North Star ","Fairbanks","Fairbanks, AK","2024-05-22"
"02","090","0034","42602",1,64.84569,-147.727413,"WGS84","Nitrogen dioxide (NO2)","1 HOUR","NO2 1-hour 2010","2019-01-29","Parts per billion","None",24,100.0,26.245833,34.2,23,32,"574","Instrumental - Chemiluminescence Thermo Electron 42C-TL, 42i-TL","NCORE","907 Terminal St.","Alaska","Fairbanks North Star ","Fairbanks","Fairbanks, AK","2024-05-22"
"02","090","0034","42602",1,64.84569,-147.727413,"WGS84","Nitrogen dioxide (NO2)","1 HOUR","NO2 1-hour 2010","2019-01-30","Parts per billion","None",8,33.0,28.3875,38,8,36,"574","Instrumental - Chemiluminescence Thermo Electron 42C-TL, 42i-TL","NCORE","907 Terminal St.","Alaska","Fairbanks North Star ","Fairbanks","Fairbanks, AK","2024-05-22"
"02","090","0034","42602",1,64.84569,-147.727413,"WGS84","Nitrogen dioxide (NO2)","1 HOUR","NO2 1-hour 2010","2019-02-02","Parts per billion","None",21,88.0,34.542857,43.5,17,41,"574","Instrumental - Chemiluminescence Thermo Electron 42C-TL, 42i-TL","NCORE","907 Terminal St.","Alaska","Fairbanks North Star ","Fairbanks","Fairbanks, AK","2024-05-22"
"02","090","0034","42602",1,64.84569,-147.727413,"WGS84","Nitrogen dioxide (NO2)","1 HOUR","NO2 1-hour 2010","2019-02-03","Parts per billion","None",24,100.0,22.1875,40.7,1,38,"574","Instrumental - Chemiluminescence Thermo Electron 42C-TL, 42i-TL","NCORE","907 Terminal St.","Alaska","Fairbanks North Star ","Fairbanks","Fairbanks, AK","2024-05-22"
"02","090","0034","42602",1,64.84569,-147.727413,"WGS84","Nitrogen dioxide (NO2)","1 HOUR","NO2 1-hour 2010","2019-02-04","Parts per billion","None",24,100.0,9.05,22.8,19,21,"574","Instrumental - Chemiluminescence Thermo Electron 42C-TL, 42i-TL","NCORE","907 Terminal St.","Alaska","Fairbanks North Star ","Fairbanks","Fairbanks, AK","2024-05-22"
"02","090","0034","42602",1,64.84569,-147.727413,"WGS84","Nitrogen dioxide (NO2)","1 HOUR","NO2 1-hour 2010","2019-02-05","Parts per billion","None",22,92.0,25.622727,39.1,7,37,"574","Instrumental - Chemiluminescence Thermo Electron 42C-TL, 42i-TL","NCORE","907 Terminal St.","Alaska","Fairbanks North Star ","Fairbanks","Fairbanks, AK","2024-05-22"
"02","090","0034","42602",1,64.84569,-147.727413,"WGS84","Nitrogen dioxide (NO2)","1 HOUR","NO2 1-hour 2010","2019-02-06","Parts per billion","None",24,100.0,29.208333,41.5,17,39,"574","Instrumental - Chemiluminescence Thermo Electron 42C-TL, 42i-TL","NCORE","907 Terminal St.","Alaska","Fairbanks North Star ","Fairbanks","Fairbanks, AK","2024-05-22"
"02","090","0034","42602",1,64.84569,-147.727413,"WGS84","Nitrogen dioxide (NO2)","1 HOUR","NO2 1-hour 2010","2019-02-07","Parts per billion","None",24,100.0,32.208333,46.1,18,43,"574","Instrumental - Chemiluminescence Thermo Electron 42C-TL, 42i-TL","NCORE","907 Terminal St.","Alaska","Fairbanks North Star ","Fairbanks","Fairbanks, AK","2024-05-22"
"02","090","0034","42602",1,64.84569,-147.727413,"WGS84","Nitrogen dioxide (NO2)","1 HOUR","NO2 1-hour 2010","2019-02-08","Parts per billion","None",22,92.0,22.790909,32.4,10,30,"574","Instrumental - Chemiluminescence Thermo Electron 42C-TL, 42i-TL","NCORE","907 Terminal St.","Alaska","Fairbanks North Star ","Fairbanks","Fairbanks, AK","2024-05-22"
"02","090","0034","42602",1,64.84569,-147.727413,"WGS84","Nitrogen dioxide (NO2)","1 HOUR","NO2 1-hour 2010","2019-02-09","Parts per billion","None",24,100.0,19.770833,38.9,20,36,"574","Instrumental - Chemiluminescence Thermo Electron 42C-TL, 42i-TL","NCORE","907 Terminal St.","Alaska","Fairbanks North Star ","Fairbanks","Fairbanks, AK","2024-05-22"
"02","090","0034","42602",1,64.84569,-147.727413,"WGS84","Nitrogen dioxide (NO2)","1 HOUR","NO2 1-hour 2010","2019-02-10","Parts per billion","None",24,100.0,29.870833,42.6,16,40,"574","Instrumental - Chemiluminescence Thermo Electron 42C-TL, 42i-TL","NCORE","907 Terminal St.","Alaska","Fairbanks North Star ","Fairbanks","Fairbanks, AK","2024-05-22"
"02","090","0034","42602",1,64.84569,-147.727413,"WGS84","Nitrogen dioxide (NO2)","1 HOUR","NO2 1-hour 2010","2019-02-11","Parts per billion","None",20,83.0,12.985,37,9,35,"574","Instrumental - Chemiluminescence Thermo Electron 42C-TL, 42i-TL","NCORE","907 Terminal St.","Alaska","Fairbanks North Star ","Fairbanks","Fairbanks, AK","2024-05-22"
"02","090","0034","42602",1,64.84569,-147.727413,"WGS84","Nitrogen dioxide (NO2)","1 HOUR","NO2 1-hour 2010","2019-02-12","Parts per billion","None",24,100.0,6.541667,32,7,30,"574","Instrumental - Chemiluminescence Thermo Electron 42C-TL, 42i-TL","NCORE","907 Terminal St.","Alaska","Fairbanks North Star ","Fairbanks","Fairbanks, AK","2024-05-22"
"02","090","0034","42602",1,64.84569,-147.727413,"WGS84","Nitrogen dioxide (NO2)","1 HOUR","NO2 1-hour 2010","2019-02-13","Parts per billion","None",24,100.0,8.104167,23.6,7,22,"574","Instrumental - Chemiluminescence Thermo Electron 42C-TL, 42i-TL","NCORE","907 Terminal St.","Alaska","Fairbanks North Star ","Fairbanks","Fairbanks, AK","2024-05-22"
"02","090","0034","42602",1,64.84569,-147.727413,"WGS84","Nitrogen dioxide (NO2)","1 HOUR","NO2 1-hour 2010","2019-02-14","Parts per billion","None",1,4.0,20,20,0,19,"574","Instrumental - Chemiluminescence Thermo Electron 42C-TL, 42i-TL","NCORE","907 Terminal St.","Alaska","Fairbanks North Star ","Fairbanks","Fairbanks, AK","2024-05-22"
"02","090","0034","42602",1,64.84569,-147.727413,"WGS84","Nitrogen dioxide (NO2)","1 HOUR","NO2 1-hour 2010","2019-02-19","Parts per billion","None",10,42.0,22.15,40.8,19,38,"574","Instrumental - Chemiluminescence Thermo Electron 42C-TL, 42i-TL","NCORE","907 Terminal St.","Alaska","Fairbanks North Star ","Fairbanks","Fairbanks, AK","2024-05-22"
"02","090","0034","42602",1,64.84569,-147.727413,"WGS84","Nitrogen dioxide (NO2)","1 HOUR","NO2 1-hour 2010","2019-02-20","Parts per billion","None",1,4.0,24,24,0,23,"574","Instrumental - Chemiluminescence Thermo Electron 42C-TL, 42i-TL","NCORE","907 Terminal St.","Alaska","Fairbanks North Star ","Fairbanks","Fairbanks, AK","2024-05-22"
"02","090","0034","42602",1,64.84569,-147.727413,"WGS84","Nitrogen dioxide (NO2)","1 HOUR","NO2 1-hour 2010","2019-02-25","Parts per billion","None",15,63.0,39.88,53.4,18,50,"574","Instrumental - Chemiluminescence Thermo Electron 42C-TL, 42i-TL","NCORE","907 Terminal St.","Alaska","Fairbanks North Star ","Fairbanks","Fairbanks, AK","2024-05-22"
"02","090","0034","42602",1,64.84569,-147.727413,"WGS84","Nitrogen dioxide (NO2)","1 HOUR","NO2 1-hour 2010","2019-02-26","Parts per billion","None",22,92.0,37.663636,48.7,18,45,"574","Instrumental - Chemiluminescence Thermo Electron 42C-TL, 42i-TL","NCORE","907 Terminal St.","Alaska","Fairbanks North Star ","Fairbanks","Fairbanks, AK","2024-05-22"
"02","090","0034","42602",1,64.84569,-147.727413,"WGS84","Nitrogen dioxide (NO2)","1 HOUR","NO2 1-hour 2010","2019-02-27","Parts per billion","None",24,100.0,36.620833,48.3,16,45,"574","Instrumental - Chemiluminescence Thermo Electron 42C-TL, 42i-TL","NCORE","907 Terminal St.","Alaska","Fairbanks North Star ","Fairbanks","Fairbanks, AK","2024-05-22"
"02","090","0034","42602",1,64.84569,-147.727413,"WGS84","Nitrogen dioxide (NO2)","1 HOUR","NO2 1-hour 2010","2019-02-28","Parts per billion","None",24,100.0,39.645833,55.9,18,52,"574","Instrumental - Chemiluminescence Thermo Electron 42C-TL, 42i-TL","NCORE","907 Terminal St.","Alaska","Fairbanks North Star ","Fairbanks","Fairbanks, AK","2024-05-22"
"02","090","0034","42602",1,64.84569,-147.727413,"WGS84","Nitrogen dioxide (NO2)","1 HOUR","NO2 1-hour 2010","2019-03-01","Parts per billion","None",1,4.0,44.9,44.9,0,42,"574","Instrumental - Chemiluminescence Thermo Electron 42C-TL, 42i-TL","NCORE","907 Terminal St.","Alaska","Fairbanks North Star ","Fairbanks","Fairbanks, AK","2024-05-22"
"02","090","0034","42602",1,64.84569,-147.727413,"WGS84","Nitrogen dioxide (NO2)","1 HOUR","NO2 1-hour 2010","2019-03-04","Parts per billion","None",8,33.0,35.2625,46.2,19,43,"574","Instrumental - Chemiluminescence Thermo Electron 42C-TL, 42i-TL","NCORE","907 Terminal St.","Alaska","Fairbanks North Star ","Fairbanks","Fairbanks, AK","2024-05-22"
"02","090","0034","42602",1,64.84569,-147.727413,"WGS84","Nitrogen dioxide (NO2)","1 HOUR","NO2 1-hour 2010","2019-03-05","Parts per billion","None",8,33.0,33.225,42.3,7,40,"574","Instrumental - Chemiluminescence Thermo Electron 42C-TL, 42i-TL","NCORE","907 Terminal St.","Alaska","Fairbanks North Star ","Fairbanks","Fairbanks, AK","2024-05-22"
"02","090","0034","42602",1,64.84569,-147.727413,"WGS84","Nitrogen dioxide (NO2)","1 HOUR","NO2 1-hour 2010","2019-03-07","Parts per billion","None",21,88.0,21.92381,43.7,19,41,"574","Instrumental - Chemiluminescence Thermo Electron 42C-TL, 42i-TL","NCORE","907 Terminal St.","Alaska","Fairbanks North Star ","Fairbanks","Fairbanks, AK","2024-05-22"
"02","090","0034","42602",1,64.84569,-147.727413,"WGS84","Nitrogen dioxide (NO2)","1 HOUR","NO2 1-hour 2010","2019-03-08","Parts per billion","None",24,100.0,26.383333,40.1,19,38,"574","Instrumental - Chemiluminescence Thermo Electron 42C-TL, 42i-TL","NCORE","907 Terminal St.","Alaska","Fairbanks North Star ","Fairbanks","Fairbanks, AK","2024-05-22"
"02","090","0034","42602",1,64.84569,-147.727413,"WGS84","Nitrogen dioxide (NO2)","1 HOUR","NO2 1-hour 2010","2019-03-09","Parts per billion","None",24,100.0,9.716667,30.4,0,28,"574","Instrumental - Chemiluminescence Thermo Electron 42C-TL, 42i-TL","NCORE","907 Terminal St.","Alaska","Fairbanks North Star ","Fairbanks","Fairbanks, AK","2024-05-22"
"02","090","0034","42602",1,64.84569,-147.727413,"WGS84","Nitrogen dioxide (NO2)","1 HOUR","NO2 1-hour 2010","2019-03-10","Parts per billion","None",23,96.0,11.278261,35.2,19,33,"574","Instrumental - Chemiluminescence Thermo Electron 42C-TL, 42i-TL","NCORE","907 Terminal St.","Alaska","Fairbanks North Star ","Fairbanks","Fairbanks, AK","2024-05-22"
"02","090","0034","42602",1,64.84569,-147.727413,"WGS84","Nitrogen dioxide (NO2)","1 HOUR","NO2 1-hour 2010","2019-03-11","Parts per billion","None",24,100.0,28.375,47.2,19,44,"574","Instrumental - Chemiluminescence Thermo Electron 42C-TL, 42i-TL","NCORE","907 Terminal St.","Alaska","Fairbanks North Star ","Fairbanks","Fairbanks, AK","2024-05-22"
"02","090","0034","42602",1,64.84569,-147.727413,"WGS84","Nitrogen dioxide (NO2)","1 HOUR","NO2 1-hour 2010","2019-03-12","Parts per billion","None",24,100.0,13.233333,38.3,19,36,"574","Instrumental - Chemiluminescence Thermo Electron 42C-TL, 42i-TL","NCORE","907 Terminal St.","Alaska","Fairbanks North Star ","Fairbanks","Fairbanks, AK","2024-05-22"
"02","090","0034","42602",1,64.84569,-147.727413,"WGS84","Nitrogen dioxide (NO2)","1 HOUR","NO2 1-hour 2010","2019-03-13","Parts per billion","None",22,92.0,14.995455,34.5,8,32,"574","Instrumental - Chemiluminescence Thermo Electron 42C-TL, 42i-TL","NCORE","907 Terminal St.","Alaska","Fairbanks North Star ","Fairbanks","Fairbanks, AK","2024-05-22"
"02","090","0034","42602",1,64.84569,-147.727413,"WGS84","Nitrogen dioxide (NO2)","1 HOUR","NO2 1-hour 2010","2019-03-14","Parts per billion","None",24,100.0,23.175,42.9,8,40,"574","Instrumental - Chemiluminescence Thermo Electron 42C-TL, 42i-TL","NCORE","907 Terminal St.","Alaska","Fairbanks North Star ","Fairbanks","Fairbanks, AK","2024-05-22"
"02","090","0034","42602",1,64.84569,-147.727413,"WGS84","Nitrogen dioxide (NO2)","1 HOUR","NO2 1-hour 2010","2019-03-15","Parts per billion","None",23,96.0,16.891304,48.7,10,45,"574","Instrumental - Chemiluminescence Thermo Electron 42C-TL, 42i-TL","NCORE","907 Terminal St.","Alaska","Fairbanks North Star ","Fairbanks","Fairbanks, AK","2024-05-22"
"02","090","0034","42602",1,64.84569,-147.727413,"WGS84","Nitrogen dioxide (NO2)","1 HOUR","NO2 1-hour 2010","2019-03-16","Parts per billion","None",22,92.0,11.245455,38.4,18,36,"574","Instrumental - Chemiluminescence Thermo Electron 42C-TL, 42i-TL","NCORE","907 Terminal St.","Alaska","Fairbanks North Star ","Fairbanks","Fairbanks, AK","2024-05-22"
"02","090","0034","42602",1,64.84569,-147.727413,"WGS84","Nitrogen dioxide (NO2)","1 HOUR","NO2 1-hour 2010","2019-03-17","Parts per billion","None",24,100.0,7.091667,33.7,23,31,"574","Instrumental - Chemiluminescence Thermo Electron 42C-TL, 42i-TL","NCORE","907 Terminal St.","Alaska","Fairbanks North Star ","Fairbanks","Fairbanks, AK","2024-05-22"
"02","090","0034","42602",1,64.84569,-147.727413,"WGS84","Nitrogen dioxide (NO2)","1 HOUR","NO2 1-hour 2010","2019-03-18","Parts per billion","None",23,96.0,18.013043,41.6,8,39,"574","Instrumental - Chemiluminescence Thermo Electron 42C-TL, 42i-TL","NCORE","907 Terminal St.","Alaska","Fairbanks North Star ","Fairbanks","Fairbanks, AK","2024-05-22"
"02","090","0034","42602",1,64.84569,-147.727413,"WGS84","Nitrogen dioxide (NO2)","1 HOUR","NO2 1-hour 2010","2019-03-19","Parts per billion","None",22,92.0,7.286364,26,3,25,"574","Instrumental - Chemiluminescence Thermo Electron 42C-TL, 42i-TL","NCORE","907 Terminal St.","Alaska","Fairbanks North Star ","Fairbanks","Fairbanks, AK","2024-05-22"
"02","090","0034","42602",1,64.84569,-147.727413,"WGS84","Nitrogen dioxide (NO2)","1 HOUR","NO2 1-hour 2010","2019-03-20","Parts per billion","None",24,100.0,26.804167,45.6,16,42,"574","Instrumental - Chemiluminescence Thermo Electron 42C-TL, 42i-TL","NCORE","907 Terminal St.","Alaska","Fairbanks North Star ","Fairbanks","Fairbanks, AK","2024-05-22"
"02","090","0034","42602",1,64.84569,-147.727413,"WGS84","Nitrogen dioxide (NO2)","1 HOUR","NO2 1-hour 2010","2019-03-21","Parts per billion","None",24,100.0,16.833333,34.5,11,32,"574","Instrumental - Chemiluminescence Thermo Electron 42C-TL, 42i-TL","NCORE","907 Terminal St.","Alaska","Fairbanks North Star ","Fairbanks","Fairbanks, AK","2024-05-22"
"02","090","0034","42602",1,64.84569,-147.727413,"WGS84","Nitrogen dioxide (NO2)","1 HOUR","NO2 1-hour 2010","2019-03-22","Parts per billion","None",22,92.0,22.75,44.8,8,42,"574","Instrumental - Chemiluminescence Thermo Electron 42C-TL, 42i-TL","NCORE","907 Terminal St.","Alaska","Fairbanks North Star ","Fairbanks","Fairbanks, AK","2024-05-22"
"02","090","0034","42602",1,64.84569,-147.727413,"WGS84","Nitrogen dioxide (NO2)","1 HOUR","NO2 1-hour 2010","2019-03-23","Parts per billion","None",24,100.0,18.708333,30.6,5,28,"574","Instrumental - Chemiluminescence Thermo Electron 42C-TL, 42i-TL","NCORE","907 Terminal St.","Alaska","Fairbanks North Star ","Fairbanks","Fairbanks, AK","2024-05-22"
"02","090","0034","42602",1,64.84569,-147.727413,"WGS84","Nitrogen dioxide (NO2)","1 HOUR","NO2 1-hour 2010","2019-03-24","Parts per billion","None",24,100.0,15.095833,32.7,22,30,"574","Instrumental - Chemiluminescence Thermo Electron 42C-TL, 42i-TL","NCORE","907 Terminal St.","Alaska","Fairbanks North Star ","Fairbanks","Fairbanks, AK","2024-05-22"
"02","090","0034","42602",1,64.84569,-147.727413,"WGS84","Nitrogen dioxide (NO2)","1 HOUR","NO2 1-hour 2010","2019-03-25","Parts per billion","None",1,4.0,24.3,24.3,0,23,"574","Instrumental - Chemiluminescence Thermo Electron 42C-TL, 42i-TL","NCORE","907 Terminal St.","Alaska","Fairbanks North Star ","Fairbanks","Fairbanks, AK","2024-05-22"
"02","090","0034","42602",1,64.84569,-147.727413,"WGS84","Nitrogen dioxide (NO2)","1 HOUR","NO2 1-hour 2010","2019-03-27","Parts per billion","None",11,46.0,9.136364,18.2,20,17,"574","Instrumental - Chemiluminescence Thermo Electron 42C-TL, 42i-TL","NCORE","907 Terminal St.","Alaska","Fairbanks North Star ","Fairbanks","Fairbanks, AK","2024-05-22"
"02","090","0034","42602",1,64.84569,-147.727413,"WGS84","Nitrogen dioxide (NO2)","1 HOUR","NO2 1-hour 2010","2019-03-28","Parts per billion","None",15,63.0,10.766667,22.6,8,21,"574","Instrumental - Chemiluminescence Thermo Electron 42C-TL, 42i-TL","NCORE","907 Terminal St.","Alaska","Fairbanks North Star ","Fairbanks","Fairbanks, AK","2024-05-22"
"02","090","0034","42602",1,64.84569,-147.727413,"WGS84","Nitrogen dioxide (NO2)","1 HOUR","NO2 1-hour 2010","2019-03-29","Parts per billion","None",24,100.0,7.175,24.3,20,23,"574","Instrumental - Chemiluminescence Thermo Electron 42C-TL, 42i-TL","NCORE","907 Terminal St.","Alaska","Fairbanks North Star ","Fairbanks","Fairbanks, AK","2024-05-22"
"02","090","0034","42602",1,64.84569,-147.727413,"WGS84","Nitrogen dioxide (NO2)","1 HOUR","NO2 1-hour 2010","2019-03-30","Parts per billion","None",24,100.0,9.2375,26.5,20,25,"574","Instrumental - Chemiluminescence Thermo Electron 42C-TL, 42i-TL","NCORE","907 Terminal St.","Alaska","Fairbanks North Star ","Fairbanks","Fairbanks, AK","2024-05-22"
"02","090","0034","42602",1,64.84569,-147.727413,"WGS84","Nitrogen dioxide (NO2)","1 HOUR","NO2 1-hour 2010","2019-03-31","Parts per billion","None",23,96.0,11.36087,28,23,26,"574","Instrumental - Chemiluminescence Thermo Electron 42C-TL, 42i-TL","NCORE","907 Terminal St.","Alaska","Fairbanks North Star ","Fairbanks","Fairbanks, AK","2024-05-22"
"02","090","0034","42602",1,64.84569,-147.727413,"WGS84","Nitrogen dioxide (NO2)","1 HOUR","NO2 1-hour 2010","2019-04-01","Parts per billion","None",24,100.0,14.008333,31.2,21,29,"574","Instrumental - Chemiluminescence Thermo Electron 42C-TL, 42i-TL","NCORE","907 Terminal St.","Alaska","Fairbanks North Star ","Fairbanks","Fairbanks, AK","2024-05-22"
"02","090","0034","42602",1,64.84569,-147.727413,"WGS84","Nitrogen dioxide (NO2)","1 HOUR","NO2 1-hour 2010","2019-04-02","Parts per billion","None",24,100.0,8.154167,21.9,8,20,"574","Instrumental - Chemiluminescence Thermo Electron 42C-TL, 42i-TL","NCORE","907 Terminal St.","Alaska","Fairbanks North Star ","Fairbanks","Fairbanks, AK","2024-05-22"
"02","090","0034","42602",1,64.84569,-147.727413,"WGS84","Nitrogen dioxide (NO2)","1 HOUR","NO2 1-hour 2010","2019-04-03","Parts per billion","None",22,92.0,1.245455,3.5,6,3,"574","Instrumental - Chemiluminescence Thermo Electron 42C-TL, 42i-TL","NCORE","907 Terminal St.","Alaska","Fairbanks North Star ","Fairbanks","Fairbanks, AK","2024-05-22"
"02","090","0034","42602",1,64.84569,-147.727413,"WGS84","Nitrogen dioxide (NO2)","1 HOUR","NO2 1-hour 2010","2019-04-04","Parts per billion","None",24,100.0,1.233333,3.3,6,3,"574","Instrumental - Chemiluminescence Thermo Electron 42C-TL, 42i-TL","NCORE","907 Terminal St.","Alaska","Fairbanks North Star ","Fairbanks","Fairbanks, AK","2024-05-22"
"02","090","0034","42602",1,64.84569,-147.727413,"WGS84","Nitrogen dioxide (NO2)","1 HOUR","NO2 1-hour 2010","2019-04-05","Parts per billion","None",24,100.0,3.1875,11.3,6,10,"574","Instrumental - Chemiluminescence Thermo Electron 42C-TL, 42i-TL","NCORE","907 Terminal St.","Alaska","Fairbanks North Star ","Fairbanks","Fairbanks, AK","2024-05-22"
"02","090","0034","42602",1,64.84569,-147.727413,"WGS84","Nitrogen dioxide (NO2)","1 HOUR","NO2 1-hour 2010","2019-04-06","Parts per billion","None",22,92.0,6.131818,26.3,23,25,"574","Instrumental - Chemiluminescence Thermo Electron 42C-TL, 42i-TL","NCORE","907 Terminal St.","Alaska","Fairbanks North Star ","Fairbanks","Fairbanks, AK","2024-05-22"
"02","090","0034","42602",1,64.84569,-147.727413,"WGS84","Nitrogen dioxide (NO2)","1 HOUR","NO2 1-hour 2010","2019-04-07","Parts per billion","None",23,96.0,9.917391,30.2,0,28,"574","Instrumental - Chemiluminescence Thermo Electron 42C-TL, 42i-TL","NCORE","907 Terminal St.","Alaska","Fairbanks North Star ","Fairbanks","Fairbanks, AK","2024-05-22"
"02","090","0034","42602",1,64.84569,-147.727413,"WGS84","Nitrogen dioxide (NO2)","1 HOUR","NO2 1-hour 2010","2019-04-08","Parts per billion","None",24,100.0,9.241667,19.5,6,18,"574","Instrumental - Chemiluminescence Thermo Electron 42C-TL, 42i-TL","NCORE","907 Terminal St.","Alaska","Fairbanks North Star ","Fairbanks","Fairbanks, AK","2024-05-22"
"02","090","0034","42602",1,64.84569,-147.727413,"WGS84","Nitrogen dioxide (NO2)","1 HOUR","NO2 1-hour 2010","2019-04-09","Parts per billion","None",22,92.0,8.045455,19.2,8,18,"574","Instrumental - Chemiluminescence Thermo Electron 42C-TL, 42i-TL","NCORE","907 Terminal St.","Alaska","Fairbanks North Star ","Fairbanks","Fairbanks, AK","2024-05-22"
"02","090","0034","42602",1,64.84569,-147.727413,"WGS84","Nitrogen dioxide (NO2)","1 HOUR","NO2 1-hour 2010","2019-04-10","Parts per billion","None",24,100.0,7.058333,15.4,0,14,"574","Instrumental - Chemiluminescence Thermo Electron 42C-TL, 42i-TL","NCORE","907 Terminal St.","Alaska","Fairbanks North Star ","Fairbanks","Fairbanks, AK","2024-05-22"
"02","090","0034","42602",1,64.84569,-147.727413,"WGS84","Nitrogen dioxide (NO2)","1 HOUR","NO2 1-hour 2010","2019-04-11","Parts per billion","None",24,100.0,4.745833,18.1,6,17,"574","Instrumental - Chemiluminescence Thermo Electron 42C-TL, 42i-TL","NCORE","907 Terminal St.","Alaska","Fairbanks North Star ","Fairbanks","Fairbanks, AK","2024-05-22"
"02","090","0034","42602",1,64.84569,-147.727413,"WGS84","Nitrogen dioxide (NO2)","1 HOUR","NO2 1-hour 2010","2019-04-12","Parts per billion","None",1,4.0,5.5,5.5,0,5,"574","Instrumental - Chemiluminescence Thermo Electron 42C-TL, 42i-TL","NCORE","907 Terminal St.","Alaska","Fairbanks North Star ","Fairbanks","Fairbanks, AK","2024-05-22"
"02","090","0034","42602",1,64.84569,-147.727413,"WGS84","Nitrogen dioxide (NO2)","1 HOUR","NO2 1-hour 2010","2019-04-24","Parts per billion","None",21,88.0,2.028571,7,23,7,"574","Instrumental - Chemiluminescence Thermo Electron 42C-TL, 42i-TL","NCORE","907 Terminal St.","Alaska","Fairbanks North Star ","Fairbanks","Fairbanks, AK","2024-05-22"
"02","090","0034","42602",1,64.84569,-147.727413,"WGS84","Nitrogen dioxide (NO2)","1 HOUR","NO2 1-hour 2010","2019-04-25","Parts per billion","None",24,100.0,5.6125,19.3,4,18,"574","Instrumental - Chemiluminescence Thermo Electron 42C-TL, 42i-TL","NCORE","907 Terminal St.","Alaska","Fairbanks North Star ","Fairbanks","Fairbanks, AK","2024-05-22"
"02","090","0034","42602",1,64.84569,-147.727413,"WGS84","Nitrogen dioxide (NO2)","1 HOUR","NO2 1-hour 2010","2019-04-26","Parts per billion","None",24,100.0,6.095833,20.5,23,19,"574","Instrumental - Chemiluminescence Thermo Electron 42C-TL, 42i-TL","NCORE","907 Terminal St.","Alaska","Fairbanks North Star ","Fairbanks","Fairbanks, AK","2024-05-22"
"02","090","0034","42602",1,64.84569,-147.727413,"WGS84","Nitrogen dioxide (NO2)","1 HOUR","NO2 1-hour 2010","2019-04-27","Parts per billion","None",22,92.0,4.968182,15.8,3,14,"574","Instrumental - Chemiluminescence Thermo Electron 42C-TL, 42i-TL","NCORE","907 Terminal St.","Alaska","Fairbanks North Star ","Fairbanks","Fairbanks, AK","2024-05-22"
"02","090","0034","42602",1,64.84569,-147.727413,"WGS84","Nitrogen dioxide (NO2)","1 HOUR","NO2 1-hour 2010","2019-04-28","Parts per billion","None",24,100.0,4.766667,15.1,0,14,"574","Instrumental - Chemiluminescence Thermo Electron 42C-TL, 42i-TL","NCORE","907 Terminal St.","Alaska","Fairbanks North Star ","Fairbanks","Fairbanks, AK","2024-05-22"
"02","090","0034","42602",1,64.84569,-147.727413,"WGS84","Nitrogen dioxide (NO2)","1 HOUR","NO2 1-hour 2010","2019-04-29","Parts per billion","None",24,100.0,5.458333,15.2,7,14,"574","Instrumental - Chemiluminescence Thermo Electron 42C-TL, 42i-TL","NCORE","907 Terminal St.","Alaska","Fairbanks North Star ","Fairbanks","Fairbanks, AK","2024-05-22"
"02","090","0034","42602",1,64.84569,-147.727413,"WGS84","Nitrogen dioxide (NO2)","1 HOUR","NO2 1-hour 2010","2019-04-30","Parts per billion","None",22,92.0,4.85,17.9,6,16,"574","Instrumental - Chemiluminescence Thermo Electron 42C-TL, 42i-TL","NCORE","907 Terminal St.","Alaska","Fairbanks North Star ","Fairbanks","Fairbanks, AK","2024-05-22"
"02","090","0034","42602",1,64.84569,-147.727413,"WGS84","Nitrogen dioxide (NO2)","1 HOUR","NO2 1-hour 2010","2019-05-01","Parts per billion","None",22,92.0,6.709091,19.4,5,18,"574","Instrumental - Chemiluminescence Thermo Electron 42C-TL, 42i-TL","NCORE","907 Terminal St.","Alaska","Fairbanks North Star ","Fairbanks","Fairbanks, AK","2024-05-22"
"02","090","0034","42602",1,64.84569,-147.727413,"WGS84","Nitrogen dioxide (NO2)","1 HOUR","NO2 1-hour 2010","2019-05-02","Parts per billion","None",24,100.0,4.533333,16,5,15,"574","Instrumental - Chemiluminescence Thermo Electron 42C-TL, 42i-TL","NCORE","907 Terminal St.","Alaska","Fairbanks North Star ","Fairbanks","Fairbanks, AK","2024-05-22"
"02","090","0034","42602",1,64.84569,-147.727413,"WGS84","Nitrogen dioxide (NO2)","1 HOUR","NO2 1-hour 2010","2019-05-03","Parts per billion","None",22,92.0,1.654545,6.9,23,6,"574","Instrumental - Chemiluminescence Thermo Electron 42C-TL, 42i-TL","NCORE","907 Terminal St.","Alaska","Fairbanks North Star ","Fairbanks","Fairbanks, AK","2024-05-22"
"02","090","0034","42602",1,64.84569,-147.727413,"WGS84","Nitrogen dioxide (NO2)","1 HOUR","NO2 1-hour 2010","2019-05-04","Parts per billion","None",24,100.0,1.679167,6.3,8,6,"574","Instrumental - Chemiluminescence Thermo Electron 42C-TL, 42i-TL","NCORE","907 Terminal St.","Alaska","Fairbanks North Star ","Fairbanks","Fairbanks, AK","2024-05-22"
"02","090","0034","42602",1,64.84569,-147.727413,"WGS84","Nitrogen dioxide (NO2)","1 HOUR","NO2 1-hour 2010","2019-05-05","Parts per billion","None",24,100.0,1.4125,4,0,4,"574","Instrumental - Chemiluminescence Thermo Electron 42C-TL, 42i-TL","NCORE","907 Terminal St.","Alaska","Fairbanks North Star ","Fairbanks","Fairbanks, AK","2024-05-22"
"02","090","0034","42602",1,64.84569,-147.727413,"WGS84","Nitrogen dioxide (NO2)","1 HOUR","NO2 1-hour 2010","2019-05-06","Parts per billion","None",22,92.0,0.527273,5,23,5,"574","Instrumental - Chemiluminescence Thermo Electron 42C-TL, 42i-TL","NCORE","907 Terminal St.","Alaska","Fairbanks North Star ","Fairbanks","Fairbanks, AK","2024-05-22"
"02","090","0034","42602",1,64.84569,-147.727413,"WGS84","Nitrogen dioxide (NO2)","1 HOUR","NO2 1-hour 2010","2019-05-07","Parts per billion","None",24,100.0,4.354167,11.9,7,10,"574","Instrumental - Chemiluminescence Thermo Electron 42C-TL, 42i-TL","NCORE","907 Terminal St.","Alaska","Fairbanks North Star ","Fairbanks","Fairbanks, AK","2024-05-22"
"02","090","0034","42602",1,64.84569,-147.727413,"WGS84","Nitrogen dioxide (NO2)","1 HOUR","NO2 1-hour 2010","2019-05-08","Parts per billion","None",24,100.0,2.358333,4.5,14,4,"574","Instrumental - Chemiluminescence Thermo Electron 42C-TL, 42i-TL","NCORE","907 Terminal St.","Alaska","Fairbanks North Star ","Fairbanks","Fairbanks, AK","2024-05-22"
"02","090","0034","42602",1,64.84569,-147.727413,"WGS84","Nitrogen dioxide (NO2)","1 HOUR","NO2 1-hour 2010","2019-05-09","Parts per billion","None",22,92.0,1.622727,4,7,4,"574","Instrumental - Chemiluminescence Thermo Electron 42C-TL, 42i-TL","NCORE","907 Terminal St.","Alaska","Fairbanks North Star ","Fairbanks","Fairbanks, AK","2024-05-22"
"02","090","0034","42602",1,64.84569,-147.727413,"WGS84","Nitrogen dioxide (NO2)","1 HOUR","NO2 1-hour 2010","2019-05-10","Parts per billion","None",24,100.0,1.583333,8.3,6,8,"574","Instrumental - Chemiluminescence Thermo Electron 42C-TL, 42i-TL","NCORE","907 Terminal St.","Alaska","Fairbanks North Star ","Fairbanks","Fairbanks, AK","2024-05-22"
"02","090","0034","42602",1,64.84569,-147.727413,"WGS84","Nitrogen dioxide (NO2)","1 HOUR","NO2 1-hour 2010","2019-05-11","Parts per billion","None",24,100.0,2.1125,10.7,1,9,"574","Instrumental - Chemiluminescence Thermo Electron 42C-TL, 42i-TL","NCORE","907 Terminal St.","Alaska","Fairbanks North Star ","Fairbanks","Fairbanks, AK","2024-05-22"
"02","090","0034","42602",1,64.84569,-147.727413,"WGS84","Nitrogen dioxide (NO2)","1 HOUR","NO2 1-hour 2010","2019-05-12","Parts per billion","None",23,96.0,1.669565,9.2,23,8,"574","Instrumental - Chemiluminescence Thermo Electron 42C-TL, 42i-TL","NCORE","907 Terminal St.","Alaska","Fairbanks North Star ","Fairbanks","Fairbanks, AK","2024-05-22"
"02","090","0034","42602",1,64.84569,-147.727413,"WGS84","Nitrogen dioxide (NO2)","1 HOUR","NO2 1-hour 2010","2019-05-13","Parts per billion","None",24,100.0,6.625,15.3,23,14,"574","Instrumental - Chemiluminescence Thermo Electron 42C-TL, 42i-TL","NCORE","907 Terminal St.","Alaska","Fairbanks North Star ","Fairbanks","Fairbanks, AK","2024-05-22"
"02","090","0034","42602",1,64.84569,-147.727413,"WGS84","Nitrogen dioxide (NO2)","1 HOUR","NO2 1-hour 2010","2019-05-14","Parts per billion","None",24,100.0,9.733333,17.9,7,16,"574","Instrumental - Chemiluminescence Thermo Electron 42C-TL, 42i-TL","NCORE","907 Terminal St.","Alaska","Fairbanks North Star ","Fairbanks","Fairbanks, AK","2024-05-22"
"02","090","0034","42602",1,64.84569,-147.727413,"WGS84","Nitrogen dioxide (NO2)","1 HOUR","NO2 1-hour 2010","2019-05-15","Parts per billion","None",22,92.0,4.095455,11.9,6,10,"574","Instrumental - Chemiluminescence Thermo Electron 42C-TL, 42i-TL","NCORE","907 Terminal St.","Alaska","Fairbanks North Star ","Fairbanks","Fairbanks, AK","2024-05-22"
"02","090","0034","42602",1,64.84569,-147.727413,"WGS84","Nitrogen dioxide (NO2)","1 HOUR","NO2 1-hour 2010","2019-05-16","Parts per billion","None",24,100.0,2.4125,9.4,5,8,"574","Instrumental - Chemiluminescence Thermo Electron 42C-TL, 42i-TL","NCORE","907 Terminal St.","Alaska","Fairbanks North Star ","Fairbanks","Fairbanks, AK","2024-05-22"
"02","090","0034","42602",1,64.84569,-147.727413,"WGS84","Nitrogen dioxide (NO2)","1 HOUR","NO2 1-hour 2010","2019-05-17","Parts per billion","None",24,100.0,3.979167,14,23,13,"574","Instrumental - Chemiluminescence Thermo Electron 42C-TL, 42i-TL","NCORE","907 Terminal St.","Alaska","Fairbanks North Star ","Fairbanks","Fairbanks, AK","2024-05-22"
"02","090","0034","42602",1,64.84569,-147.727413,"WGS84","Nitrogen dioxide (NO2)","1 HOUR","NO2 1-hour 2010","2019-05-18","Parts per billion","None",22,92.0,2.572727,6.2,4,6,"574","Instrumental - Chemiluminescence Thermo Electron 42C-TL, 42i-TL","NCORE","907 Terminal St.","Alaska","Fairbanks North Star ","Fairbanks","Fairbanks, AK","2024-05-22"
"02","090","0034","42602",1,64.84569,-147.727413,"WGS84","Nitrogen dioxide (NO2)","1 HOUR","NO2 1-hour 2010","2019-05-19","Parts per billion","None",24,100.0,1.679167,7.2,23,7,"574","Instrumental - Chemiluminescence Thermo Electron 42C-TL, 42i-TL","NCORE","907 Terminal St.","Alaska","Fairbanks North Star ","Fairbanks","Fairbanks, AK","2024-05-22"
"02","090","0034","42602",1,64.84569,-147.727413,"WGS84","Nitrogen dioxide (NO2)","1 HOUR","NO2 1-hour 2010","2019-05-20","Parts per billion","None",24,100.0,7.4625,16.1,23,15,"574","Instrumental - Chemiluminescence Thermo Electron 42C-TL, 42i-TL","NCORE","907 Terminal St.","Alaska","Fairbanks North Star ","Fairbanks","Fairbanks, AK","2024-05-22"
"02","090","0034","42602",1,64.84569,-147.727413,"WGS84","Nitrogen dioxide (NO2)","1 HOUR","NO2 1-hour 2010","2019-05-21","Parts per billion","None",22,92.0,5.490909,19.8,0,18,"574","Instrumental - Chemiluminescence Thermo Electron 42C-TL, 42i-TL","NCORE","907 Terminal St.","Alaska","Fairbanks North Star ","Fairbanks","Fairbanks, AK","2024-05-22"
"02","090","0034","42602",1,64.84569,-147.727413,"WGS84","Nitrogen dioxide (NO2)","1 HOUR","NO2 1-hour 2010","2019-05-22","Parts per billion","None",24,100.0,4.5875,15.9,23,14,"574","Instrumental - Chemiluminescence Thermo Electron 42C-TL, 42i-TL","NCORE","907 Terminal St.","Alaska","Fairbanks North Star ","Fairbanks","Fairbanks, AK","2024-05-22"
"02","090","0034","42602",1,64.84569,-147.727413,"WGS84","Nitrogen dioxide (NO2)","1 HOUR","NO2 1-hour 2010","2019-05-23","Parts per billion","None",24,100.0,5.5625,19.8,2,18,"574","Instrumental - Chemiluminescence Thermo Electron 42C-TL, 42i-TL","NCORE","907 Terminal St.","Alaska","Fairbanks North Star ","Fairbanks","Fairbanks, AK","2024-05-22"
"02","090","0034","42602",1,64.84569,-147.727413,"WGS84","Nitrogen dioxide (NO2)","1 HOUR","NO2 1-hour 2010","2019-05-24","Parts per billion","None",22,92.0,1.936364,9.4,23,8,"574","Instrumental - Chemiluminescence Thermo Electron 42C-TL, 42i-TL","NCORE","907 Terminal St.","Alaska","Fairbanks North Star ","Fairbanks","Fairbanks, AK","2024-05-22"
"02","090","0034","42602",1,64.84569,-147.727413,"WGS84","Nitrogen dioxide (NO2)","1 HOUR","NO2 1-hour 2010","2019-05-25","Parts per billion","None",24,100.0,2.841667,7.5,0,7,"574","Instrumental - Chemiluminescence Thermo Electron 42C-TL, 42i-TL","NCORE","907 Terminal St.","Alaska","Fairbanks North Star ","Fairbanks","Fairbanks, AK","2024-05-22"
"02","090","0034","42602",1,64.84569,-147.727413,"WGS84","Nitrogen dioxide (NO2)","1 HOUR","NO2 1-hour 2010","2019-05-26","Parts per billion","None",24,100.0,4,11.2,0,10,"574","Instrumental - Chemiluminescence Thermo Electron 42C-TL, 42i-TL","NCORE","907 Terminal St.","Alaska","Fairbanks North Star ","Fairbanks","Fairbanks, AK","2024-05-22"
"02","090","0034","42602",1,64.84569,-147.727413,"WGS84","Nitrogen dioxide (NO2)","1 HOUR","NO2 1-hour 2010","2019-05-27","Parts per billion","None",22,92.0,0.577273,4.2,23,4,"574","Instrumental - Chemiluminescence Thermo Electron 42C-TL, 42i-TL","NCORE","907 Terminal St.","Alaska","Fairbanks North Star ","Fairbanks","Fairbanks, AK","2024-05-22"
"02","090","0034","42602",1,64.84569,-147.727413,"WGS84","Nitrogen dioxide (NO2)","1 HOUR","NO2 1-hour 2010","2019-05-28","Parts per billion","None",24,100.0,3.558333,10.2,5,9,"574","Instrumental - Chemiluminescence Thermo Electron 42C-TL, 42i-TL","NCORE","907 Terminal St.","Alaska","Fairbanks North Star ","Fairbanks","Fairbanks, AK","2024-05-22"
"02","090","0034","42602",1,64.84569,-147.727413,"WGS84","Nitrogen dioxide (NO2)","1 HOUR","NO2 1-hour 2010","2019-05-29","Parts per billion","None",24,100.0,4.070833,12.8,0,11,"574","Instrumental - Chemiluminescence Thermo Electron 42C-TL, 42i-TL","NCORE","907 Terminal St.","Alaska","Fairbanks North Star ","Fairbanks","Fairbanks, AK","2024-05-22"
"02","090","0034","42602",1,64.84569,-147.727413,"WGS84","Nitrogen dioxide (NO2)","1 HOUR","NO2 1-hour 2010","2019-05-30","Parts per billion","None",22,92.0,2.727273,11.7,5,10,"574","Instrumental - Chemiluminescence Thermo Electron 42C-TL, 42i-TL","NCORE","907 Terminal St.","Alaska","Fairbanks North Star ","Fairbanks","Fairbanks, AK","2024-05-22"
"02","090","0034","42602",1,64.84569,-147.727413,"WGS84","Nitrogen dioxide (NO2)","1 HOUR","NO2 1-hour 2010","2019-05-31","Parts per billion","None",24,100.0,1.716667,4.8,8,4,"574","Instrumental - Chemiluminescence Thermo Electron 42C-TL, 42i-TL","NCORE","907 Terminal St.","Alaska","Fairbanks North Star ","Fairbanks","Fairbanks, AK","2024-05-22"
"02","090","0034","42602",1,64.84569,-147.727413,"WGS84","Nitrogen dioxide (NO2)","1 HOUR","NO2 1-hour 2010","2019-06-01","Parts per billion","None",24,100.0,0.475,2.3,0,2,"574","Instrumental - Chemiluminescence Thermo Electron 42C-TL, 42i-TL","NCORE","907 Terminal St.","Alaska","Fairbanks North Star ","Fairbanks","Fairbanks, AK","2024-05-22"
"02","090","0034","42602",1,64.84569,-147.727413,"WGS84","Nitrogen dioxide (NO2)","1 HOUR","NO2 1-hour 2010","2019-06-02","Parts per billion","None",23,96.0,1.647826,4.8,20,4,"574","Instrumental - Chemiluminescence Thermo Electron 42C-TL, 42i-TL","NCORE","907 Terminal St.","Alaska","Fairbanks North Star ","Fairbanks","Fairbanks, AK","2024-05-22"
"02","090","0034","42602",1,64.84569,-147.727413,"WGS84","Nitrogen dioxide (NO2)","1 HOUR","NO2 1-hour 2010","2019-06-03","Parts per billion","None",23,96.0,2.26087,9,2,8,"574","Instrumental - Chemiluminescence Thermo Electron 42C-TL, 42i-TL","NCORE","907 Terminal St.","Alaska","Fairbanks North Star ","Fairbanks","Fairbanks, AK","2024-05-22"
"02","090","0034","42602",1,64.84569,-147.727413,"WGS84","Nitrogen dioxide (NO2)","1 HOUR","NO2 1-hour 2010","2019-06-04","Parts per billion","None",24,100.0,5.054167,17.1,3,16,"574","Instrumental - Chemiluminescence Thermo Electron 42C-TL, 42i-TL","NCORE","907 Terminal St.","Alaska","Fairbanks North Star ","Fairbanks","Fairbanks, AK","2024-05-22"
"02","090","0034","42602",1,64.84569,-147.727413,"WGS84","Nitrogen dioxide (NO2)","1 HOUR","NO2 1-hour 2010","2019-06-05","Parts per billion","None",22,92.0,3.472727,10.1,9,9,"574","Instrumental - Chemiluminescence Thermo Electron 42C-TL, 42i-TL","NCORE","907 Terminal St.","Alaska","Fairbanks North Star ","Fairbanks","Fairbanks, AK","2024-05-22"
"02","090","0034","42602",1,64.84569,-147.727413,"WGS84","Nitrogen dioxide (NO2)","1 HOUR","NO2 1-hour 2010","2019-06-06","Parts per billion","None",24,100.0,2.366667,6.2,20,6,"574","Instrumental - Chemiluminescence Thermo Electron 42C-TL, 42i-TL","NCORE","907 Terminal St.","Alaska","Fairbanks North Star ","Fairbanks","Fairbanks, AK","2024-05-22"
"02","090","0034","42602",1,64.84569,-147.727413,"WGS84","Nitrogen dioxide (NO2)","1 HOUR","NO2 1-hour 2010","2019-06-07","Parts per billion","None",24,100.0,2.895833,12.2,23,11,"574","Instrumental - Chemiluminescence Thermo Electron 42C-TL, 42i-TL","NCORE","907 Terminal St.","Alaska","Fairbanks North Star ","Fairbanks","Fairbanks, AK","2024-05-22"
"02","090","0034","42602",1,64.84569,-147.727413,"WGS84","Nitrogen dioxide (NO2)","1 HOUR","NO2 1-hour 2010","2019-06-08","Parts per billion","None",22,92.0,3.272727,8.2,22,8,"574","Instrumental - Chemiluminescence Thermo Electron 42C-TL, 42i-TL","NCORE","907 Terminal St.","Alaska","Fairbanks North Star ","Fairbanks","Fairbanks, AK","2024-05-22"
"02","090","0034","42602",1,64.84569,-147.727413,"WGS84","Nitrogen dioxide (NO2)","1 HOUR","NO2 1-hour 2010","2019-06-09","Parts per billion","None",24,100.0,2.616667,10.1,22,9,"574","Instrumental - Chemiluminescence Thermo Electron 42C-TL, 42i-TL","NCORE","907 Terminal St.","Alaska","Fairbanks North Star ","Fairbanks","Fairbanks, AK","2024-05-22"
"02","090","0034","42602",1,64.84569,-147.727413,"WGS84","Nitrogen dioxide (NO2)","1 HOUR","NO2 1-hour 2010","2019-06-10","Parts per billion","None",24,100.0,1.4,5,0,5,"574","Instrumental - Chemiluminescence Thermo Electron 42C-TL, 42i-TL","NCORE","907 Terminal St.","Alaska","Fairbanks North Star ","Fairbanks","Fairbanks, AK","2024-05-22"
"02","090","0034","42602",1,64.84569,-147.727413,"WGS84","Nitrogen dioxide (NO2)","1 HOUR","NO2 1-hour 2010","2019-06-11","Parts per billion","None",22,92.0,1.172727,5.9,23,5,"574","Instrumental - Chemiluminescence Thermo Electron 42C-TL, 42i-TL","NCORE","907 Terminal St.","Alaska","Fairbanks North Star ","Fairbanks","Fairbanks, AK","2024-05-22"
"02","090","0034","42602",1,64.84569,-147.727413,"WGS84","Nitrogen dioxide (NO2)","1 HOUR","NO2 1-hour 2010","2019-06-12","Parts per billion","None",24,100.0,1.920833,6.1,2,6,"574","Instrumental - Chemiluminescence Thermo Electron 42C-TL, 42i-TL","NCORE","907 Terminal St.","Alaska","Fairbanks North Star ","Fairbanks","Fairbanks, AK","2024-05-22"
"02","090","0034","42602",1,64.84569,-147.727413,"WGS84","Nitrogen dioxide (NO2)","1 HOUR","NO2 1-hour 2010","2019-06-13","Parts per billion","None",24,100.0,2.604167,5.7,13,5,"574","Instrumental - Chemiluminescence Thermo Electron 42C-TL, 42i-TL","NCORE","907 Terminal St.","Alaska","Fairbanks North Star ","Fairbanks","Fairbanks, AK","2024-05-22"
"02","090","0034","42602",1,64.84569,-147.727413,"WGS84","Nitrogen dioxide (NO2)","1 HOUR","NO2 1-hour 2010","2019-06-14","Parts per billion","None",22,92.0,1.345455,6.8,0,6,"574","Instrumental - Chemiluminescence Thermo Electron 42C-TL, 42i-TL","NCORE","907 Terminal St.","Alaska","Fairbanks North Star ","Fairbanks","Fairbanks, AK","2024-05-22"
"02","090","0034","42602",1,64.84569,-147.727413,"WGS84","Nitrogen dioxide (NO2)","1 HOUR","NO2 1-hour 2010","2019-06-15","Parts per billion","None",24,100.0,1.229167,4,19,4,"574","Instrumental - Chemiluminescence Thermo Electron 42C-TL, 42i-TL","NCORE","907 Terminal St.","Alaska","Fairbanks North Star ","Fairbanks","Fairbanks, AK","2024-05-22"
"02","090","0034","42602",1,64.84569,-147.727413,"WGS84","Nitrogen dioxide (NO2)","1 HOUR","NO2 1-hour 2010","2019-06-16","Parts per billion","None",24,100.0,2.25,8.4,5,8,"574","Instrumental - Chemiluminescence Thermo Electron 42C-TL, 42i-TL","NCORE","907 Terminal St.","Alaska","Fairbanks North Star ","Fairbanks","Fairbanks, AK","2024-05-22"
"02","090","0034","42602",1,64.84569,-147.727413,"WGS84","Nitrogen dioxide (NO2)","1 HOUR","NO2 1-hour 2010","2019-06-17","Parts per billion","None",22,92.0,1.518182,3.9,3,3,"574","Instrumental - Chemiluminescence Thermo Electron 42C-TL, 42i-TL","NCORE","907 Terminal St.","Alaska","Fairbanks North Star ","Fairbanks","Fairbanks, AK","2024-05-22"
"02","090","0034","42602",1,64.84569,-147.727413,"WGS84","Nitrogen dioxide (NO2)","1 HOUR","NO2 1-hour 2010","2019-06-18","Parts per billion","None",24,100.0,2.591667,7.2,6,7,"574","Instrumental - Chemiluminescence Thermo Electron 42C-TL, 42i-TL","NCORE","907 Terminal St.","Alaska","Fairbanks North Star ","Fairbanks","Fairbanks, AK","2024-05-22"
"02","090","0034","42602",1,64.84569,-147.727413,"WGS84","Nitrogen dioxide (NO2)","1 HOUR","NO2 1-hour 2010","2019-06-19","Parts per billion","None",22,92.0,1.604545,3.9,6,3,"574","Instrumental - Chemiluminescence Thermo Electron 42C-TL, 42i-TL","NCORE","907 Terminal St.","Alaska","Fairbanks North Star ","Fairbanks","Fairbanks, AK","2024-05-22"
"02","090","0034","42602",1,64.84569,-147.727413,"WGS84","Nitrogen dioxide (NO2)","1 HOUR","NO2 1-hour 2010","2019-06-20","Parts per billion","None",1,4.0,7.6,7.6,0,7,"574","Instrumental - Chemiluminescence Thermo Electron 42C-TL, 42i-TL","NCORE","907 Terminal St.","Alaska","Fairbanks North Star ","Fairbanks","Fairbanks, AK","2024-05-22"
"02","090","0034","42602",1,64.84569,-147.727413,"WGS84","Nitrogen dioxide (NO2)","1 HOUR","NO2 1-hour 2010","2019-06-26","Parts per billion","None",21,88.0,4.638095,17.5,22,16,"574","Instrumental - Chemiluminescence Thermo Electron 42C-TL, 42i-TL","NCORE","907 Terminal St.","Alaska","Fairbanks North Star ","Fairbanks","Fairbanks, AK","2024-05-22"
"02","090","0034","42602",1,64.84569,-147.727413,"WGS84","Nitrogen dioxide (NO2)","1 HOUR","NO2 1-hour 2010","2019-06-27","Parts per billion","None",24,100.0,5.104167,12.3,1,11,"574","Instrumental - Chemiluminescence Thermo Electron 42C-TL, 42i-TL","NCORE","907 Terminal St.","Alaska","Fairbanks North Star ","Fairbanks","Fairbanks, AK","2024-05-22"
"02","090","0034","42602",1,64.84569,-147.727413,"WGS84","Nitrogen dioxide (NO2)","1 HOUR","NO2 1-hour 2010","2019-06-28","Parts per billion","None",24,100.0,5.495833,12.2,4,11,"574","Instrumental - Chemiluminescence Thermo Electron 42C-TL, 42i-TL","NCORE","907 Terminal St.","Alaska","Fairbanks North Star ","Fairbanks","Fairbanks, AK","2024-05-22"
"02","090","0034","42602",1,64.84569,-147.727413,"WGS84","Nitrogen dioxide (NO2)","1 HOUR","NO2 1-hour 2010","2019-06-29","Parts per billion","None",22,92.0,3.822727,9.4,23,8,"574","Instrumental - Chemiluminescence Thermo Electron 42C-TL, 42i-TL","NCORE","907 Terminal St.","Alaska","Fairbanks North Star ","Fairbanks","Fairbanks, AK","2024-05-22"
"02","090","0034","42602",1,64.84569,-147.727413,"WGS84","Nitrogen dioxide (NO2)","1 HOUR","NO2 1-hour 2010","2019-06-30","Parts per billion","None",24,100.0,2.520833,9.5,0,8,"574","Instrumental - Chemiluminescence Thermo Electron 42C-TL, 42i-TL","NCORE","907 Terminal St.","Alaska","Fairbanks North Star ","Fairbanks","Fairbanks, AK","2024-05-22"
"02","090","0034","42602",1,64.84569,-147.727413,"WGS84","Nitrogen dioxide (NO2)","1 HOUR","NO2 1-hour 2010","2019-07-01","Parts per billion","None",24,100.0,0.583333,2.7,23,2,"574","Instrumental - Chemiluminescence Thermo Electron 42C-TL, 42i-TL","NCORE","907 Terminal St.","Alaska","Fairbanks North Star ","Fairbanks","Fairbanks, AK","2024-05-22"
"02","090","0034","42602",1,64.84569,-147.727413,"WGS84","Nitrogen dioxide (NO2)","1 HOUR","NO2 1-hour 2010","2019-07-02","Parts per billion","None",19,79.0,2.521053,7.2,4,7,"574","Instrumental - Chemiluminescence Thermo Electron 42C-TL, 42i-TL","NCORE","907 Terminal St.","Alaska","Fairbanks North Star ","Fairbanks","Fairbanks, AK","2024-05-22"
"02","090","0034","42602",1,64.84569,-147.727413,"WGS84","Nitrogen dioxide (NO2)","1 HOUR","NO2 1-hour 2010","2019-07-03","Parts per billion","None",22,92.0,2.463636,7.5,7,7,"574","Instrumental - Chemiluminescence Thermo Electron 42C-TL, 42i-TL","NCORE","907 Terminal St.","Alaska","Fairbanks North Star ","Fairbanks","Fairbanks, AK","2024-05-22"
"02","090","0034","42602",1,64.84569,-147.727413,"WGS84","Nitrogen dioxide (NO2)","1 HOUR","NO2 1-hour 2010","2019-07-04","Parts per billion","None",24,100.0,0.420833,2.3,19,2,"574","Instrumental - Chemiluminescence Thermo Electron 42C-TL, 42i-TL","NCORE","907 Terminal St.","Alaska","Fairbanks North Star ","Fairbanks","Fairbanks, AK","2024-05-22"
"02","090","0034","42602",1,64.84569,-147.727413,"WGS84","Nitrogen dioxide (NO2)","1 HOUR","NO2 1-hour 2010","2019-07-05","Parts per billion","None",7,29.0,3.2,5.3,0,5,"574","Instrumental - Chemiluminescence Thermo Electron 42C-TL, 42i-TL","NCORE","907 Terminal St.","Alaska","Fairbanks North Star ","Fairbanks","Fairbanks, AK","2024-05-22"
"02","090","0034","42602",1,64.84569,-147.727413,"WGS84","Nitrogen dioxide (NO2)","1 HOUR","NO2 1-hour 2010","2019-07-08","Parts per billion","None",9,38.0,7.688889,10.7,20,9,"574","Instrumental - Chemiluminescence Thermo Electron 42C-TL, 42i-TL","NCORE","907 Terminal St.","Alaska","Fairbanks North Star ","Fairbanks","Fairbanks, AK","2024-05-22"
"02","090","0034","42602",1,64.84569,-147.727413,"WGS84","Nitrogen dioxide (NO2)","1 HOUR","NO2 1-hour 2010","2019-07-09","Parts per billion","None",21,88.0,9.085714,19.7,23,18,"574","Instrumental - Chemiluminescence Thermo Electron 42C-TL, 42i-TL","NCORE","907 Terminal St.","Alaska","Fairbanks North Star ","Fairbanks","Fairbanks, AK","2024-05-22"
"02","090","0034","42602",1,64.84569,-147.727413,"WGS84","Nitrogen dioxide (NO2)","1 HOUR","NO2 1-hour 2010","2019-07-10","Parts per billion","None",24,100.0,9.333333,17.8,2,16,"574","Instrumental - Chemiluminescence Thermo Electron 42C-TL, 42i-TL","NCORE","907 Terminal St.","Alaska","Fairbanks North Star ","Fairbanks","Fairbanks, AK","2024-05-22"
"02","090","0034","42602",1,64.84569,-147.727413,"WGS84","Nitrogen dioxide (NO2)","1 HOUR","NO2 1-hour 2010","2019-07-11","Parts per billion","None",22,92.0,5.327273,14.1,14,13,"574","Instrumental - Chemiluminescence Thermo Electron 42C-TL, 42i-TL","NCORE","907 Terminal St.","Alaska","Fairbanks North Star ","Fairbanks","Fairbanks, AK","2024-05-22"
"02","090","0034","42602",1,64.84569,-147.727413,"WGS84","Nitrogen dioxide (NO2)","1 HOUR","NO2 1-hour 2010","2019-07-12","Parts per billion","None",24,100.0,4.508333,8.7,10,8,"574","Instrumental - Chemiluminescence Thermo Electron 42C-TL, 42i-TL","NCORE","907 Terminal St.","Alaska","Fairbanks North Star ","Fairbanks","Fairbanks, AK","2024-05-22"
"02","090","0034","42602",1,64.84569,-147.727413,"WGS84","Nitrogen dioxide (NO2)","1 HOUR","NO2 1-hour 2010","2019-07-13","Parts per billion","None",24,100.0,2.333333,4.2,6,4,"574","Instrumental - Chemiluminescence Thermo Electron 42C-TL, 42i-TL","NCORE","907 Terminal St.","Alaska","Fairbanks North Star ","Fairbanks","Fairbanks, AK","2024-05-22"
"02","090","0034","42602",1,64.84569,-147.727413,"WGS84","Nitrogen dioxide (NO2)","1 HOUR","NO2 1-hour 2010","2019-07-14","Parts per billion","None",23,96.0,1.73913,4.9,23,4,"574","Instrumental - Chemiluminescence Thermo Electron 42C-TL, 42i-TL","NCORE","907 Terminal St.","Alaska","Fairbanks North Star ","Fairbanks","Fairbanks, AK","2024-05-22"
"02","090","0034","42602",1,64.84569,-147.727413,"WGS84","Nitrogen dioxide (NO2)","1 HOUR","NO2 1-hour 2010","2019-07-15","Parts per billion","None",22,92.0,2.131818,4.9,22,4,"574","Instrumental - Chemiluminescence Thermo Electron 42C-TL, 42i-TL","NCORE","907 Terminal St.","Alaska","Fairbanks North Star ","Fairbanks","Fairbanks, AK","2024-05-22"
"02","090","0034","42602",1,64.84569,-147.727413,"WGS84","Nitrogen dioxide (NO2)","1 HOUR","NO2 1-hour 2010","2019-07-16","Parts per billion","None",24,100.0,2.995833,11.1,1,10,"574","Instrumental - Chemiluminescence Thermo Electron 42C-TL, 42i-TL","NCORE","907 Terminal St.","Alaska","Fairbanks North Star ","Fairbanks","Fairbanks, AK","2024-05-22"
"02","090","0034","42602",1,64.84569,-147.727413,"WGS84","Nitrogen dioxide (NO2)","1 HOUR","NO2 1-hour 2010","2019-07-17","Parts per billion","None",22,92.0,4.068182,9,21,8,"574","Instrumental - Chemiluminescence Thermo Electron 42C-TL, 42i-TL","NCORE","907 Terminal St.","Alaska","Fairbanks North Star ","Fairbanks","Fairbanks, AK","2024-05-22"
"02","090","0034","42602",1,64.84569,-147.727413,"WGS84","Nitrogen dioxide (NO2)","1 HOUR","NO2 1-hour 2010","2019-07-18","Parts per billion","None",24,100.0,2.583333,7.2,10,7,"574","Instrumental - Chemiluminescence Thermo Electron 42C-TL, 42i-TL","NCORE","907 Terminal St.","Alaska","Fairbanks North Star ","Fairbanks","Fairbanks, AK","2024-05-22"
"02","090","0034","42602",1,64.84569,-147.727413,"WGS84","Nitrogen dioxide (NO2)","1 HOUR","NO2 1-hour 2010","2019-07-19","Parts per billion","None",24,100.0,1.329167,3.1,5,3,"574","Instrumental - Chemiluminescence Thermo Electron 42C-TL, 42i-TL","NCORE","907 Terminal St.","Alaska","Fairbanks North Star ","Fairbanks","Fairbanks, AK","2024-05-22"
"02","090","0034","42602",1,64.84569,-147.727413,"WGS84","Nitrogen dioxide (NO2)","1 HOUR","NO2 1-hour 2010","2019-07-20","Parts per billion","None",22,92.0,1.663636,7.3,0,7,"574","Instrumental - Chemiluminescence Thermo Electron 42C-TL, 42i-TL","NCORE","907 Terminal St.","Alaska","Fairbanks North Star ","Fairbanks","Fairbanks, AK","2024-05-22"
"02","090","0034","42602",1,64.84569,-147.727413,"WGS84","Nitrogen dioxide (NO2)","1 HOUR","NO2 1-hour 2010","2019-07-21","Parts per billion","None",24,100.0,0.983333,5.4,22,5,"574","Instrumental - Chemiluminescence Thermo Electron 42C-TL, 42i-TL","NCORE","907 Terminal St.","Alaska","Fairbanks North Star ","Fairbanks","Fairbanks, AK","2024-05-22"
"02","090","0034","42602",1,64.84569,-147.727413,"WGS84","Nitrogen dioxide (NO2)","1 HOUR","NO2 1-hour 2010","2019-07-22","Parts per billion","None",24,100.0,4.454167,15.4,23,14,"574","Instrumental - Chemiluminescence Thermo Electron 42C-TL, 42i-TL","NCORE","907 Terminal St.","Alaska","Fairbanks North Star ","Fairbanks","Fairbanks, AK","2024-05-22"
"02","090","0034","42602",1,64.84569,-147.727413,"WGS84","Nitrogen dioxide (NO2)","1 HOUR","NO2 1-hour 2010","2019-07-23","Parts per billion","None",1,4.0,5.1,5.1,0,5,"574","Instrumental - Chemiluminescence Thermo Electron 42C-TL, 42i-TL","NCORE","907 Terminal St.","Alaska","Fairbanks North Star ","Fairbanks","Fairbanks, AK","2024-05-22"
"02","090","0034","42602",1,64.84569,-147.727413,"WGS84","Nitrogen dioxide (NO2)","1 HOUR","NO2 1-hour 2010","2019-07-30","Parts per billion","None",9,38.0,3.322222,5.9,23,5,"574","Instrumental - Chemiluminescence Thermo Electron 42C-TL, 42i-TL","NCORE","907 Terminal St.","Alaska","Fairbanks North Star ","Fairbanks","Fairbanks, AK","2024-05-22"
"02","090","0034","42602",1,64.84569,-147.727413,"WGS84","Nitrogen dioxide (NO2)","1 HOUR","NO2 1-hour 2010","2019-07-31","Parts per billion","None",24,100.0,3.3375,7.3,7,7,"574","Instrumental - Chemiluminescence Thermo Electron 42C-TL, 42i-TL","NCORE","907 Terminal St.","Alaska","Fairbanks North Star ","Fairbanks","Fairbanks, AK","2024-05-22"
"02","090","0034","42602",1,64.84569,-147.727413,"WGS84","Nitrogen dioxide (NO2)","1 HOUR","NO2 1-hour 2010","2019-08-01","Parts per billion","None",22,92.0,1.95,6.6,21,6,"574","Instrumental - Chemiluminescence Thermo Electron 42C-TL, 42i-TL","NCORE","907 Terminal St.","Alaska","Fairbanks North Star ","Fairbanks","Fairbanks, AK","2024-05-22"
"02","090","0034","42602",1,64.84569,-147.727413,"WGS84","Nitrogen dioxide (NO2)","1 HOUR","NO2 1-hour 2010","2019-08-02","Parts per billion","None",24,100.0,3.241667,7.2,3,7,"574","Instrumental - Chemiluminescence Thermo Electron 42C-TL, 42i-TL","NCORE","907 Terminal St.","Alaska","Fairbanks North Star ","Fairbanks","Fairbanks, AK","2024-05-22"
"02","090","0034","42602",1,64.84569,-147.727413,"WGS84","Nitrogen dioxide (NO2)","1 HOUR","NO2 1-hour 2010","2019-08-03","Parts per billion","None",24,100.0,1.558333,5.4,9,5,"574","Instrumental - Chemiluminescence Thermo Electron 42C-TL, 42i-TL","NCORE","907 Terminal St.","Alaska","Fairbanks North Star ","Fairbanks","Fairbanks, AK","2024-05-22"
"02","090","0034","42602",1,64.84569,-147.727413,"WGS84","Nitrogen dioxide (NO2)","1 HOUR","NO2 1-hour 2010","2019-08-04","Parts per billion","None",23,96.0,1.03913,3.7,5,3,"574","Instrumental - Chemiluminescence Thermo Electron 42C-TL, 42i-TL","NCORE","907 Terminal St.","Alaska","Fairbanks North Star ","Fairbanks","Fairbanks, AK","2024-05-22"
"02","090","0034","42602",1,64.84569,-147.727413,"WGS84","Nitrogen dioxide (NO2)","1 HOUR","NO2 1-hour 2010","2019-08-05","Parts per billion","None",23,96.0,1.126087,2.7,0,2,"574","Instrumental - Chemiluminescence Thermo Electron 42C-TL, 42i-TL","NCORE","907 Terminal St.","Alaska","Fairbanks North Star ","Fairbanks","Fairbanks, AK","2024-05-22"
"02","090","0034","42602",1,64.84569,-147.727413,"WGS84","Nitrogen dioxide (NO2)","1 HOUR","NO2 1-hour 2010","2019-08-06","Parts per billion","None",23,96.0,1.113043,3.6,20,3,"574","Instrumental - Chemiluminescence Thermo Electron 42C-TL, 42i-TL","NCORE","907 Terminal St.","Alaska","Fairbanks North Star ","Fairbanks","Fairbanks, AK","2024-05-22"
"02","090","0034","42602",1,64.84569,-147.727413,"WGS84","Nitrogen dioxide (NO2)","1 HOUR","NO2 1-hour 2010","2019-08-07","Parts per billion","None",22,92.0,2.831818,5.9,9,5,"574","Instrumental - Chemiluminescence Thermo Electron 42C-TL, 42i-TL","NCORE","907 Terminal St.","Alaska","Fairbanks North Star ","Fairbanks","Fairbanks, AK","2024-05-22"
"02","090","0034","42602",1,64.84569,-147.727413,"WGS84","Nitrogen dioxide (NO2)","1 HOUR","NO2 1-hour 2010","2019-08-08","Parts per billion","None",24,100.0,3.570833,9.1,22,8,"574","Instrumental - Chemiluminescence Thermo Electron 42C-TL, 42i-TL","NCORE","907 Terminal St.","Alaska","Fairbanks North Star ","Fairbanks","Fairbanks, AK","2024-05-22"
"02","090","0034","42602",1,64.84569,-147.727413,"WGS84","Nitrogen dioxide (NO2)","1 HOUR","NO2 1-hour 2010","2019-08-09","Parts per billion","None",24,100.0,2.7,8.3,2,8,"574","Instrumental - Chemiluminescence Thermo Electron 42C-TL, 42i-TL","NCORE","907 Terminal St.","Alaska","Fairbanks North Star ","Fairbanks","Fairbanks, AK","2024-05-22"
"02","090","0034","42602",1,64.84569,-147.727413,"WGS84","Nitrogen dioxide (NO2)","1 HOUR","NO2 1-hour 2010","2019-08-10","Parts per billion","None",22,92.0,3.059091,8.4,21,8,"574","Instrumental - Chemiluminescence Thermo Electron 42C-TL, 42i-TL","NCORE","907 Terminal St.","Alaska","Fairbanks North Star ","Fairbanks","Fairbanks, AK","2024-05-22"
"02","090","0034","42602",1,64.84569,-147.727413,"WGS84","Nitrogen dioxide (NO2)","1 HOUR","NO2 1-hour 2010","2019-08-11","Parts per billion","None",24,100.0,2.445833,7,21,7,"574","Instrumental - Chemiluminescence Thermo Electron 42C-TL, 42i-TL","NCORE","907 Terminal St.","Alaska","Fairbanks North Star ","Fairbanks","Fairbanks, AK","2024-05-22"
"02","090","0034","42602",1,64.84569,-147.727413,"WGS84","Nitrogen dioxide (NO2)","1 HOUR","NO2 1-hour 2010","2019-08-12","Parts per billion","None",24,100.0,3.820833,8.8,22,8,"574","Instrumental - Chemiluminescence Thermo Electron 42C-TL, 42i-TL","NCORE","907 Terminal St.","Alaska","Fairbanks North Star ","Fairbanks","Fairbanks, AK","2024-05-22"
"02","090","0034","42602",1,64.84569,-147.727413,"WGS84","Nitrogen dioxide (NO2)","1 HOUR","NO2 1-hour 2010","2019-08-13","Parts per billion","None",22,92.0,1.131818,3,13,3,"574","Instrumental - Chemiluminescence Thermo Electron 42C-TL, 42i-TL","NCORE","907 Terminal St.","Alaska","Fairbanks North Star ","Fairbanks","Fairbanks, AK","2024-05-22"
"02","090","0034","42602",1,64.84569,-147.727413,"WGS84","Nitrogen dioxide (NO2)","1 HOUR","NO2 1-hour 2010","2019-08-14","Parts per billion","None",24,100.0,1.083333,5.2,8,5,"574","Instrumental - Chemiluminescence Thermo Electron 42C-TL, 42i-TL","NCORE","907 Terminal St.","Alaska","Fairbanks North Star ","Fairbanks","Fairbanks, AK","2024-05-22"
"02","090","0034","42602",1,64.84569,-147.727413,"WGS84","Nitrogen dioxide (NO2)","1 HOUR","NO2 1-hour 2010","2019-08-15","Parts per billion","None",24,100.0,1.5125,3.1,6,3,"574","Instrumental - Chemiluminescence Thermo Electron 42C-TL, 42i-TL","NCORE","907 Terminal St.","Alaska","Fairbanks North Star ","Fairbanks","Fairbanks, AK","2024-05-22"
"02","090","0034","42602",1,64.84569,-147.727413,"WGS84","Nitrogen dioxide (NO2)","1 HOUR","NO2 1-hour 2010","2019-08-16","Parts per billion","None",22,92.0,1.490909,5.2,23,5,"574","Instrumental - Chemiluminescence Thermo Electron 42C-TL, 42i-TL","NCORE","907 Terminal St.","Alaska","Fairbanks North Star ","Fairbanks","Fairbanks, AK","2024-05-22"
"02","090","0034","42602",1,64.84569,-147.727413,"WGS84","Nitrogen dioxide (NO2)","1 HOUR","NO2 1-hour 2010","2019-08-17","Parts per billion","None",24,100.0,1.966667,6.5,21,6,"574","Instrumental - Chemiluminescence Thermo Electron 42C-TL, 42i-TL","NCORE","907 Terminal St.","Alaska","Fairbanks North Star ","Fairbanks","Fairbanks, AK","2024-05-22"
"02","090","0034","42602",1,64.84569,-147.727413,"WGS84","Nitrogen dioxide (NO2)","1 HOUR","NO2 1-hour 2010","2019-08-18","Parts per billion","None",24,100.0,1.125,4.4,0,4,"574","Instrumental - Chemiluminescence Thermo Electron 42C-TL, 42i-TL","NCORE","907 Terminal St.","Alaska","Fairbanks North Star ","Fairbanks","Fairbanks, AK","2024-05-22"
"02","090","0034","42602",1,64.84569,-147.727413,"WGS84","Nitrogen dioxide (NO2)","1 HOUR","NO2 1-hour 2010","2019-08-19","Parts per billion","None",22,92.0,4.277273,13.2,7,12,"574","Instrumental - Chemiluminescence Thermo Electron 42C-TL, 42i-TL","NCORE","907 Terminal St.","Alaska","Fairbanks North Star ","Fairbanks","Fairbanks, AK","2024-05-22"
"02","090","0034","42602",1,64.84569,-147.727413,"WGS84","Nitrogen dioxide (NO2)","1 HOUR","NO2 1-hour 2010","2019-08-20","Parts per billion","None",24,100.0,6.079167,14,7,13,"574","Instrumental - Chemiluminescence Thermo Electron 42C-TL, 42i-TL","NCORE","907 Terminal St.","Alaska","Fairbanks North Star ","Fairbanks","Fairbanks, AK","2024-05-22"
"02","090","0034","42602",1,64.84569,-147.727413,"WGS84","Nitrogen dioxide (NO2)","1 HOUR","NO2 1-hour 2010","2019-08-21","Parts per billion","None",24,100.0,2.775,8.8,22,8,"574","Instrumental - Chemiluminescence Thermo Electron 42C-TL, 42i-TL","NCORE","907 Terminal St.","Alaska","Fairbanks North Star ","Fairbanks","Fairbanks, AK","2024-05-22"
"02","090","0034","42602",1,64.84569,-147.727413,"WGS84","Nitrogen dioxide (NO2)","1 HOUR","NO2 1-hour 2010","2019-08-22","Parts per billion","None",22,92.0,4.759091,10.3,22,9,"574","Instrumental - Chemiluminescence Thermo Electron 42C-TL, 42i-TL","NCORE","907 Terminal St.","Alaska","Fairbanks North Star ","Fairbanks","Fairbanks, AK","2024-05-22"
"02","090","0034","42602",1,64.84569,-147.727413,"WGS84","Nitrogen dioxide (NO2)","1 HOUR","NO2 1-hour 2010","2019-08-23","Parts per billion","None",24,100.0,3.579167,7.7,21,7,"574","Instrumental - Chemiluminescence Thermo Electron 42C-TL, 42i-TL","NCORE","907 Terminal St.","Alaska","Fairbanks North Star ","Fairbanks","Fairbanks, AK","2024-05-22"
"02","090","0034","42602",1,64.84569,-147.727413,"WGS84","Nitrogen dioxide (NO2)","1 HOUR","NO2 1-hour 2010","2019-08-24","Parts per billion","None",24,100.0,4.2625,12.2,22,11,"574","Instrumental - Chemiluminescence Thermo Electron 42C-TL, 42i-TL","NCORE","907 Terminal St.","Alaska","Fairbanks North Star ","Fairbanks","Fairbanks, AK","2024-05-22"
"02","090","0034","42602",1,64.84569,-147.727413,"WGS84","Nitrogen dioxide (NO2)","1 HOUR","NO2 1-hour 2010","2019-08-25","Parts per billion","None",23,96.0,3.582609,9.4,20,8,"574","Instrumental - Chemiluminescence Thermo Electron 42C-TL, 42i-TL","NCORE","907 Terminal St.","Alaska","Fairbanks North Star ","Fairbanks","Fairbanks, AK","2024-05-22"
"02","090","0034","42602",1,64.84569,-147.727413,"WGS84","Nitrogen dioxide (NO2)","1 HOUR","NO2 1-hour 2010","2019-08-26","Parts per billion","None",23,96.0,4.334783,10.3,21,9,"574","Instrumental - Chemiluminescence Thermo Electron 42C-TL, 42i-TL","NCORE","907 Terminal St.","Alaska","Fairbanks North Star ","Fairbanks","Fairbanks, AK","2024-05-22"
"02","090","0034","42602",1,64.84569,-147.727413,"WGS84","Nitrogen dioxide (NO2)","1 HOUR","NO2 1-hour 2010","2019-08-27","Parts per billion","None",24,100.0,2.658333,6,1,6,"574","Instrumental - Chemiluminescence Thermo Electron 42C-TL, 42i-TL","NCORE","907 Terminal St.","Alaska","Fairbanks North Star ","Fairbanks","Fairbanks, AK","2024-05-22"
"02","090","0034","42602",1,64.84569,-147.727413,"WGS84","Nitrogen dioxide (NO2)","1 HOUR","NO2 1-hour 2010","2019-08-28","Parts per billion","None",1,4.0,0.3,0.3,0,0,"574","Instrumental - Chemiluminescence Thermo Electron 42C-TL, 42i-TL","NCORE","907 Terminal St.","Alaska","Fairbanks North Star ","Fairbanks","Fairbanks, AK","2024-05-22"
"02","090","0034","42602",1,64.84569,-147.727413,"WGS84","Nitrogen dioxide (NO2)","1 HOUR","NO2 1-hour 2010","2019-09-03","Parts per billion","None",10,42.0,1.68,3.5,21,3,"574","Instrumental - Chemiluminescence Thermo Electron 42C-TL, 42i-TL","NCORE","907 Terminal St.","Alaska","Fairbanks North Star ","Fairbanks","Fairbanks, AK","2024-05-22"
"02","090","0034","42602",1,64.84569,-147.727413,"WGS84","Nitrogen dioxide (NO2)","1 HOUR","NO2 1-hour 2010","2019-09-04","Parts per billion","None",22,92.0,3.686364,9.2,22,8,"574","Instrumental - Chemiluminescence Thermo Electron 42C-TL, 42i-TL","NCORE","907 Terminal St.","Alaska","Fairbanks North Star ","Fairbanks","Fairbanks, AK","2024-05-22"
"02","090","0034","42602",1,64.84569,-147.727413,"WGS84","Nitrogen dioxide (NO2)","1 HOUR","NO2 1-hour 2010","2019-09-05","Parts per billion","None",24,100.0,5.666667,20.2,21,19,"574","Instrumental - Chemiluminescence Thermo Electron 42C-TL, 42i-TL","NCORE","907 Terminal St.","Alaska","Fairbanks North Star ","Fairbanks","Fairbanks, AK","2024-05-22"
"02","090","0034","42602",1,64.84569,-147.727413,"WGS84","Nitrogen dioxide (NO2)","1 HOUR","NO2 1-hour 2010","2019-09-06","Parts per billion","None",21,88.0,8.714286,16.8,19,15,"574","Instrumental - Chemiluminescence Thermo Electron 42C-TL, 42i-TL","NCORE","907 Terminal St.","Alaska","Fairbanks North Star ","Fairbanks","Fairbanks, AK","2024-05-22"
"02","090","0034","42602",1,64.84569,-147.727413,"WGS84","Nitrogen dioxide (NO2)","1 HOUR","NO2 1-hour 2010","2019-09-07","Parts per billion","None",24,100.0,9.3625,18,18,17,"574","Instrumental - Chemiluminescence Thermo Electron 42C-TL, 42i-TL","NCORE","907 Terminal St.","Alaska","Fairbanks North Star ","Fairbanks","Fairbanks, AK","2024-05-22"
"02","090","0034","42602",1,64.84569,-147.727413,"WGS84","Nitrogen dioxide (NO2)","1 HOUR","NO2 1-hour 2010","2019-09-08","Parts per billion","None",24,100.0,7.279167,19.6,22,18,"574","Instrumental - Chemiluminescence Thermo Electron 42C-TL, 42i-TL","NCORE","907 Terminal St.","Alaska","Fairbanks North Star ","Fairbanks","Fairbanks, AK","2024-05-22"
"02","090","0034","42602",1,64.84569,-147.727413,"WGS84","Nitrogen dioxide (NO2)","1 HOUR","NO2 1-hour 2010","2019-09-09","Parts per billion","None",22,92.0,9.236364,15.6,19,14,"574","Instrumental - Chemiluminescence Thermo Electron 42C-TL, 42i-TL","NCORE","907 Terminal St.","Alaska","Fairbanks North Star ","Fairbanks","Fairbanks, AK","2024-05-22"
"02","090","0034","42602",1,64.84569,-147.727413,"WGS84","Nitrogen dioxide (NO2)","1 HOUR","NO2 1-hour 2010","2019-09-10","Parts per billion","None",24,100.0,5.708333,15.7,20,14,"574","Instrumental - Chemiluminescence Thermo Electron 42C-TL, 42i-TL","NCORE","907 Terminal St.","Alaska","Fairbanks North Star ","Fairbanks","Fairbanks, AK","2024-05-22"
"02","090","0034","42602",1,64.84569,-147.727413,"WGS84","Nitrogen dioxide (NO2)","1 HOUR","NO2 1-hour 2010","2019-09-11","Parts per billion","None",24,100.0,7.333333,14.7,22,13,"574","Instrumental - Chemiluminescence Thermo Electron 42C-TL, 42i-TL","NCORE","907 Terminal St.","Alaska","Fairbanks North Star ","Fairbanks","Fairbanks, AK","2024-05-22"
"02","090","0034","42602",1,64.84569,-147.727413,"WGS84","Nitrogen dioxide (NO2)","1 HOUR","NO2 1-hour 2010","2019-09-12","Parts per billion","None",21,88.0,7.504762,23.5,8,22,"574","Instrumental - Chemiluminescence Thermo Electron 42C-TL, 42i-TL","NCORE","907 Terminal St.","Alaska","Fairbanks North Star ","Fairbanks","Fairbanks, AK","2024-05-22"
"02","090","0034","42602",1,64.84569,-147.727413,"WGS84","Nitrogen dioxide (NO2)","1 HOUR","NO2 1-hour 2010","2019-09-13","Parts per billion","None",24,100.0,8.629167,22.2,9,21,"574","Instrumental - Chemiluminescence Thermo Electron 42C-TL, 42i-TL","NCORE","907 Terminal St.","Alaska","Fairbanks North Star ","Fairbanks","Fairbanks, AK","2024-05-22"
"02","090","0034","42602",1,64.84569,-147.727413,"WGS84","Nitrogen dioxide (NO2)","1 HOUR","NO2 1-hour 2010","2019-09-14","Parts per billion","None",24,100.0,5.154167,13.6,7,12,"574","Instrumental - Chemiluminescence Thermo Electron 42C-TL, 42i-TL","NCORE","907 Terminal St.","Alaska","Fairbanks North Star ","Fairbanks","Fairbanks, AK","2024-05-22"
"02","090","0034","42602",1,64.84569,-147.727413,"WGS84","Nitrogen dioxide (NO2)","1 HOUR","NO2 1-hour 2010","2019-09-15","Parts per billion","None",22,92.0,4.486364,8.6,21,8,"574","Instrumental - Chemiluminescence Thermo Electron 42C-TL, 42i-TL","NCORE","907 Terminal St.","Alaska","Fairbanks North Star ","Fairbanks","Fairbanks, AK","2024-05-22"
"02","090","0034","42602",1,64.84569,-147.727413,"WGS84","Nitrogen dioxide (NO2)","1 HOUR","NO2 1-hour 2010","2019-09-16","Parts per billion","None",24,100.0,4.975,10.7,22,9,"574","Instrumental - Chemiluminescence Thermo Electron 42C-TL, 42i-TL","NCORE","907 Terminal St.","Alaska","Fairbanks North Star ","Fairbanks","Fairbanks, AK","2024-05-22"
"02","090","0034","42602",1,64.84569,-147.727413,"WGS84","Nitrogen dioxide (NO2)","1 HOUR","NO2 1-hour 2010","2019-09-17","Parts per billion","None",22,92.0,5.140909,13.6,21,12,"574","Instrumental - Chemiluminescence Thermo Electron 42C-TL, 42i-TL","NCORE","907 Terminal St.","Alaska","Fairbanks North Star ","Fairbanks","Fairbanks, AK","2024-05-22"
"02","090","0034","42602",1,64.84569,-147.727413,"WGS84","Nitrogen dioxide (NO2)","1 HOUR","NO2 1-hour 2010","2019-09-18","Parts per billion","None",24,100.0,7.6375,14.5,6,13,"574","Instrumental - Chemiluminescence Thermo Electron 42C-TL, 42i-TL","NCORE","907 Terminal St.","Alaska","Fairbanks North Star ","Fairbanks","Fairbanks, AK","2024-05-22"
"02","090","0034","42602",1,64.84569,-147.727413,"WGS84","Nitrogen dioxide (NO2)","1 HOUR","NO2 1-hour 2010","2019-09-19","Parts per billion","None",19,79.0,4.384211,7.4,7,7,"574","Instrumental - Chemiluminescence Thermo Electron 42C-TL, 42i-TL","NCORE","907 Terminal St.","Alaska","Fairbanks North Star ","Fairbanks","Fairbanks, AK","2024-05-22"
"02","090","0034","42602",1,64.84569,-147.727413,"WGS84","Nitrogen dioxide (NO2)","1 HOUR","NO2 1-hour 2010","2019-09-20","Parts per billion","None",24,100.0,6.441667,11.8,9,10,"574","Instrumental - Chemiluminescence Thermo Electron 42C-TL, 42i-TL","NCORE","907 Terminal St.","Alaska","Fairbanks North Star ","Fairbanks","Fairbanks, AK","2024-05-22"
"02","090","0034","42602",1,64.84569,-147.727413,"WGS84","Nitrogen dioxide (NO2)","1 HOUR","NO2 1-hour 2010","2019-09-21","Parts per billion","None",24,100.0,1.4,3.3,18,3,"574","Instrumental - Chemiluminescence Thermo Electron 42C-TL, 42i-TL","NCORE","907 Terminal St.","Alaska","Fairbanks North Star ","Fairbanks","Fairbanks, AK","2024-05-22"
"02","090","0034","42602",1,64.84569,-147.727413,"WGS84","Nitrogen dioxide (NO2)","1 HOUR","NO2 1-hour 2010","2019-09-22","Parts per billion","None",22,92.0,4.004545,12.4,19,11,"574","Instrumental - Chemiluminescence Thermo Electron 42C-TL, 42i-TL","NCORE","907 Terminal St.","Alaska","Fairbanks North Star ","Fairbanks","Fairbanks, AK","2024-05-22"
"02","090","0034","42602",1,64.84569,-147.727413,"WGS84","Nitrogen dioxide (NO2)","1 HOUR","NO2 1-hour 2010","2019-09-23","Parts per billion","None",21,88.0,9.514286,15.2,7,14,"574","Instrumental - Chemiluminescence Thermo Electron 42C-TL, 42i-TL","NCORE","907 Terminal St.","Alaska","Fairbanks North Star ","Fairbanks","Fairbanks, AK","2024-05-22"
"02","090","0034","42602",1,64.84569,-147.727413,"WGS84","Nitrogen dioxide (NO2)","1 HOUR","NO2 1-hour 2010","2019-09-24","Parts per billion","None",24,100.0,6.270833,13.3,7,12,"574","Instrumental - Chemiluminescence Thermo Electron 42C-TL, 42i-TL","NCORE","907 Terminal St.","Alaska","Fairbanks North Star ","Fairbanks","Fairbanks, AK","2024-05-22"
"02","090","0034","42602",1,64.84569,-147.727413,"WGS84","Nitrogen dioxide (NO2)","1 HOUR","NO2 1-hour 2010","2019-09-25","Parts per billion","None",22,92.0,2.909091,6.7,20,6,"574","Instrumental - Chemiluminescence Thermo Electron 42C-TL, 42i-TL","NCORE","907 Terminal St.","Alaska","Fairbanks North Star ","Fairbanks","Fairbanks, AK","2024-05-22"
"02","090","0034","42602",1,64.84569,-147.727413,"WGS84","Nitrogen dioxide (NO2)","1 HOUR","NO2 1-hour 2010","2019-09-26","Parts per billion","None",24,100.0,5.883333,15.7,20,14,"574","Instrumental - Chemiluminescence Thermo Electron 42C-TL, 42i-TL","NCORE","907 Terminal St.","Alaska","Fairbanks North Star ","Fairbanks","Fairbanks, AK","2024-05-22"
"02","090","0034","42602",1,64.84569,-147.727413,"WGS84","Nitrogen dioxide (NO2)","1 HOUR","NO2 1-hour 2010","2019-09-27","Parts per billion","None",24,100.0,6.345833,12.3,21,11,"574","Instrumental - Chemiluminescence Thermo Electron 42C-TL, 42i-TL","NCORE","907 Terminal St.","Alaska","Fairbanks North Star ","Fairbanks","Fairbanks, AK","2024-05-22"
"02","090","0034","42602",1,64.84569,-147.727413,"WGS84","Nitrogen dioxide (NO2)","1 HOUR","NO2 1-hour 2010","2019-09-28","Parts per billion","None",22,92.0,7.940909,19.2,19,18,"574","Instrumental - Chemiluminescence Thermo Electron 42C-TL, 42i-TL","NCORE","907 Terminal St.","Alaska","Fairbanks North Star ","Fairbanks","Fairbanks, AK","2024-05-22"
"02","090","0034","42602",1,64.84569,-147.727413,"WGS84","Nitrogen dioxide (NO2)","1 HOUR","NO2 1-hour 2010","2019-09-29","Parts per billion","None",12,50.0,12.908333,17.5,2,16,"574","Instrumental - Chemiluminescence Thermo Electron 42C-TL, 42i-TL","NCORE","907 Terminal St.","Alaska","Fairbanks North Star ","Fairbanks","Fairbanks, AK","2024-05-22"
"02","090","0034","42602",1,64.84569,-147.727413,"WGS84","Nitrogen dioxide (NO2)","1 HOUR","NO2 1-hour 2010","2019-09-30","Parts per billion","None",16,67.0,6.28125,15.7,19,14,"574","Instrumental - Chemiluminescence Thermo Electron 42C-TL, 42i-TL","NCORE","907 Terminal St.","Alaska","Fairbanks North Star ","Fairbanks","Fairbanks, AK","2024-05-22"
"02","090","0034","42602",1,64.84569,-147.727413,"WGS84","Nitrogen dioxide (NO2)","1 HOUR","NO2 1-hour 2010","2019-10-01","Parts per billion","None",1,4.0,5.7,5.7,0,5,"574","Instrumental - Chemiluminescence Thermo Electron 42C-TL, 42i-TL","NCORE","907 Terminal St.","Alaska","Fairbanks North Star ","Fairbanks","Fairbanks, AK","2024-05-22"
"04","013","0019","42602",1,33.48378,-112.14256,"NAD83","Nitrogen dioxide (NO2)","1 HOUR","NO2 1-hour 2010","2019-01-01","Parts per billion","None",24,100.0,8.708333,15,18,14,"099","INSTRUMENTAL - GAS PHASE CHEMILUMINESCENCE","WEST PHOENIX","3847 W EARLL DR-WEST PHOENIX STATION","Arizona","Maricopa","Phoenix","Phoenix-Mesa-Scottsdale, AZ","2024-05-22"
"04","013","0019","42602",1,33.48378,-112.14256,"NAD83","Nitrogen dioxide (NO2)","1 HOUR","NO2 1-hour 2010","2019-01-02","Parts per billion","None",24,100.0,15.208333,34,19,32,"099","INSTRUMENTAL - GAS PHASE CHEMILUMINESCENCE","WEST PHOENIX","3847 W EARLL DR-WEST PHOENIX STATION","Arizona","Maricopa","Phoenix","Phoenix-Mesa-Scottsdale, AZ","2024-05-22"
"04","013","0019","42602",1,33.48378,-112.14256,"NAD83","Nitrogen dioxide (NO2)","1 HOUR","NO2 1-hour 2010","2019-01-03","Parts per billion","None",22,92.0,24.272727,39,18,37,"099","INSTRUMENTAL - GAS PHASE CHEMILUMINESCENCE","WEST PHOENIX","3847 W EARLL DR-WEST PHOENIX STATION","Arizona","Maricopa","Phoenix","Phoenix-Mesa-Scottsdale, AZ","2024-05-22"
"04","013","0019","42602",1,33.48378,-112.14256,"NAD83","Nitrogen dioxide (NO2)","1 HOUR","NO2 1-hour 2010","2019-01-04","Parts per billion","None",24,100.0,28.375,40,18,38,"099","INSTRUMENTAL - GAS PHASE CHEMILUMINESCENCE","WEST PHOENIX","3847 W EARLL DR-WEST PHOENIX STATION","Arizona","Maricopa","Phoenix","Phoenix-Mesa-Scottsdale, AZ","2024-05-22"
"04","013","0019","42602",1,33.48378,-112.14256,"NAD83","Nitrogen dioxide (NO2)","1 HOUR","NO2 1-hour 2010","2019-01-05","Parts per billion","None",24,100.0,23.708333,35,18,33,"099","INSTRUMENTAL - GAS PHASE CHEMILUMINESCENCE","WEST PHOENIX","3847 W EARLL DR-WEST PHOENIX STATION","Arizona","Maricopa","Phoenix","Phoenix-Mesa-Scottsdale, AZ","2024-05-22"
"04","013","0019","42602",1,33.48378,-112.14256,"NAD83","Nitrogen dioxide (NO2)","1 HOUR","NO2 1-hour 2010","2019-01-06","Parts per billion","None",24,100.0,12.875,31,20,29,"099","INSTRUMENTAL - GAS PHASE CHEMILUMINESCENCE","WEST PHOENIX","3847 W EARLL DR-WEST PHOENIX STATION","Arizona","Maricopa","Phoenix","Phoenix-Mesa-Scottsdale, AZ","2024-05-22"
"04","013","0019","42602",1,33.48378,-112.14256,"NAD83","Nitrogen dioxide (NO2)","1 HOUR","NO2 1-hour 2010","2019-01-07","Parts per billion","None",24,100.0,22.083333,39,19,37,"099","INSTRUMENTAL - GAS PHASE CHEMILUMINESCENCE","WEST PHOENIX","3847 W EARLL DR-WEST PHOENIX STATION","Arizona","Maricopa","Phoenix","Phoenix-Mesa-Scottsdale, AZ","2024-05-22"
"04","013","0019","42602",1,33.48378,-112.14256,"NAD83","Nitrogen dioxide (NO2)","1 HOUR","NO2 1-hour 2010","2019-01-08","Parts per billion","None",23,96.0,29.869565,47,18,44,"099","INSTRUMENTAL - GAS PHASE CHEMILUMINESCENCE","WEST PHOENIX","3847 W EARLL DR-WEST PHOENIX STATION","Arizona","Maricopa","Phoenix","Phoenix-Mesa-Scottsdale, AZ","2024-05-22"
"04","013","0019","42602",1,33.48378,-112.14256,"NAD83","Nitrogen dioxide (NO2)","1 HOUR","NO2 1-hour 2010","2019-01-09","Parts per billion","None",23,96.0,24.782609,41,10,39,"099","INSTRUMENTAL - GAS PHASE CHEMILUMINESCENCE","WEST PHOENIX","3847 W EARLL DR-WEST PHOENIX STATION","Arizona","Maricopa","Phoenix","Phoenix-Mesa-Scottsdale, AZ","2024-05-22"
"04","013","0019","42602",1,33.48378,-112.14256,"NAD83","Nitrogen dioxide (NO2)","1 HOUR","NO2 1-hour 2010","2019-01-10","Parts per billion","None",24,100.0,26.25,36,18,34,"099","INSTRUMENTAL - GAS PHASE CHEMILUMINESCENCE","WEST PHOENIX","3847 W EARLL DR-WEST PHOENIX STATION","Arizona","Maricopa","Phoenix","Phoenix-Mesa-Scottsdale, AZ","2024-05-22"
"04","013","0019","42602",1,33.48378,-112.14256,"NAD83","Nitrogen dioxide (NO2)","1 HOUR","NO2 1-hour 2010","2019-01-11","Parts per billion","None",24,100.0,21.208333,38,18,36,"099","INSTRUMENTAL - GAS PHASE CHEMILUMINESCENCE","WEST PHOENIX","3847 W EARLL DR-WEST PHOENIX STATION","Arizona","Maricopa","Phoenix","Phoenix-Mesa-Scottsdale, AZ","2024-05-22"
"04","013","0019","42602",1,33.48378,-112.14256,"NAD83","Nitrogen dioxide (NO2)","1 HOUR","NO2 1-hour 2010","2019-01-12","Parts per billion","None",24,100.0,16.875,34,18,32,"099","INSTRUMENTAL - GAS PHASE CHEMILUMINESCENCE","WEST PHOENIX","3847 W EARLL DR-WEST PHOENIX STATION","Arizona","Maricopa","Phoenix","Phoenix-Mesa-Scottsdale, AZ","2024-05-22"
"04","013","0019","42602",1,33.48378,-112.14256,"NAD83","Nitrogen dioxide (NO2)","1 HOUR","NO2 1-hour 2010","2019-01-13","Parts per billion","None",24,100.0,15.333333,30,20,28,"099","INSTRUMENTAL - GAS PHASE CHEMILUMINESCENCE","WEST PHOENIX","3847 W EARLL DR-WEST PHOENIX STATION","Arizona","Maricopa","Phoenix","Phoenix-Mesa-Scottsdale, AZ","2024-05-22"
"04","013","0019","42602",1,33.48378,-112.14256,"NAD83","Nitrogen dioxide (NO2)","1 HOUR","NO2 1-hour 2010","2019-01-14","Parts per billion","None",24,100.0,19.75,33,8,31,"099","INSTRUMENTAL - GAS PHASE CHEMILUMINESCENCE","WEST PHOENIX","3847 W EARLL DR-WEST PHOENIX STATION","Arizona","Maricopa","Phoenix","Phoenix-Mesa-Scottsdale, AZ","2024-05-22"
"04","013","0019","42602",1,33.48378,-112.14256,"NAD83","Nitrogen dioxide (NO2)","1 HOUR","NO2 1-hour 2010","2019-01-15","Parts per billion","None",24,100.0,17.916667,27,0,25,"099","INSTRUMENTAL - GAS PHASE CHEMILUMINESCENCE","WEST PHOENIX","3847 W EARLL DR-WEST PHOENIX STATION","Arizona","Maricopa","Phoenix","Phoenix-Mesa-Scottsdale, AZ","2024-05-22"
"04","013","0019","42602",1,33.48378,-112.14256,"NAD83","Nitrogen dioxide (NO2)","1 HOUR","NO2 1-hour 2010","2019-01-16","Parts per billion","None",22,92.0,19.636364,31,18,29,"099","INSTRUMENTAL - GAS PHASE CHEMILUMINESCENCE","WEST PHOENIX","3847 W EARLL DR-WEST PHOENIX STATION","Arizona","Maricopa","Phoenix","Phoenix-Mesa-Scottsdale, AZ","2024-05-22"
"04","013","0019","42602",1,33.48378,-112.14256,"NAD83","Nitrogen dioxide (NO2)","1 HOUR","NO2 1-hour 2010","2019-01-17","Parts per billion","None",24,100.0,20.708333,35,18,33,"099","INSTRUMENTAL - GAS PHASE CHEMILUMINESCENCE","WEST PHOENIX","3847 W EARLL DR-WEST PHOENIX STATION","Arizona","Maricopa","Phoenix","Phoenix-Mesa-Scottsdale, AZ","2024-05-22"
"04","013","0019","42602",1,33.48378,-112.14256,"NAD83","Nitrogen dioxide (NO2)","1 HOUR","NO2 1-hour 2010","2019-01-18","Parts per billion","None",24,100.0,16.625,39,9,37,"099","INSTRUMENTAL - GAS PHASE CHEMILUMINESCENCE","WEST PHOENIX","3847 W EARLL DR-WEST PHOENIX STATION","Arizona","Maricopa","Phoenix","Phoenix-Mesa-Scottsdale, AZ","2024-05-22"
"04","013","0019","42602",1,33.48378,-112.14256,"NAD83","Nitrogen dioxide (NO2)","1 HOUR","NO2 1-hour 2010","2019-01-19","Parts per billion","None",24,100.0,19.833333,36,19,34,"099","INSTRUMENTAL - GAS PHASE CHEMILUMINESCENCE","WEST PHOENIX","3847 W EARLL DR-WEST PHOENIX STATION","Arizona","Maricopa","Phoenix","Phoenix-Mesa-Scottsdale, AZ","2024-05-22"
"04","013","0019","42602",1,33.48378,-112.14256,"NAD83","Nitrogen dioxide (NO2)","1 HOUR","NO2 1-hour 2010","2019-01-20","Parts per billion","None",24,100.0,21.375,39,18,37,"099","INSTRUMENTAL - GAS PHASE CHEMILUMINESCENCE","WEST PHOENIX","3847 W EARLL DR-WEST PHOENIX STATION","Arizona","Maricopa","Phoenix","Phoenix-Mesa-Scottsdale, AZ","2024-05-22"
"04","013","0019","42602",1,33.48378,-112.14256,"NAD83","Nitrogen dioxide (NO2)","1 HOUR","NO2 1-hour 2010","2019-01-21","Parts per billion","None",24,100.0,18.708333,31,0,29,"099","INSTRUMENTAL - GAS PHASE CHEMILUMINESCENCE","WEST PHOENIX","3847 W EARLL DR-WEST PHOENIX STATION","Arizona","Maricopa","Phoenix","Phoenix-Mesa-Scottsdale, AZ","2024-05-22"
"04","013","0019","42602",1,33.48378,-112.14256,"NAD83","Nitrogen dioxide (NO2)","1 HOUR","NO2 1-hour 2010","2019-01-22","Parts per billion","None",22,92.0,12.681818,32,21,30,"099","INSTRUMENTAL - GAS PHASE CHEMILUMINESCENCE","WEST PHOENIX","3847 W EARLL DR-WEST PHOENIX STATION","Arizona","Maricopa","Phoenix","Phoenix-Mesa-Scottsdale, AZ","2024-05-22"
"04","013","0019","42602",1,33.48378,-112.14256,"NAD83","Nitrogen dioxide (NO2)","1 HOUR","NO2 1-hour 2010","2019-01-23","Parts per billion","None",22,92.0,23.409091,35,19,33,"099","INSTRUMENTAL - GAS PHASE CHEMILUMINESCENCE","WEST PHOENIX","3847 W EARLL DR-WEST PHOENIX STATION","Arizona","Maricopa","Phoenix","Phoenix-Mesa-Scottsdale, AZ","2024-05-22"
"04","013","0019","42602",1,33.48378,-112.14256,"NAD83","Nitrogen dioxide (NO2)","1 HOUR","NO2 1-hour 2010","2019-01-24","Parts per billion","None",24,100.0,25.833333,37,18,35,"099","INSTRUMENTAL - GAS PHASE CHEMILUMINESCENCE","WEST PHOENIX","3847 W EARLL DR-WEST PHOENIX STATION","Arizona","Maricopa","Phoenix","Phoenix-Mesa-Scottsdale, AZ","2024-05-22"
"04","013","0019","42602",1,33.48378,-112.14256,"NAD83","Nitrogen dioxide (NO2)","1 HOUR","NO2 1-hour 2010","2019-01-25","Parts per billion","None",24,100.0,26.833333,48,9,45,"099","INSTRUMENTAL - GAS PHASE CHEMILUMINESCENCE","WEST PHOENIX","3847 W EARLL DR-WEST PHOENIX STATION","Arizona","Maricopa","Phoenix","Phoenix-Mesa-Scottsdale, AZ","2024-05-22"
"04","013","0019","42602",1,33.48378,-112.14256,"NAD83","Nitrogen dioxide (NO2)","1 HOUR","NO2 1-hour 2010","2019-01-26","Parts per billion","None",24,100.0,23.5,43,19,41,"099","INSTRUMENTAL - GAS PHASE CHEMILUMINESCENCE","WEST PHOENIX","3847 W EARLL DR-WEST PHOENIX STATION","Arizona","Maricopa","Phoenix","Phoenix-Mesa-Scottsdale, AZ","2024-05-22"
"04","013","0019","42602",1,33.48378,-112.14256,"NAD83","Nitrogen dioxide (NO2)","1 HOUR","NO2 1-hour 2010","2019-01-27","Parts per billion","None",24,100.0,25.458333,43,19,41,"099","INSTRUMENTAL - GAS PHASE CHEMILUMINESCENCE","WEST PHOENIX","3847 W EARLL DR-WEST PHOENIX STATION","Arizona","Maricopa","Phoenix","Phoenix-Mesa-Scottsdale, AZ","2024-05-22"
"04","013","0019","42602",1,33.48378,-112.14256,"NAD83","Nitrogen dioxide (NO2)","1 HOUR","NO2 1-hour 2010","2019-01-28","Parts per billion","None",24,100.0,27.708333,42,18,40,"099","INSTRUMENTAL - GAS PHASE CHEMILUMINESCENCE","WEST PHOENIX","3847 W EARLL DR-WEST PHOENIX STATION","Arizona","Maricopa","Phoenix","Phoenix-Mesa-Scottsdale, AZ","2024-05-22"
"04","013","0019","42602",1,33.48378,-112.14256,"NAD83","Nitrogen dioxide (NO2)","1 HOUR","NO2 1-hour 2010","2019-01-29","Parts per billion","None",24,100.0,32,45,18,42,"099","INSTRUMENTAL - GAS PHASE CHEMILUMINESCENCE","WEST PHOENIX","3847 W EARLL DR-WEST PHOENIX STATION","Arizona","Maricopa","Phoenix","Phoenix-Mesa-Scottsdale, AZ","2024-05-22"
"04","013","0019","42602",1,33.48378,-112.14256,"NAD83","Nitrogen dioxide (NO2)","1 HOUR","NO2 1-hour 2010","2019-01-30","Parts per billion","None",22,92.0,28.272727,46,19,43,"099","INSTRUMENTAL - GAS PHASE CHEMILUMINESCENCE","WEST PHOENIX","3847 W EARLL DR-WEST PHOENIX STATION","Arizona","Maricopa","Phoenix","Phoenix-Mesa-Scottsdale, AZ","2024-05-22"
"04","013","0019","42602",1,33.48378,-112.14256,"NAD83","Nitrogen dioxide (NO2)","1 HOUR","NO2 1-hour 2010","2019-01-31","Parts per billion","None",24,100.0,26.666667,42,21,40,"099","INSTRUMENTAL - GAS PHASE CHEMILUMINESCENCE","WEST PHOENIX","3847 W EARLL DR-WEST PHOENIX STATION","Arizona","Maricopa","Phoenix","Phoenix-Mesa-Scottsdale, AZ","2024-05-22"
"04","013","0019","42602",1,33.48378,-112.14256,"NAD83","Nitrogen dioxide (NO2)","1 HOUR","NO2 1-hour 2010","2019-02-01","Parts per billion","None",24,100.0,22.708333,42,20,40,"099","INSTRUMENTAL - GAS PHASE CHEMILUMINESCENCE","WEST PHOENIX","3847 W EARLL DR-WEST PHOENIX STATION","Arizona","Maricopa","Phoenix","Phoenix-Mesa-Scottsdale, AZ","2024-05-22"
"04","013","0019","42602",1,33.48378,-112.14256,"NAD83","Nitrogen dioxide (NO2)","1 HOUR","NO2 1-hour 2010","2019-02-02","Parts per billion","None",24,100.0,13.833333,32,1,30,"099","INSTRUMENTAL - GAS PHASE CHEMILUMINESCENCE","WEST PHOENIX","3847 W EARLL DR-WEST PHOENIX STATION","Arizona","Maricopa","Phoenix","Phoenix-Mesa-Scottsdale, AZ","2024-05-22"
"04","013","0019","42602",1,33.48378,-112.14256,"NAD83","Nitrogen dioxide (NO2)","1 HOUR","NO2 1-hour 2010","2019-02-03","Parts per billion","None",24,100.0,8.375,22,22,21,"099","INSTRUMENTAL - GAS PHASE CHEMILUMINESCENCE","WEST PHOENIX","3847 W EARLL DR-WEST PHOENIX STATION","Arizona","Maricopa","Phoenix","Phoenix-Mesa-Scottsdale, AZ","2024-05-22"
"04","013","0019","42602",1,33.48378,-112.14256,"NAD83","Nitrogen dioxide (NO2)","1 HOUR","NO2 1-hour 2010","2019-02-04","Parts per billion","None",24,100.0,13.625,25,20,24,"099","INSTRUMENTAL - GAS PHASE CHEMILUMINESCENCE","WEST PHOENIX","3847 W EARLL DR-WEST PHOENIX STATION","Arizona","Maricopa","Phoenix","Phoenix-Mesa-Scottsdale, AZ","2024-05-22"
"04","013","0019","42602",1,33.48378,-112.14256,"NAD83","Nitrogen dioxide (NO2)","1 HOUR","NO2 1-hour 2010","2019-02-05","Parts per billion","None",22,92.0,11.272727,31,7,29,"099","INSTRUMENTAL - GAS PHASE CHEMILUMINESCENCE","WEST PHOENIX","3847 W EARLL DR-WEST PHOENIX STATION","Arizona","Maricopa","Phoenix","Phoenix-Mesa-Scottsdale, AZ","2024-05-22"
"04","013","0019","42602",1,33.48378,-112.14256,"NAD83","Nitrogen dioxide (NO2)","1 HOUR","NO2 1-hour 2010","2019-02-06","Parts per billion","None",23,96.0,5.913043,19,23,18,"099","INSTRUMENTAL - GAS PHASE CHEMILUMINESCENCE","WEST PHOENIX","3847 W EARLL DR-WEST PHOENIX STATION","Arizona","Maricopa","Phoenix","Phoenix-Mesa-Scottsdale, AZ","2024-05-22"
"04","013","0019","42602",1,33.48378,-112.14256,"NAD83","Nitrogen dioxide (NO2)","1 HOUR","NO2 1-hour 2010","2019-02-07","Parts per billion","None",24,100.0,17.375,35,19,33,"099","INSTRUMENTAL - GAS PHASE CHEMILUMINESCENCE","WEST PHOENIX","3847 W EARLL DR-WEST PHOENIX STATION","Arizona","Maricopa","Phoenix","Phoenix-Mesa-Scottsdale, AZ","2024-05-22"
"04","013","0019","42602",1,33.48378,-112.14256,"NAD83","Nitrogen dioxide (NO2)","1 HOUR","NO2 1-hour 2010","2019-02-08","Parts per billion","None",24,100.0,22.583333,42,19,40,"099","INSTRUMENTAL - GAS PHASE CHEMILUMINESCENCE","WEST PHOENIX","3847 W EARLL DR-WEST PHOENIX STATION","Arizona","Maricopa","Phoenix","Phoenix-Mesa-Scottsdale, AZ","2024-05-22"
"04","013","0019","42602",1,33.48378,-112.14256,"NAD83","Nitrogen dioxide (NO2)","1 HOUR","NO2 1-hour 2010","2019-02-09","Parts per billion","None",24,100.0,25.416667,34,21,32,"099","INSTRUMENTAL - GAS PHASE CHEMILUMINESCENCE","WEST PHOENIX","3847 W EARLL DR-WEST PHOENIX STATION","Arizona","Maricopa","Phoenix","Phoenix-Mesa-Scottsdale, AZ","2024-05-22"
"04","013","0019","42602",1,33.48378,-112.14256,"NAD83","Nitrogen dioxide (NO2)","1 HOUR","NO2 1-hour 2010","2019-02-10","Parts per billion","None",24,100.0,21.291667,39,20,37,"099","INSTRUMENTAL - GAS PHASE CHEMILUMINESCENCE","WEST PHOENIX","3847 W EARLL DR-WEST PHOENIX STATION","Arizona","Maricopa","Phoenix","Phoenix-Mesa-Scottsdale, AZ","2024-05-22"
"04","013","0019","42602",1,33.48378,-112.14256,"NAD83","Nitrogen dioxide (NO2)","1 HOUR","NO2 1-hour 2010","2019-02-11","Parts per billion","None",24,100.0,14.333333,38,20,36,"099","INSTRUMENTAL - GAS PHASE CHEMILUMINESCENCE","WEST PHOENIX","3847 W EARLL DR-WEST PHOENIX STATION","Arizona","Maricopa","Phoenix","Phoenix-Mesa-Scottsdale, AZ","2024-05-22"
"04","013","0019","42602",1,33.48378,-112.14256,"NAD83","Nitrogen dioxide (NO2)","1 HOUR","NO2 1-hour 2010","2019-02-12","Parts per billion","None",24,100.0,26.083333,45,19,42,"099","INSTRUMENTAL - GAS PHASE CHEMILUMINESCENCE","WEST PHOENIX","3847 W EARLL DR-WEST PHOENIX STATION","Arizona","Maricopa","Phoenix","Phoenix-Mesa-Scottsdale, AZ","2024-05-22"
"04","013","0019","42602",1,33.48378,-112.14256,"NAD83","Nitrogen dioxide (NO2)","1 HOUR","NO2 1-hour 2010","2019-02-13","Parts per billion","None",22,92.0,30.909091,43,18,41,"099","INSTRUMENTAL - GAS PHASE CHEMILUMINESCENCE","WEST PHOENIX","3847 W EARLL DR-WEST PHOENIX STATION","Arizona","Maricopa","Phoenix","Phoenix-Mesa-Scottsdale, AZ","2024-05-22"
"04","013","0019","42602",1,33.48378,-112.14256,"NAD83","Nitrogen dioxide (NO2)","1 HOUR","NO2 1-hour 2010","2019-02-14","Parts per billion","None",24,100.0,22.75,35,0,33,"099","INSTRUMENTAL - GAS PHASE CHEMILUMINESCENCE","WEST PHOENIX","3847 W EARLL DR-WEST PHOENIX STATION","Arizona","Maricopa","Phoenix","Phoenix-Mesa-Scottsdale, AZ","2024-05-22"
"04","013","0019","42602",1,33.48378,-112.14256,"NAD83","Nitrogen dioxide (NO2)","1 HOUR","NO2 1-hour 2010","2019-02-15","Parts per billion","None",24,100.0,13.166667,23,0,22,"099","INSTRUMENTAL - GAS PHASE CHEMILUMINESCENCE","WEST PHOENIX","3847 W EARLL DR-WEST PHOENIX STATION","Arizona","Maricopa","Phoenix","Phoenix-Mesa-Scottsdale, AZ","2024-05-22"
"04","013","0019","42602",1,33.48378,-112.14256,"NAD83","Nitrogen dioxide (NO2)","1 HOUR","NO2 1-hour 2010","2019-02-16","Parts per billion","None",24,100.0,9.75,21,0,20,"099","INSTRUMENTAL - GAS PHASE CHEMILUMINESCENCE","WEST PHOENIX","3847 W EARLL DR-WEST PHOENIX STATION","Arizona","Maricopa","Phoenix","Phoenix-Mesa-Scottsdale, AZ","2024-05-22"
"04","013","0019","42602",1,33.48378,-112.14256,"NAD83","Nitrogen dioxide (NO2)","1 HOUR","NO2 1-hour 2010","2019-02-17","Parts per billion","None",24,100.0,12.5,29,2,27,"099","INSTRUMENTAL - GAS PHASE CHEMILUMINESCENCE","WEST PHOENIX","3847 W EARLL DR-WEST PHOENIX STATION","Arizona","Maricopa","Phoenix","Phoenix-Mesa-Scottsdale, AZ","2024-05-22"
"04","013","0019","42602",1,33.48378,-112.14256,"NAD83","Nitrogen dioxide (NO2)","1 HOUR","NO2 1-hour 2010","2019-02-18","Parts per billion","None",24,100.0,6.083333,15,21,14,"099","INSTRUMENTAL - GAS PHASE CHEMILUMINESCENCE","WEST PHOENIX","3847 W EARLL DR-WEST PHOENIX STATION","Arizona","Maricopa","Phoenix","Phoenix-Mesa-Scottsdale, AZ","2024-05-22"
"04","013","0019","42602",1,33.48378,-112.14256,"NAD83","Nitrogen dioxide (NO2)","1 HOUR","NO2 1-hour 2010","2019-02-19","Parts per billion","None",21,88.0,13.47619,30,23,28,"099","INSTRUMENTAL - GAS PHASE CHEMILUMINESCENCE","WEST PHOENIX","3847 W EARLL DR-WEST PHOENIX STATION","Arizona","Maricopa","Phoenix","Phoenix-Mesa-Scottsdale, AZ","2024-05-22"
"04","013","0019","42602",1,33.48378,-112.14256,"NAD83","Nitrogen dioxide (NO2)","1 HOUR","NO2 1-hour 2010","2019-02-20","Parts per billion","None",22,92.0,17.181818,29,0,27,"099","INSTRUMENTAL - GAS PHASE CHEMILUMINESCENCE","WEST PHOENIX","3847 W EARLL DR-WEST PHOENIX STATION","Arizona","Maricopa","Phoenix","Phoenix-Mesa-Scottsdale, AZ","2024-05-22"
"04","013","0019","42602",1,33.48378,-112.14256,"NAD83","Nitrogen dioxide (NO2)","1 HOUR","NO2 1-hour 2010","2019-02-21","Parts per billion","None",24,100.0,11.791667,21,1,20,"099","INSTRUMENTAL - GAS PHASE CHEMILUMINESCENCE","WEST PHOENIX","3847 W EARLL DR-WEST PHOENIX STATION","Arizona","Maricopa","Phoenix","Phoenix-Mesa-Scottsdale, AZ","2024-05-22"
"04","013","0019","42602",1,33.48378,-112.14256,"NAD83","Nitrogen dioxide (NO2)","1 HOUR","NO2 1-hour 2010","2019-02-22","Parts per billion","None",24,100.0,12.083333,26,21,25,"099","INSTRUMENTAL - GAS PHASE CHEMILUMINESCENCE","WEST PHOENIX","3847 W EARLL DR-WEST PHOENIX STATION","Arizona","Maricopa","Phoenix","Phoenix-Mesa-Scottsdale, AZ","2024-05-22"
"04","013","0019","42602",1,33.48378,-112.14256,"NAD83","Nitrogen dioxide (NO2)","1 HOUR","NO2 1-hour 2010","2019-02-23","Parts per billion","None",24,100.0,16.125,36,21,34,"099","INSTRUMENTAL - GAS PHASE CHEMILUMINESCENCE","WEST PHOENIX","3847 W EARLL DR-WEST PHOENIX STATION","Arizona","Maricopa","Phoenix","Phoenix-Mesa-Scottsdale, AZ","2024-05-22"
"04","013","0019","42602",1,33.48378,-112.14256,"NAD83","Nitrogen dioxide (NO2)","1 HOUR","NO2 1-hour 2010","2019-02-24","Parts per billion","None",24,100.0,15.208333,36,21,34,"099","INSTRUMENTAL - GAS PHASE CHEMILUMINESCENCE","WEST PHOENIX","3847 W EARLL DR-WEST PHOENIX STATION","Arizona","Maricopa","Phoenix","Phoenix-Mesa-Scottsdale, AZ","2024-05-22"
"04","013","0019","42602",1,33.48378,-112.14256,"NAD83","Nitrogen dioxide (NO2)","1 HOUR","NO2 1-hour 2010","2019-02-25","Parts per billion","None",24,100.0,24.708333,44,19,42,"099","INSTRUMENTAL - GAS PHASE CHEMILUMINESCENCE","WEST PHOENIX","3847 W EARLL DR-WEST PHOENIX STATION","Arizona","Maricopa","Phoenix","Phoenix-Mesa-Scottsdale, AZ","2024-05-22"
"04","013","0019","42602",1,33.48378,-112.14256,"NAD83","Nitrogen dioxide (NO2)","1 HOUR","NO2 1-hour 2010","2019-02-26","Parts per billion","None",24,100.0,26.416667,45,19,42,"099","INSTRUMENTAL - GAS PHASE CHEMILUMINESCENCE","WEST PHOENIX","3847 W EARLL DR-WEST PHOENIX STATION","Arizona","Maricopa","Phoenix","Phoenix-Mesa-Scottsdale, AZ","2024-05-22"
"04","013","0019","42602",1,33.48378,-112.14256,"NAD83","Nitrogen dioxide (NO2)","1 HOUR","NO2 1-hour 2010","2019-02-27","Parts per billion","None",22,92.0,26.636364,47,20,44,"099","INSTRUMENTAL - GAS PHASE CHEMILUMINESCENCE","WEST PHOENIX","3847 W EARLL DR-WEST PHOENIX STATION","Arizona","Maricopa","Phoenix","Phoenix-Mesa-Scottsdale, AZ","2024-05-22"
"04","013","0019","42602",1,33.48378,-112.14256,"NAD83","Nitrogen dioxide (NO2)","1 HOUR","NO2 1-hour 2010","2019-02-28","Parts per billion","None",24,100.0,24.75,41,20,39,"099","INSTRUMENTAL - GAS PHASE CHEMILUMINESCENCE","WEST PHOENIX","3847 W EARLL DR-WEST PHOENIX STATION","Arizona","Maricopa","Phoenix","Phoenix-Mesa-Scottsdale, AZ","2024-05-22"
"04","013","0019","42602",1,33.48378,-112.14256,"NAD83","Nitrogen dioxide (NO2)","1 HOUR","NO2 1-hour 2010","2019-03-01","Parts per billion","None",24,100.0,21.166667,39,0,37,"099","INSTRUMENTAL - GAS PHASE CHEMILUMINESCENCE","WEST PHOENIX","3847 W EARLL DR-WEST PHOENIX STATION","Arizona","Maricopa","Phoenix","Phoenix-Mesa-Scottsdale, AZ","2024-05-22"
"04","013","0019","42602",1,33.48378,-112.14256,"NAD83","Nitrogen dioxide (NO2)","1 HOUR","NO2 1-hour 2010","2019-03-02","Parts per billion","None",24,100.0,17.875,37,20,35,"099","INSTRUMENTAL - GAS PHASE CHEMILUMINESCENCE","WEST PHOENIX","3847 W EARLL DR-WEST PHOENIX STATION","Arizona","Maricopa","Phoenix","Phoenix-Mesa-Scottsdale, AZ","2024-05-22"
"04","013","0019","42602",1,33.48378,-112.14256,"NAD83","Nitrogen dioxide (NO2)","1 HOUR","NO2 1-hour 2010","2019-03-03","Parts per billion","None",24,100.0,16.25,36,21,34,"099","INSTRUMENTAL - GAS PHASE CHEMILUMINESCENCE","WEST PHOENIX","3847 W EARLL DR-WEST PHOENIX STATION","Arizona","Maricopa","Phoenix","Phoenix-Mesa-Scottsdale, AZ","2024-05-22"
"04","013","0019","42602",1,33.48378,-112.14256,"NAD83","Nitrogen dioxide (NO2)","1 HOUR","NO2 1-hour 2010","2019-03-04","Parts per billion","None",24,100.0,21.083333,38,20,36,"099","INSTRUMENTAL - GAS PHASE CHEMILUMINESCENCE","WEST PHOENIX","3847 W EARLL DR-WEST PHOENIX STATION","Arizona","Maricopa","Phoenix","Phoenix-Mesa-Scottsdale, AZ","2024-05-22"
"04","013","0019","42602",1,33.48378,-112.14256,"NAD83","Nitrogen dioxide (NO2)","1 HOUR","NO2 1-hour 2010","2019-03-05","Parts per billion","None",22,92.0,27.136364,47,20,44,"099","INSTRUMENTAL - GAS PHASE CHEMILUMINESCENCE","WEST PHOENIX","3847 W EARLL DR-WEST PHOENIX STATION","Arizona","Maricopa","Phoenix","Phoenix-Mesa-Scottsdale, AZ","2024-05-22"
"04","013","0019","42602",1,33.48378,-112.14256,"NAD83","Nitrogen dioxide (NO2)","1 HOUR","NO2 1-hour 2010","2019-03-06","Parts per billion","None",23,96.0,17.478261,40,0,38,"099","INSTRUMENTAL - GAS PHASE CHEMILUMINESCENCE","WEST PHOENIX","3847 W EARLL DR-WEST PHOENIX STATION","Arizona","Maricopa","Phoenix","Phoenix-Mesa-Scottsdale, AZ","2024-05-22"
"04","013","0019","42602",1,33.48378,-112.14256,"NAD83","Nitrogen dioxide (NO2)","1 HOUR","NO2 1-hour 2010","2019-03-07","Parts per billion","None",24,100.0,18.833333,32,8,30,"099","INSTRUMENTAL - GAS PHASE CHEMILUMINESCENCE","WEST PHOENIX","3847 W EARLL DR-WEST PHOENIX STATION","Arizona","Maricopa","Phoenix","Phoenix-Mesa-Scottsdale, AZ","2024-05-22"
"04","013","0019","42602",1,33.48378,-112.14256,"NAD83","Nitrogen dioxide (NO2)","1 HOUR","NO2 1-hour 2010","2019-03-08","Parts per billion","None",24,100.0,7.291667,19,0,18,"099","INSTRUMENTAL - GAS PHASE CHEMILUMINESCENCE","WEST PHOENIX","3847 W EARLL DR-WEST PHOENIX STATION","Arizona","Maricopa","Phoenix","Phoenix-Mesa-Scottsdale, AZ","2024-05-22"
"04","013","0019","42602",1,33.48378,-112.14256,"NAD83","Nitrogen dioxide (NO2)","1 HOUR","NO2 1-hour 2010","2019-03-09","Parts per billion","None",24,100.0,13.375,35,21,33,"099","INSTRUMENTAL - GAS PHASE CHEMILUMINESCENCE","WEST PHOENIX","3847 W EARLL DR-WEST PHOENIX STATION","Arizona","Maricopa","Phoenix","Phoenix-Mesa-Scottsdale, AZ","2024-05-22"
"04","013","0019","42602",1,33.48378,-112.14256,"NAD83","Nitrogen dioxide (NO2)","1 HOUR","NO2 1-hour 2010","2019-03-10","Parts per billion","None",24,100.0,14.208333,34,0,32,"099","INSTRUMENTAL - GAS PHASE CHEMILUMINESCENCE","WEST PHOENIX","3847 W EARLL DR-WEST PHOENIX STATION","Arizona","Maricopa","Phoenix","Phoenix-Mesa-Scottsdale, AZ","2024-05-22"
"04","013","0019","42602",1,33.48378,-112.14256,"NAD83","Nitrogen dioxide (NO2)","1 HOUR","NO2 1-hour 2010","2019-03-11","Parts per billion","None",24,100.0,11.583333,31,6,29,"099","INSTRUMENTAL - GAS PHASE CHEMILUMINESCENCE","WEST PHOENIX","3847 W EARLL DR-WEST PHOENIX STATION","Arizona","Maricopa","Phoenix","Phoenix-Mesa-Scottsdale, AZ","2024-05-22"
"04","013","0019","42602",1,33.48378,-112.14256,"NAD83","Nitrogen dioxide (NO2)","1 HOUR","NO2 1-hour 2010","2019-03-12","Parts per billion","None",24,100.0,7.958333,14,7,13,"099","INSTRUMENTAL - GAS PHASE CHEMILUMINESCENCE","WEST PHOENIX","3847 W EARLL DR-WEST PHOENIX STATION","Arizona","Maricopa","Phoenix","Phoenix-Mesa-Scottsdale, AZ","2024-05-22"
"04","013","0019","42602",1,33.48378,-112.14256,"NAD83","Nitrogen dioxide (NO2)","1 HOUR","NO2 1-hour 2010","2019-03-13","Parts per billion","None",21,88.0,5,11,22,10,"099","INSTRUMENTAL - GAS PHASE CHEMILUMINESCENCE","WEST PHOENIX","3847 W EARLL DR-WEST PHOENIX STATION","Arizona","Maricopa","Phoenix","Phoenix-Mesa-Scottsdale, AZ","2024-05-22"
"04","013","0019","42602",1,33.48378,-112.14256,"NAD83","Nitrogen dioxide (NO2)","1 HOUR","NO2 1-hour 2010","2019-03-14","Parts per billion","None",24,100.0,14.291667,36,20,34,"099","INSTRUMENTAL - GAS PHASE CHEMILUMINESCENCE","WEST PHOENIX","3847 W EARLL DR-WEST PHOENIX STATION","Arizona","Maricopa","Phoenix","Phoenix-Mesa-Scottsdale, AZ","2024-05-22"
"04","013","0019","42602",1,33.48378,-112.14256,"NAD83","Nitrogen dioxide (NO2)","1 HOUR","NO2 1-hour 2010","2019-03-15","Parts per billion","None",24,100.0,11.625,33,6,31,"099","INSTRUMENTAL - GAS PHASE CHEMILUMINESCENCE","WEST PHOENIX","3847 W EARLL DR-WEST PHOENIX STATION","Arizona","Maricopa","Phoenix","Phoenix-Mesa-Scottsdale, AZ","2024-05-22"
"04","013","0019","42602",1,33.48378,-112.14256,"NAD83","Nitrogen dioxide (NO2)","1 HOUR","NO2 1-hour 2010","2019-03-16","Parts per billion","None",24,100.0,9.208333,30,7,28,"099","INSTRUMENTAL - GAS PHASE CHEMILUMINESCENCE","WEST PHOENIX","3847 W EARLL DR-WEST PHOENIX STATION","Arizona","Maricopa","Phoenix","Phoenix-Mesa-Scottsdale, AZ","2024-05-22"
"04","013","0019","42602",1,33.48378,-112.14256,"NAD83","Nitrogen dioxide (NO2)","1 HOUR","NO2 1-hour 2010","2019-03-17","Parts per billion","None",24,100.0,10.166667,37,20,35,"099","INSTRUMENTAL - GAS PHASE CHEMILUMINESCENCE","WEST PHOENIX","3847 W EARLL DR-WEST PHOENIX STATION","Arizona","Maricopa","Phoenix","Phoenix-Mesa-Scottsdale, AZ","2024-05-22"
"04","013","0019","42602",1,33.48378,-112.14256,"NAD83","Nitrogen dioxide (NO2)","1 HOUR","NO2 1-hour 2010","2019-03-18","Parts per billion","None",24,100.0,19.833333,41,20,39,"099","INSTRUMENTAL - GAS PHASE CHEMILUMINESCENCE","WEST PHOENIX","3847 W EARLL DR-WEST PHOENIX STATION","Arizona","Maricopa","Phoenix","Phoenix-Mesa-Scottsdale, AZ","2024-05-22"
"04","013","0019","42602",1,33.48378,-112.14256,"NAD83","Nitrogen dioxide (NO2)","1 HOUR","NO2 1-hour 2010","2019-03-19","Parts per billion","None",22,92.0,23.136364,41,22,39,"099","INSTRUMENTAL - GAS PHASE CHEMILUMINESCENCE","WEST PHOENIX","3847 W EARLL DR-WEST PHOENIX STATION","Arizona","Maricopa","Phoenix","Phoenix-Mesa-Scottsdale, AZ","2024-05-22"
"04","013","0019","42602",1,33.48378,-112.14256,"NAD83","Nitrogen dioxide (NO2)","1 HOUR","NO2 1-hour 2010","2019-03-20","Parts per billion","None",21,88.0,13.190476,33,0,31,"099","INSTRUMENTAL - GAS PHASE CHEMILUMINESCENCE","WEST PHOENIX","3847 W EARLL DR-WEST PHOENIX STATION","Arizona","Maricopa","Phoenix","Phoenix-Mesa-Scottsdale, AZ","2024-05-22"
"04","013","0019","42602",1,33.48378,-112.14256,"NAD83","Nitrogen dioxide (NO2)","1 HOUR","NO2 1-hour 2010","2019-03-21","Parts per billion","None",24,100.0,9.416667,33,21,31,"099","INSTRUMENTAL - GAS PHASE CHEMILUMINESCENCE","WEST PHOENIX","3847 W EARLL DR-WEST PHOENIX STATION","Arizona","Maricopa","Phoenix","Phoenix-Mesa-Scottsdale, AZ","2024-05-22"
"04","013","0019","42602",1,33.48378,-112.14256,"NAD83","Nitrogen dioxide (NO2)","1 HOUR","NO2 1-hour 2010","2019-03-22","Parts per billion","None",24,100.0,14.75,41,21,39,"099","INSTRUMENTAL - GAS PHASE CHEMILUMINESCENCE","WEST PHOENIX","3847 W EARLL DR-WEST PHOENIX STATION","Arizona","Maricopa","Phoenix","Phoenix-Mesa-Scottsdale, AZ","2024-05-22"
"04","013","0019","42602",1,33.48378,-112.14256,"NAD83","Nitrogen dioxide (NO2)","1 HOUR","NO2 1-hour 2010","2019-03-23","Parts per billion","None",24,100.0,18.541667,39,21,37,"099","INSTRUMENTAL - GAS PHASE CHEMILUMINESCENCE","WEST PHOENIX","3847 W EARLL DR-WEST PHOENIX STATION","Arizona","Maricopa","Phoenix","Phoenix-Mesa-Scottsdale, AZ","2024-05-22"
"04","013","0019","42602",1,33.48378,-112.14256,"NAD83","Nitrogen dioxide (NO2)","1 HOUR","NO2 1-hour 2010","2019-03-24","Parts per billion","None",24,100.0,14.416667,43,22,41,"099","INSTRUMENTAL - GAS PHASE CHEMILUMINESCENCE","WEST PHOENIX","3847 W EARLL DR-WEST PHOENIX STATION","Arizona","Maricopa","Phoenix","Phoenix-Mesa-Scottsdale, AZ","2024-05-22"
"04","013","0019","42602",1,33.48378,-112.14256,"NAD83","Nitrogen dioxide (NO2)","1 HOUR","NO2 1-hour 2010","2019-03-25","Parts per billion","None",24,100.0,23,42,0,40,"099","INSTRUMENTAL - GAS PHASE CHEMILUMINESCENCE","WEST PHOENIX","3847 W EARLL DR-WEST PHOENIX STATION","Arizona","Maricopa","Phoenix","Phoenix-Mesa-Scottsdale, AZ","2024-05-22"
"04","013","0019","42602",1,33.48378,-112.14256,"NAD83","Nitrogen dioxide (NO2)","1 HOUR","NO2 1-hour 2010","2019-03-26","Parts per billion","None",24,100.0,21.291667,48,21,45,"099","INSTRUMENTAL - GAS PHASE CHEMILUMINESCENCE","WEST PHOENIX","3847 W EARLL DR-WEST PHOENIX STATION","Arizona","Maricopa","Phoenix","Phoenix-Mesa-Scottsdale, AZ","2024-05-22"
"04","013","0019","42602",1,33.48378,-112.14256,"NAD83","Nitrogen dioxide (NO2)","1 HOUR","NO2 1-hour 2010","2019-03-27","Parts per billion","None",24,100.0,29.625,51,20,48,"099","INSTRUMENTAL - GAS PHASE CHEMILUMINESCENCE","WEST PHOENIX","3847 W EARLL DR-WEST PHOENIX STATION","Arizona","Maricopa","Phoenix","Phoenix-Mesa-Scottsdale, AZ","2024-05-22"
"04","013","0019","42602",1,33.48378,-112.14256,"NAD83","Nitrogen dioxide (NO2)","1 HOUR","NO2 1-hour 2010","2019-03-28","Parts per billion","None",22,92.0,22.545455,39,0,37,"099","INSTRUMENTAL - GAS PHASE CHEMILUMINESCENCE","WEST PHOENIX","3847 W EARLL DR-WEST PHOENIX STATION","Arizona","Maricopa","Phoenix","Phoenix-Mesa-Scottsdale, AZ","2024-05-22"
"04","013","0019","42602",1,33.48378,-112.14256,"NAD83","Nitrogen dioxide (NO2)","1 HOUR","NO2 1-hour 2010","2019-03-29","Parts per billion","None",24,100.0,15.666667,34,6,32,"099","INSTRUMENTAL - GAS PHASE CHEMILUMINESCENCE","WEST PHOENIX","3847 W EARLL DR-WEST PHOENIX STATION","Arizona","Maricopa","Phoenix","Phoenix-Mesa-Scottsdale, AZ","2024-05-22"
"04","013","0019","42602",1,33.48378,-112.14256,"NAD83","Nitrogen dioxide (NO2)","1 HOUR","NO2 1-hour 2010","2019-03-30","Parts per billion","None",24,100.0,14.958333,36,20,34,"099","INSTRUMENTAL - GAS PHASE CHEMILUMINESCENCE","WEST PHOENIX","3847 W EARLL DR-WEST PHOENIX STATION","Arizona","Maricopa","Phoenix","Phoenix-Mesa-Scottsdale, AZ","2024-05-22"
"04","013","0019","42602",1,33.48378,-112.14256,"NAD83","Nitrogen dioxide (NO2)","1 HOUR","NO2 1-hour 2010","2019-03-31","Parts per billion","None",24,100.0,15.25,46,22,43,"099","INSTRUMENTAL - GAS PHASE CHEMILUMINESCENCE","WEST PHOENIX","3847 W EARLL DR-WEST PHOENIX STATION","Arizona","Maricopa","Phoenix","Phoenix-Mesa-Scottsdale, AZ","2024-05-22"
"04","013","0019","42602",1,33.48378,-112.14256,"NAD83","Nitrogen dioxide (NO2)","1 HOUR","NO2 1-hour 2010","2019-04-01","Parts per billion","None",24,100.0,21,49,21,46,"099","INSTRUMENTAL - GAS PHASE CHEMILUMINESCENCE","WEST PHOENIX","3847 W EARLL DR-WEST PHOENIX STATION","Arizona","Maricopa","Phoenix","Phoenix-Mesa-Scottsdale, AZ","2024-05-22"
"04","013","0019","42602",1,33.48378,-112.14256,"NAD83","Nitrogen dioxide (NO2)","1 HOUR","NO2 1-hour 2010","2019-04-02","Parts per billion","None",21,88.0,14.333333,36,0,34,"099","INSTRUMENTAL - GAS PHASE CHEMILUMINESCENCE","WEST PHOENIX","3847 W EARLL DR-WEST PHOENIX STATION","Arizona","Maricopa","Phoenix","Phoenix-Mesa-Scottsdale, AZ","2024-05-22"
"04","013","0019","42602",1,33.48378,-112.14256,"NAD83","Nitrogen dioxide (NO2)","1 HOUR","NO2 1-hour 2010","2019-04-03","Parts per billion","None",23,96.0,11.652174,38,22,36,"099","INSTRUMENTAL - GAS PHASE CHEMILUMINESCENCE","WEST PHOENIX","3847 W EARLL DR-WEST PHOENIX STATION","Arizona","Maricopa","Phoenix","Phoenix-Mesa-Scottsdale, AZ","2024-05-22"
"04","013","0019","42602",1,33.48378,-112.14256,"NAD83","Nitrogen dioxide (NO2)","1 HOUR","NO2 1-hour 2010","2019-04-04","Parts per billion","None",24,100.0,14.625,34,0,32,"099","INSTRUMENTAL - GAS PHASE CHEMILUMINESCENCE","WEST PHOENIX","3847 W EARLL DR-WEST PHOENIX STATION","Arizona","Maricopa","Phoenix","Phoenix-Mesa-Scottsdale, AZ","2024-05-22"
"04","013","0019","42602",1,33.48378,-112.14256,"NAD83","Nitrogen dioxide (NO2)","1 HOUR","NO2 1-hour 2010","2019-04-05","Parts per billion","None",24,100.0,14.541667,36,8,34,"099","INSTRUMENTAL - GAS PHASE CHEMILUMINESCENCE","WEST PHOENIX","3847 W EARLL DR-WEST PHOENIX STATION","Arizona","Maricopa","Phoenix","Phoenix-Mesa-Scottsdale, AZ","2024-05-22"
"04","013","0019","42602",1,33.48378,-112.14256,"NAD83","Nitrogen dioxide (NO2)","1 HOUR","NO2 1-hour 2010","2019-04-06","Parts per billion","None",24,100.0,8,33,23,31,"099","INSTRUMENTAL - GAS PHASE CHEMILUMINESCENCE","WEST PHOENIX","3847 W EARLL DR-WEST PHOENIX STATION","Arizona","Maricopa","Phoenix","Phoenix-Mesa-Scottsdale, AZ","2024-05-22"
"04","013","0019","42602",1,33.48378,-112.14256,"NAD83","Nitrogen dioxide (NO2)","1 HOUR","NO2 1-hour 2010","2019-04-07","Parts per billion","None",24,100.0,10.708333,26,22,25,"099","INSTRUMENTAL - GAS PHASE CHEMILUMINESCENCE","WEST PHOENIX","3847 W EARLL DR-WEST PHOENIX STATION","Arizona","Maricopa","Phoenix","Phoenix-Mesa-Scottsdale, AZ","2024-05-22"
"04","013","0019","42602",1,33.48378,-112.14256,"NAD83","Nitrogen dioxide (NO2)","1 HOUR","NO2 1-hour 2010","2019-04-08","Parts per billion","None",24,100.0,20.958333,45,20,42,"099","INSTRUMENTAL - GAS PHASE CHEMILUMINESCENCE","WEST PHOENIX","3847 W EARLL DR-WEST PHOENIX STATION","Arizona","Maricopa","Phoenix","Phoenix-Mesa-Scottsdale, AZ","2024-05-22"
"04","013","0019","42602",1,33.48378,-112.14256,"NAD83","Nitrogen dioxide (NO2)","1 HOUR","NO2 1-hour 2010","2019-04-09","Parts per billion","None",24,100.0,14.541667,32,5,30,"099","INSTRUMENTAL - GAS PHASE CHEMILUMINESCENCE","WEST PHOENIX","3847 W EARLL DR-WEST PHOENIX STATION","Arizona","Maricopa","Phoenix","Phoenix-Mesa-Scottsdale, AZ","2024-05-22"
"04","013","0019","42602",1,33.48378,-112.14256,"NAD83","Nitrogen dioxide (NO2)","1 HOUR","NO2 1-hour 2010","2019-04-10","Parts per billion","None",22,92.0,3.863636,11,6,10,"099","INSTRUMENTAL - GAS PHASE CHEMILUMINESCENCE","WEST PHOENIX","3847 W EARLL DR-WEST PHOENIX STATION","Arizona","Maricopa","Phoenix","Phoenix-Mesa-Scottsdale, AZ","2024-05-22"
"04","013","0019","42602",1,33.48378,-112.14256,"NAD83","Nitrogen dioxide (NO2)","1 HOUR","NO2 1-hour 2010","2019-04-11","Parts per billion","None",24,100.0,6.125,25,6,24,"099","INSTRUMENTAL - GAS PHASE CHEMILUMINESCENCE","WEST PHOENIX","3847 W EARLL DR-WEST PHOENIX STATION","Arizona","Maricopa","Phoenix","Phoenix-Mesa-Scottsdale, AZ","2024-05-22"
"04","013","0019","42602",1,33.48378,-112.14256,"NAD83","Nitrogen dioxide (NO2)","1 HOUR","NO2 1-hour 2010","2019-04-12","Parts per billion","None",24,100.0,5.041667,12,21,11,"099","INSTRUMENTAL - GAS PHASE CHEMILUMINESCENCE","WEST PHOENIX","3847 W EARLL DR-WEST PHOENIX STATION","Arizona","Maricopa","Phoenix","Phoenix-Mesa-Scottsdale, AZ","2024-05-22"
"04","013","0019","42602",1,33.48378,-112.14256,"NAD83","Nitrogen dioxide (NO2)","1 HOUR","NO2 1-hour 2010","2019-04-13","Parts per billion","None",24,100.0,14.333333,40,21,38,"099","INSTRUMENTAL - GAS PHASE CHEMILUMINESCENCE","WEST PHOENIX","3847 W EARLL DR-WEST PHOENIX STATION","Arizona","Maricopa","Phoenix","Phoenix-Mesa-Scottsdale, AZ","2024-05-22"
"04","013","0019","42602",1,33.48378,-112.14256,"NAD83","Nitrogen dioxide (NO2)","1 HOUR","NO2 1-hour 2010","2019-04-14","Parts per billion","None",24,100.0,13.125,38,0,36,"099","INSTRUMENTAL - GAS PHASE CHEMILUMINESCENCE","WEST PHOENIX","3847 W EARLL DR-WEST PHOENIX STATION","Arizona","Maricopa","Phoenix","Phoenix-Mesa-Scottsdale, AZ","2024-05-22"
"04","013","0019","42602",1,33.48378,-112.14256,"NAD83","Nitrogen dioxide (NO2)","1 HOUR","NO2 1-hour 2010","2019-04-15","Parts per billion","None",24,100.0,14.333333,41,0,39,"099","INSTRUMENTAL - GAS PHASE CHEMILUMINESCENCE","WEST PHOENIX","3847 W EARLL DR-WEST PHOENIX STATION","Arizona","Maricopa","Phoenix","Phoenix-Mesa-Scottsdale, AZ","2024-05-22"
"04","013","0019","42602",1,33.48378,-112.14256,"NAD83","Nitrogen dioxide (NO2)","1 HOUR","NO2 1-hour 2010","2019-04-16","Parts per billion","None",24,100.0,7.666667,25,6,24,"099","INSTRUMENTAL - GAS PHASE CHEMILUMINESCENCE","WEST PHOENIX","3847 W EARLL DR-WEST PHOENIX STATION","Arizona","Maricopa","Phoenix","Phoenix-Mesa-Scottsdale, AZ","2024-05-22"
"04","013","0019","42602",1,33.48378,-112.14256,"NAD83","Nitrogen dioxide (NO2)","1 HOUR","NO2 1-hour 2010","2019-04-17","Parts per billion","None",22,92.0,8.5,29,23,27,"099","INSTRUMENTAL - GAS PHASE CHEMILUMINESCENCE","WEST PHOENIX","3847 W EARLL DR-WEST PHOENIX STATION","Arizona","Maricopa","Phoenix","Phoenix-Mesa-Scottsdale, AZ","2024-05-22"
"04","013","0019","42602",1,33.48378,-112.14256,"NAD83","Nitrogen dioxide (NO2)","1 HOUR","NO2 1-hour 2010","2019-04-18","Parts per billion","None",21,88.0,20.952381,44,21,42,"099","INSTRUMENTAL - GAS PHASE CHEMILUMINESCENCE","WEST PHOENIX","3847 W EARLL DR-WEST PHOENIX STATION","Arizona","Maricopa","Phoenix","Phoenix-Mesa-Scottsdale, AZ","2024-05-22"
"04","013","0019","42602",1,33.48378,-112.14256,"NAD83","Nitrogen dioxide (NO2)","1 HOUR","NO2 1-hour 2010","2019-04-19","Parts per billion","None",24,100.0,21.291667,43,21,41,"099","INSTRUMENTAL - GAS PHASE CHEMILUMINESCENCE","WEST PHOENIX","3847 W EARLL DR-WEST PHOENIX STATION","Arizona","Maricopa","Phoenix","Phoenix-Mesa-Scottsdale, AZ","2024-05-22"
"04","013","0019","42602",1,33.48378,-112.14256,"NAD83","Nitrogen dioxide (NO2)","1 HOUR","NO2 1-hour 2010","2019-04-20","Parts per billion","None",24,100.0,11.833333,38,2,36,"099","INSTRUMENTAL - GAS PHASE CHEMILUMINESCENCE","WEST PHOENIX","3847 W EARLL DR-WEST PHOENIX STATION","Arizona","Maricopa","Phoenix","Phoenix-Mesa-Scottsdale, AZ","2024-05-22"
"04","013","0019","42602",1,33.48378,-112.14256,"NAD83","Nitrogen dioxide (NO2)","1 HOUR","NO2 1-hour 2010","2019-04-21","Parts per billion","None",24,100.0,4.5,12,23,11,"099","INSTRUMENTAL - GAS PHASE CHEMILUMINESCENCE","WEST PHOENIX","3847 W EARLL DR-WEST PHOENIX STATION","Arizona","Maricopa","Phoenix","Phoenix-Mesa-Scottsdale, AZ","2024-05-22"
"04","013","0019","42602",1,33.48378,-112.14256,"NAD83","Nitrogen dioxide (NO2)","1 HOUR","NO2 1-hour 2010","2019-04-22","Parts per billion","None",24,100.0,14.416667,34,22,32,"099","INSTRUMENTAL - GAS PHASE CHEMILUMINESCENCE","WEST PHOENIX","3847 W EARLL DR-WEST PHOENIX STATION","Arizona","Maricopa","Phoenix","Phoenix-Mesa-Scottsdale, AZ","2024-05-22"
"04","013","0019","42602",1,33.48378,-112.14256,"NAD83","Nitrogen dioxide (NO2)","1 HOUR","NO2 1-hour 2010","2019-04-23","Parts per billion","None",24,100.0,14.666667,29,6,27,"099","INSTRUMENTAL - GAS PHASE CHEMILUMINESCENCE","WEST PHOENIX","3847 W EARLL DR-WEST PHOENIX STATION","Arizona","Maricopa","Phoenix","Phoenix-Mesa-Scottsdale, AZ","2024-05-22"
"04","013","0019","42602",1,33.48378,-112.14256,"NAD83","Nitrogen dioxide (NO2)","1 HOUR","NO2 1-hour 2010","2019-04-24","Parts per billion","None",22,92.0,13.772727,32,5,30,"099","INSTRUMENTAL - GAS PHASE CHEMILUMINESCENCE","WEST PHOENIX","3847 W EARLL DR-WEST PHOENIX STATION","Arizona","Maricopa","Phoenix","Phoenix-Mesa-Scottsdale, AZ","2024-05-22"
"04","013","0019","42602",1,33.48378,-112.14256,"NAD83","Nitrogen dioxide (NO2)","1 HOUR","NO2 1-hour 2010","2019-04-25","Parts per billion","None",24,100.0,19.625,45,22,42,"099","INSTRUMENTAL - GAS PHASE CHEMILUMINESCENCE","WEST PHOENIX","3847 W EARLL DR-WEST PHOENIX STATION","Arizona","Maricopa","Phoenix","Phoenix-Mesa-Scottsdale, AZ","2024-05-22"
"04","013","0019","42602",1,33.48378,-112.14256,"NAD83","Nitrogen dioxide (NO2)","1 HOUR","NO2 1-hour 2010","2019-04-26","Parts per billion","None",24,100.0,11.958333,32,6,30,"099","INSTRUMENTAL - GAS PHASE CHEMILUMINESCENCE","WEST PHOENIX","3847 W EARLL DR-WEST PHOENIX STATION","Arizona","Maricopa","Phoenix","Phoenix-Mesa-Scottsdale, AZ","2024-05-22"
"04","013","0019","42602",1,33.48378,-112.14256,"NAD83","Nitrogen dioxide (NO2)","1 HOUR","NO2 1-hour 2010","2019-04-27","Parts per billion","None",24,100.0,8.875,18,20,17,"099","INSTRUMENTAL - GAS PHASE CHEMILUMINESCENCE","WEST PHOENIX","3847 W EARLL DR-WEST PHOENIX STATION","Arizona","Maricopa","Phoenix","Phoenix-Mesa-Scottsdale, AZ","2024-05-22"
"04","013","0019","42602",1,33.48378,-112.14256,"NAD83","Nitrogen dioxide (NO2)","1 HOUR","NO2 1-hour 2010","2019-04-28","Parts per billion","None",24,100.0,6.666667,16,1,15,"099","INSTRUMENTAL - GAS PHASE CHEMILUMINESCENCE","WEST PHOENIX","3847 W EARLL DR-WEST PHOENIX STATION","Arizona","Maricopa","Phoenix","Phoenix-Mesa-Scottsdale, AZ","2024-05-22"
"04","013","0019","42602",1,33.48378,-112.14256,"NAD83","Nitrogen dioxide (NO2)","1 HOUR","NO2 1-hour 2010","2019-04-29","Parts per billion","None",21,88.0,8.52381,29,7,27,"099","INSTRUMENTAL - GAS PHASE CHEMILUMINESCENCE","WEST PHOENIX","3847 W EARLL DR-WEST PHOENIX STATION","Arizona","Maricopa","Phoenix","Phoenix-Mesa-Scottsdale, AZ","2024-05-22"
"04","013","0019","42602",1,33.48378,-112.14256,"NAD83","Nitrogen dioxide (NO2)","1 HOUR","NO2 1-hour 2010","2019-04-30","Parts per billion","None",24,100.0,8.166667,25,5,24,"099","INSTRUMENTAL - GAS PHASE CHEMILUMINESCENCE","WEST PHOENIX","3847 W EARLL DR-WEST PHOENIX STATION","Arizona","Maricopa","Phoenix","Phoenix-Mesa-Scottsdale, AZ","2024-05-22"
"04","013","0019","42602",1,33.48378,-112.14256,"NAD83","Nitrogen dioxide (NO2)","1 HOUR","NO2 1-hour 2010","2019-05-01","Parts per billion","None",22,92.0,11.045455,26,23,25,"099","INSTRUMENTAL - GAS PHASE CHEMILUMINESCENCE","WEST PHOENIX","3847 W EARLL DR-WEST PHOENIX STATION","Arizona","Maricopa","Phoenix","Phoenix-Mesa-Scottsdale, AZ","2024-05-22"
"04","013","0019","42602",1,33.48378,-112.14256,"NAD83","Nitrogen dioxide (NO2)","1 HOUR","NO2 1-hour 2010","2019-05-02","Parts per billion","None",24,100.0,15.708333,31,22,29,"099","INSTRUMENTAL - GAS PHASE CHEMILUMINESCENCE","WEST PHOENIX","3847 W EARLL DR-WEST PHOENIX STATION","Arizona","Maricopa","Phoenix","Phoenix-Mesa-Scottsdale, AZ","2024-05-22"
"04","013","0019","42602",1,33.48378,-112.14256,"NAD83","Nitrogen dioxide (NO2)","1 HOUR","NO2 1-hour 2010","2019-05-03","Parts per billion","None",24,100.0,19.875,44,21,42,"099","INSTRUMENTAL - GAS PHASE CHEMILUMINESCENCE","WEST PHOENIX","3847 W EARLL DR-WEST PHOENIX STATION","Arizona","Maricopa","Phoenix","Phoenix-Mesa-Scottsdale, AZ","2024-05-22"
"04","013","0019","42602",1,33.48378,-112.14256,"NAD83","Nitrogen dioxide (NO2)","1 HOUR","NO2 1-hour 2010","2019-05-04","Parts per billion","None",24,100.0,15.583333,42,21,40,"099","INSTRUMENTAL - GAS PHASE CHEMILUMINESCENCE","WEST PHOENIX","3847 W EARLL DR-WEST PHOENIX STATION","Arizona","Maricopa","Phoenix","Phoenix-Mesa-Scottsdale, AZ","2024-05-22"
"04","013","0019","42602",1,33.48378,-112.14256,"NAD83","Nitrogen dioxide (NO2)","1 HOUR","NO2 1-hour 2010","2019-05-05","Parts per billion","None",24,100.0,9.083333,29,0,27,"099","INSTRUMENTAL - GAS PHASE CHEMILUMINESCENCE","WEST PHOENIX","3847 W EARLL DR-WEST PHOENIX STATION","Arizona","Maricopa","Phoenix","Phoenix-Mesa-Scottsdale, AZ","2024-05-22"
"04","013","0019","42602",1,33.48378,-112.14256,"NAD83","Nitrogen dioxide (NO2)","1 HOUR","NO2 1-hour 2010","2019-05-06","Parts per billion","None",24,100.0,8.791667,21,6,20,"099","INSTRUMENTAL - GAS PHASE CHEMILUMINESCENCE","WEST PHOENIX","3847 W EARLL DR-WEST PHOENIX STATION","Arizona","Maricopa","Phoenix","Phoenix-Mesa-Scottsdale, AZ","2024-05-22"
"04","013","0019","42602",1,33.48378,-112.14256,"NAD83","Nitrogen dioxide (NO2)","1 HOUR","NO2 1-hour 2010","2019-05-07","Parts per billion","None",24,100.0,7.958333,35,23,33,"099","INSTRUMENTAL - GAS PHASE CHEMILUMINESCENCE","WEST PHOENIX","3847 W EARLL DR-WEST PHOENIX STATION","Arizona","Maricopa","Phoenix","Phoenix-Mesa-Scottsdale, AZ","2024-05-22"
"04","013","0019","42602",1,33.48378,-112.14256,"NAD83","Nitrogen dioxide (NO2)","1 HOUR","NO2 1-hour 2010","2019-05-08","Parts per billion","None",22,92.0,11.681818,29,0,27,"099","INSTRUMENTAL - GAS PHASE CHEMILUMINESCENCE","WEST PHOENIX","3847 W EARLL DR-WEST PHOENIX STATION","Arizona","Maricopa","Phoenix","Phoenix-Mesa-Scottsdale, AZ","2024-05-22"
"04","013","0019","42602",1,33.48378,-112.14256,"NAD83","Nitrogen dioxide (NO2)","1 HOUR","NO2 1-hour 2010","2019-05-09","Parts per billion","None",24,100.0,6.458333,21,5,20,"099","INSTRUMENTAL - GAS PHASE CHEMILUMINESCENCE","WEST PHOENIX","3847 W EARLL DR-WEST PHOENIX STATION","Arizona","Maricopa","Phoenix","Phoenix-Mesa-Scottsdale, AZ","2024-05-22"
"04","013","0019","42602",1,33.48378,-112.14256,"NAD83","Nitrogen dioxide (NO2)","1 HOUR","NO2 1-hour 2010","2019-05-10","Parts per billion","None",24,100.0,6.375,23,5,22,"099","INSTRUMENTAL - GAS PHASE CHEMILUMINESCENCE","WEST PHOENIX","3847 W EARLL DR-WEST PHOENIX STATION","Arizona","Maricopa","Phoenix","Phoenix-Mesa-Scottsdale, AZ","2024-05-22"
"04","013","0019","42602",1,33.48378,-112.14256,"NAD83","Nitrogen dioxide (NO2)","1 HOUR","NO2 1-hour 2010","2019-05-11","Parts per billion","None",24,100.0,3.666667,10,5,9,"099","INSTRUMENTAL - GAS PHASE CHEMILUMINESCENCE","WEST PHOENIX","3847 W EARLL DR-WEST PHOENIX STATION","Arizona","Maricopa","Phoenix","Phoenix-Mesa-Scottsdale, AZ","2024-05-22"
"04","013","0019","42602",1,33.48378,-112.14256,"NAD83","Nitrogen dioxide (NO2)","1 HOUR","NO2 1-hour 2010","2019-05-12","Parts per billion","None",24,100.0,3.5,10,23,9,"099","INSTRUMENTAL - GAS PHASE CHEMILUMINESCENCE","WEST PHOENIX","3847 W EARLL DR-WEST PHOENIX STATION","Arizona","Maricopa","Phoenix","Phoenix-Mesa-Scottsdale, AZ","2024-05-22"
"04","013","0019","42602",1,33.48378,-112.14256,"NAD83","Nitrogen dioxide (NO2)","1 HOUR","NO2 1-hour 2010","2019-05-13","Parts per billion","None",24,100.0,10.083333,33,22,31,"099","INSTRUMENTAL - GAS PHASE CHEMILUMINESCENCE","WEST PHOENIX","3847 W EARLL DR-WEST PHOENIX STATION","Arizona","Maricopa","Phoenix","Phoenix-Mesa-Scottsdale, AZ","2024-05-22"
"04","013","0019","42602",1,33.48378,-112.14256,"NAD83","Nitrogen dioxide (NO2)","1 HOUR","NO2 1-hour 2010","2019-05-14","Parts per billion","None",22,92.0,11.909091,25,22,24,"099","INSTRUMENTAL - GAS PHASE CHEMILUMINESCENCE","WEST PHOENIX","3847 W EARLL DR-WEST PHOENIX STATION","Arizona","Maricopa","Phoenix","Phoenix-Mesa-Scottsdale, AZ","2024-05-22"
"04","013","0019","42602",1,33.48378,-112.14256,"NAD83","Nitrogen dioxide (NO2)","1 HOUR","NO2 1-hour 2010","2019-05-15","Parts per billion","None",23,96.0,9.26087,29,5,27,"099","INSTRUMENTAL - GAS PHASE CHEMILUMINESCENCE","WEST PHOENIX","3847 W EARLL DR-WEST PHOENIX STATION","Arizona","Maricopa","Phoenix","Phoenix-Mesa-Scottsdale, AZ","2024-05-22"
"04","013","0019","42602",1,33.48378,-112.14256,"NAD83","Nitrogen dioxide (NO2)","1 HOUR","NO2 1-hour 2010","2019-05-16","Parts per billion","None",24,100.0,6.333333,28,7,26,"099","INSTRUMENTAL - GAS PHASE CHEMILUMINESCENCE","WEST PHOENIX","3847 W EARLL DR-WEST PHOENIX STATION","Arizona","Maricopa","Phoenix","Phoenix-Mesa-Scottsdale, AZ","2024-05-22"
"04","013","0019","42602",1,33.48378,-112.14256,"NAD83","Nitrogen dioxide (NO2)","1 HOUR","NO2 1-hour 2010","2019-05-17","Parts per billion","None",24,100.0,4.541667,13,22,12,"099","INSTRUMENTAL - GAS PHASE CHEMILUMINESCENCE","WEST PHOENIX","3847 W EARLL DR-WEST PHOENIX STATION","Arizona","Maricopa","Phoenix","Phoenix-Mesa-Scottsdale, AZ","2024-05-22"
"04","013","0019","42602",1,33.48378,-112.14256,"NAD83","Nitrogen dioxide (NO2)","1 HOUR","NO2 1-hour 2010","2019-05-18","Parts per billion","None",24,100.0,12.666667,35,22,33,"099","INSTRUMENTAL - GAS PHASE CHEMILUMINESCENCE","WEST PHOENIX","3847 W EARLL DR-WEST PHOENIX STATION","Arizona","Maricopa","Phoenix","Phoenix-Mesa-Scottsdale, AZ","2024-05-22"
"04","013","0019","42602",1,33.48378,-112.14256,"NAD83","Nitrogen dioxide (NO2)","1 HOUR","NO2 1-hour 2010","2019-05-19","Parts per billion","None",24,100.0,3.833333,9,0,8,"099","INSTRUMENTAL - GAS PHASE CHEMILUMINESCENCE","WEST PHOENIX","3847 W EARLL DR-WEST PHOENIX STATION","Arizona","Maricopa","Phoenix","Phoenix-Mesa-Scottsdale, AZ","2024-05-22"
"04","013","0019","42602",1,33.48378,-112.14256,"NAD83","Nitrogen dioxide (NO2)","1 HOUR","NO2 1-hour 2010","2019-05-20","Parts per billion","None",24,100.0,3.625,18,21,17,"099","INSTRUMENTAL - GAS PHASE CHEMILUMINESCENCE","WEST PHOENIX","3847 W EARLL DR-WEST PHOENIX STATION","Arizona","Maricopa","Phoenix","Phoenix-Mesa-Scottsdale, AZ","2024-05-22"
"04","013","0019","42602",1,33.48378,-112.14256,"NAD83","Nitrogen dioxide (NO2)","1 HOUR","NO2 1-hour 2010","2019-05-21","Parts per billion","None",24,100.0,5.625,14,3,13,"099","INSTRUMENTAL - GAS PHASE CHEMILUMINESCENCE","WEST PHOENIX","3847 W EARLL DR-WEST PHOENIX STATION","Arizona","Maricopa","Phoenix","Phoenix-Mesa-Scottsdale, AZ","2024-05-22"
"04","013","0019","42602",1,33.48378,-112.14256,"NAD83","Nitrogen dioxide (NO2)","1 HOUR","NO2 1-hour 2010","2019-05-22","Parts per billion","None",22,92.0,3.318182,6,5,6,"099","INSTRUMENTAL - GAS PHASE CHEMILUMINESCENCE","WEST PHOENIX","3847 W EARLL DR-WEST PHOENIX STATION","Arizona","Maricopa","Phoenix","Phoenix-Mesa-Scottsdale, AZ","2024-05-22"
"04","013","0019","42602",1,33.48378,-112.14256,"NAD83","Nitrogen dioxide (NO2)","1 HOUR","NO2 1-hour 2010","2019-05-23","Parts per billion","None",24,100.0,5.041667,15,22,14,"099","INSTRUMENTAL - GAS PHASE CHEMILUMINESCENCE","WEST PHOENIX","3847 W EARLL DR-WEST PHOENIX STATION","Arizona","Maricopa","Phoenix","Phoenix-Mesa-Scottsdale, AZ","2024-05-22"
"04","013","0019","42602",1,33.48378,-112.14256,"NAD83","Nitrogen dioxide (NO2)","1 HOUR","NO2 1-hour 2010","2019-05-24","Parts per billion","None",24,100.0,13.5,39,23,37,"099","INSTRUMENTAL - GAS PHASE CHEMILUMINESCENCE","WEST PHOENIX","3847 W EARLL DR-WEST PHOENIX STATION","Arizona","Maricopa","Phoenix","Phoenix-Mesa-Scottsdale, AZ","2024-05-22"
"04","013","0019","42602",1,33.48378,-112.14256,"NAD83","Nitrogen dioxide (NO2)","1 HOUR","NO2 1-hour 2010","2019-05-25","Parts per billion","None",24,100.0,11.541667,35,0,33,"099","INSTRUMENTAL - GAS PHASE CHEMILUMINESCENCE","WEST PHOENIX","3847 W EARLL DR-WEST PHOENIX STATION","Arizona","Maricopa","Phoenix","Phoenix-Mesa-Scottsdale, AZ","2024-05-22"
"04","013","0019","42602",1,33.48378,-112.14256,"NAD83","Nitrogen dioxide (NO2)","1 HOUR","NO2 1-hour 2010","2019-05-26","Parts per billion","None",24,100.0,4.958333,17,6,16,"099","INSTRUMENTAL - GAS PHASE CHEMILUMINESCENCE","WEST PHOENIX","3847 W EARLL DR-WEST PHOENIX STATION","Arizona","Maricopa","Phoenix","Phoenix-Mesa-Scottsdale, AZ","2024-05-22"
"04","013","0019","42602",1,33.48378,-112.14256,"NAD83","Nitrogen dioxide (NO2)","1 HOUR","NO2 1-hour 2010","2019-05-27","Parts per billion","None",24,100.0,3.041667,14,23,13,"099","INSTRUMENTAL - GAS PHASE CHEMILUMINESCENCE","WEST PHOENIX","3847 W EARLL DR-WEST PHOENIX STATION","Arizona","Maricopa","Phoenix","Phoenix-Mesa-Scottsdale, AZ","2024-05-22"
"04","013","0019","42602",1,33.48378,-112.14256,"NAD83","Nitrogen dioxide (NO2)","1 HOUR","NO2 1-hour 2010","2019-05-28","Parts per billion","None",23,96.0,13.391304,37,22,35,"099","INSTRUMENTAL - GAS PHASE CHEMILUMINESCENCE","WEST PHOENIX","3847 W EARLL DR-WEST PHOENIX STATION","Arizona","Maricopa","Phoenix","Phoenix-Mesa-Scottsdale, AZ","2024-05-22"
"04","013","0019","42602",1,33.48378,-112.14256,"NAD83","Nitrogen dioxide (NO2)","1 HOUR","NO2 1-hour 2010","2019-05-29","Parts per billion","None",22,92.0,17.318182,40,21,38,"099","INSTRUMENTAL - GAS PHASE CHEMILUMINESCENCE","WEST PHOENIX","3847 W EARLL DR-WEST PHOENIX STATION","Arizona","Maricopa","Phoenix","Phoenix-Mesa-Scottsdale, AZ","2024-05-22"
"04","013","0019","42602",1,33.48378,-112.14256,"NAD83","Nitrogen dioxide (NO2)","1 HOUR","NO2 1-hour 2010","2019-05-30","Parts per billion","None",24,100.0,17.833333,42,21,40,"099","INSTRUMENTAL - GAS PHASE CHEMILUMINESCENCE","WEST PHOENIX","3847 W EARLL DR-WEST PHOENIX STATION","Arizona","Maricopa","Phoenix","Phoenix-Mesa-Scottsdale, AZ","2024-05-22"
"04","013","0019","42602",1,33.48378,-112.14256,"NAD83","Nitrogen dioxide (NO2)","1 HOUR","NO2 1-hour 2010","2019-05-31","Parts per billion","None",24,100.0,7.958333,31,5,29,"099","INSTRUMENTAL - GAS PHASE CHEMILUMINESCENCE","WEST PHOENIX","3847 W EARLL DR-WEST PHOENIX STATION","Arizona","Maricopa","Phoenix","Phoenix-Mesa-Scottsdale, AZ","2024-05-22"
"04","013","0019","42602",1,33.48378,-112.14256,"NAD83","Nitrogen dioxide (NO2)","1 HOUR","NO2 1-hour 2010","2019-06-01","Parts per billion","None",24,100.0,7.25,27,5,25,"099","INSTRUMENTAL - GAS PHASE CHEMILUMINESCENCE","WEST PHOENIX","3847 W EARLL DR-WEST PHOENIX STATION","Arizona","Maricopa","Phoenix","Phoenix-Mesa-Scottsdale, AZ","2024-05-22"
"04","013","0019","42602",1,33.48378,-112.14256,"NAD83","Nitrogen dioxide (NO2)","1 HOUR","NO2 1-hour 2010","2019-06-02","Parts per billion","None",24,100.0,4.708333,11,6,10,"099","INSTRUMENTAL - GAS PHASE CHEMILUMINESCENCE","WEST PHOENIX","3847 W EARLL DR-WEST PHOENIX STATION","Arizona","Maricopa","Phoenix","Phoenix-Mesa-Scottsdale, AZ","2024-05-22"
"04","013","0019","42602",1,33.48378,-112.14256,"NAD83","Nitrogen dioxide (NO2)","1 HOUR","NO2 1-hour 2010","2019-06-03","Parts per billion","None",24,100.0,7,17,6,16,"099","INSTRUMENTAL - GAS PHASE CHEMILUMINESCENCE","WEST PHOENIX","3847 W EARLL DR-WEST PHOENIX STATION","Arizona","Maricopa","Phoenix","Phoenix-Mesa-Scottsdale, AZ","2024-05-22"
"04","013","0019","42602",1,33.48378,-112.14256,"NAD83","Nitrogen dioxide (NO2)","1 HOUR","NO2 1-hour 2010","2019-06-04","Parts per billion","None",24,100.0,9.625,30,21,28,"099","INSTRUMENTAL - GAS PHASE CHEMILUMINESCENCE","WEST PHOENIX","3847 W EARLL DR-WEST PHOENIX STATION","Arizona","Maricopa","Phoenix","Phoenix-Mesa-Scottsdale, AZ","2024-05-22"
"04","013","0019","42602",1,33.48378,-112.14256,"NAD83","Nitrogen dioxide (NO2)","1 HOUR","NO2 1-hour 2010","2019-06-05","Parts per billion","None",23,96.0,7.173913,21,5,20,"099","INSTRUMENTAL - GAS PHASE CHEMILUMINESCENCE","WEST PHOENIX","3847 W EARLL DR-WEST PHOENIX STATION","Arizona","Maricopa","Phoenix","Phoenix-Mesa-Scottsdale, AZ","2024-05-22"
"04","013","0019","42602",1,33.48378,-112.14256,"NAD83","Nitrogen dioxide (NO2)","1 HOUR","NO2 1-hour 2010","2019-06-06","Parts per billion","None",24,100.0,8.541667,28,6,26,"099","INSTRUMENTAL - GAS PHASE CHEMILUMINESCENCE","WEST PHOENIX","3847 W EARLL DR-WEST PHOENIX STATION","Arizona","Maricopa","Phoenix","Phoenix-Mesa-Scottsdale, AZ","2024-05-22"
"04","013","0019","42602",1,33.48378,-112.14256,"NAD83","Nitrogen dioxide (NO2)","1 HOUR","NO2 1-hour 2010","2019-06-07","Parts per billion","None",24,100.0,7.25,32,5,30,"099","INSTRUMENTAL - GAS PHASE CHEMILUMINESCENCE","WEST PHOENIX","3847 W EARLL DR-WEST PHOENIX STATION","Arizona","Maricopa","Phoenix","Phoenix-Mesa-Scottsdale, AZ","2024-05-22"
"04","013","0019","42602",1,33.48378,-112.14256,"NAD83","Nitrogen dioxide (NO2)","1 HOUR","NO2 1-hour 2010","2019-06-08","Parts per billion","None",24,100.0,9.916667,42,22,40,"099","INSTRUMENTAL - GAS PHASE CHEMILUMINESCENCE","WEST PHOENIX","3847 W EARLL DR-WEST PHOENIX STATION","Arizona","Maricopa","Phoenix","Phoenix-Mesa-Scottsdale, AZ","2024-05-22"
"04","013","0019","42602",1,33.48378,-112.14256,"NAD83","Nitrogen dioxide (NO2)","1 HOUR","NO2 1-hour 2010","2019-06-09","Parts per billion","None",24,100.0,9.541667,21,5,20,"099","INSTRUMENTAL - GAS PHASE CHEMILUMINESCENCE","WEST PHOENIX","3847 W EARLL DR-WEST PHOENIX STATION","Arizona","Maricopa","Phoenix","Phoenix-Mesa-Scottsdale, AZ","2024-05-22"
"04","013","0019","42602",1,33.48378,-112.14256,"NAD83","Nitrogen dioxide (NO2)","1 HOUR","NO2 1-hour 2010","2019-06-10","Parts per billion","None",24,100.0,10.416667,32,4,30,"099","INSTRUMENTAL - GAS PHASE CHEMILUMINESCENCE","WEST PHOENIX","3847 W EARLL DR-WEST PHOENIX STATION","Arizona","Maricopa","Phoenix","Phoenix-Mesa-Scottsdale, AZ","2024-05-22"
"04","013","0019","42602",1,33.48378,-112.14256,"NAD83","Nitrogen dioxide (NO2)","1 HOUR","NO2 1-hour 2010","2019-06-11","Parts per billion","None",21,88.0,7.857143,17,20,16,"099","INSTRUMENTAL - GAS PHASE CHEMILUMINESCENCE","WEST PHOENIX","3847 W EARLL DR-WEST PHOENIX STATION","Arizona","Maricopa","Phoenix","Phoenix-Mesa-Scottsdale, AZ","2024-05-22"
"04","013","0019","42602",1,33.48378,-112.14256,"NAD83","Nitrogen dioxide (NO2)","1 HOUR","NO2 1-hour 2010","2019-06-12","Parts per billion","None",19,79.0,19.473684,44,21,42,"099","INSTRUMENTAL - GAS PHASE CHEMILUMINESCENCE","WEST PHOENIX","3847 W EARLL DR-WEST PHOENIX STATION","Arizona","Maricopa","Phoenix","Phoenix-Mesa-Scottsdale, AZ","2024-05-22"
"04","013","0019","42602",1,33.48378,-112.14256,"NAD83","Nitrogen dioxide (NO2)","1 HOUR","NO2 1-hour 2010","2019-06-13","Parts per billion","None",24,100.0,14.25,34,0,32,"099","INSTRUMENTAL - GAS PHASE CHEMILUMINESCENCE","WEST PHOENIX","3847 W EARLL DR-WEST PHOENIX STATION","Arizona","Maricopa","Phoenix","Phoenix-Mesa-Scottsdale, AZ","2024-05-22"
"04","013","0019","42602",1,33.48378,-112.14256,"NAD83","Nitrogen dioxide (NO2)","1 HOUR","NO2 1-hour 2010","2019-06-14","Parts per billion","None",24,100.0,9.083333,21,7,20,"099","INSTRUMENTAL - GAS PHASE CHEMILUMINESCENCE","WEST PHOENIX","3847 W EARLL DR-WEST PHOENIX STATION","Arizona","Maricopa","Phoenix","Phoenix-Mesa-Scottsdale, AZ","2024-05-22"
"04","013","0019","42602",1,33.48378,-112.14256,"NAD83","Nitrogen dioxide (NO2)","1 HOUR","NO2 1-hour 2010","2019-06-15","Parts per billion","None",24,100.0,7.541667,38,21,36,"099","INSTRUMENTAL - GAS PHASE CHEMILUMINESCENCE","WEST PHOENIX","3847 W EARLL DR-WEST PHOENIX STATION","Arizona","Maricopa","Phoenix","Phoenix-Mesa-Scottsdale, AZ","2024-05-22"
"04","013","0019","42602",1,33.48378,-112.14256,"NAD83","Nitrogen dioxide (NO2)","1 HOUR","NO2 1-hour 2010","2019-06-16","Parts per billion","None",24,100.0,5.541667,16,5,15,"099","INSTRUMENTAL - GAS PHASE CHEMILUMINESCENCE","WEST PHOENIX","3847 W EARLL DR-WEST PHOENIX STATION","Arizona","Maricopa","Phoenix","Phoenix-Mesa-Scottsdale, AZ","2024-05-22"
"04","013","0019","42602",1,33.48378,-112.14256,"NAD83","Nitrogen dioxide (NO2)","1 HOUR","NO2 1-hour 2010","2019-06-17","Parts per billion","None",24,100.0,8.25,26,5,25,"099","INSTRUMENTAL - GAS PHASE CHEMILUMINESCENCE","WEST PHOENIX","3847 W EARLL DR-WEST PHOENIX STATION","Arizona","Maricopa","Phoenix","Phoenix-Mesa-Scottsdale, AZ","2024-05-22"
"04","013","0019","42602",1,33.48378,-112.14256,"NAD83","Nitrogen dioxide (NO2)","1 HOUR","NO2 1-hour 2010","2019-06-18","Parts per billion","None",24,100.0,9.375,31,5,29,"099","INSTRUMENTAL - GAS PHASE CHEMILUMINESCENCE","WEST PHOENIX","3847 W EARLL DR-WEST PHOENIX STATION","Arizona","Maricopa","Phoenix","Phoenix-Mesa-Scottsdale, AZ","2024-05-22"
"04","013","0019","42602",1,33.48378,-112.14256,"NAD83","Nitrogen dioxide (NO2)","1 HOUR","NO2 1-hour 2010","2019-06-19","Parts per billion","None",22,92.0,10.727273,35,5,33,"099","INSTRUMENTAL - GAS PHASE CHEMILUMINESCENCE","WEST PHOENIX","3847 W EARLL DR-WEST PHOENIX STATION","Arizona","Maricopa","Phoenix","Phoenix-Mesa-Scottsdale, AZ","2024-05-22"
"04","013","0019","42602",1,33.48378,-112.14256,"NAD83","Nitrogen dioxide (NO2)","1 HOUR","NO2 1-hour 2010","2019-06-20","Parts per billion","None",24,100.0,9.958333,31,5,29,"099","INSTRUMENTAL - GAS PHASE CHEMILUMINESCENCE","WEST PHOENIX","3847 W EARLL DR-WEST PHOENIX STATION","Arizona","Maricopa","Phoenix","Phoenix-Mesa-Scottsdale, AZ","2024-05-22"
"04","013","0019","42602",1,33.48378,-112.14256,"NAD83","Nitrogen dioxide (NO2)","1 HOUR","NO2 1-hour 2010","2019-06-21","Parts per billion","None",24,100.0,6.166667,15,6,14,"099","INSTRUMENTAL - GAS PHASE CHEMILUMINESCENCE","WEST PHOENIX","3847 W EARLL DR-WEST PHOENIX STATION","Arizona","Maricopa","Phoenix","Phoenix-Mesa-Scottsdale, AZ","2024-05-22"
"04","013","0019","42602",1,33.48378,-112.14256,"NAD83","Nitrogen dioxide (NO2)","1 HOUR","NO2 1-hour 2010","2019-06-22","Parts per billion","None",24,100.0,5.083333,11,21,10,"099","INSTRUMENTAL - GAS PHASE CHEMILUMINESCENCE","WEST PHOENIX","3847 W EARLL DR-WEST PHOENIX STATION","Arizona","Maricopa","Phoenix","Phoenix-Mesa-Scottsdale, AZ","2024-05-22"
"04","013","0019","42602",1,33.48378,-112.14256,"NAD83","Nitrogen dioxide (NO2)","1 HOUR","NO2 1-hour 2010","2019-06-23","Parts per billion","None",24,100.0,8.458333,43,23,41,"099","INSTRUMENTAL - GAS PHASE CHEMILUMINESCENCE","WEST PHOENIX","3847 W EARLL DR-WEST PHOENIX STATION","Arizona","Maricopa","Phoenix","Phoenix-Mesa-Scottsdale, AZ","2024-05-22"
"04","013","0019","42602",1,33.48378,-112.14256,"NAD83","Nitrogen dioxide (NO2)","1 HOUR","NO2 1-hour 2010","2019-06-24","Parts per billion","None",24,100.0,19.125,42,22,40,"099","INSTRUMENTAL - GAS PHASE CHEMILUMINESCENCE","WEST PHOENIX","3847 W EARLL DR-WEST PHOENIX STATION","Arizona","Maricopa","Phoenix","Phoenix-Mesa-Scottsdale, AZ","2024-05-22"
"04","013","0019","42602",1,33.48378,-112.14256,"NAD83","Nitrogen dioxide (NO2)","1 HOUR","NO2 1-hour 2010","2019-06-25","Parts per billion","None",21,88.0,10,36,5,34,"099","INSTRUMENTAL - GAS PHASE CHEMILUMINESCENCE","WEST PHOENIX","3847 W EARLL DR-WEST PHOENIX STATION","Arizona","Maricopa","Phoenix","Phoenix-Mesa-Scottsdale, AZ","2024-05-22"
"04","013","0019","42602",1,33.48378,-112.14256,"NAD83","Nitrogen dioxide (NO2)","1 HOUR","NO2 1-hour 2010","2019-06-26","Parts per billion","None",22,92.0,8.818182,26,5,25,"099","INSTRUMENTAL - GAS PHASE CHEMILUMINESCENCE","WEST PHOENIX","3847 W EARLL DR-WEST PHOENIX STATION","Arizona","Maricopa","Phoenix","Phoenix-Mesa-Scottsdale, AZ","2024-05-22"
"04","013","0019","42602",1,33.48378,-112.14256,"NAD83","Nitrogen dioxide (NO2)","1 HOUR","NO2 1-hour 2010","2019-06-27","Parts per billion","None",24,100.0,13.291667,39,22,37,"099","INSTRUMENTAL - GAS PHASE CHEMILUMINESCENCE","WEST PHOENIX","3847 W EARLL DR-WEST PHOENIX STATION","Arizona","Maricopa","Phoenix","Phoenix-Mesa-Scottsdale, AZ","2024-05-22"
"04","013","0019","42602",1,33.48378,-112.14256,"NAD83","Nitrogen dioxide (NO2)","1 HOUR","NO2 1-hour 2010","2019-06-28","Parts per billion","None",24,100.0,14.416667,39,7,37,"099","INSTRUMENTAL - GAS PHASE CHEMILUMINESCENCE","WEST PHOENIX","3847 W EARLL DR-WEST PHOENIX STATION","Arizona","Maricopa","Phoenix","Phoenix-Mesa-Scottsdale, AZ","2024-05-22"
"04","013","0019","42602",1,33.48378,-112.14256,"NAD83","Nitrogen dioxide (NO2)","1 HOUR","NO2 1-hour 2010","2019-06-29","Parts per billion","None",24,100.0,11.833333,34,3,32,"099","INSTRUMENTAL - GAS PHASE CHEMILUMINESCENCE","WEST PHOENIX","3847 W EARLL DR-WEST PHOENIX STATION","Arizona","Maricopa","Phoenix","Phoenix-Mesa-Scottsdale, AZ","2024-05-22"
"04","013","0019","42602",1,33.48378,-112.14256,"NAD83","Nitrogen dioxide (NO2)","1 HOUR","NO2 1-hour 2010","2019-06-30","Parts per billion","None",24,100.0,5.25,13,21,12,"099","INSTRUMENTAL - GAS PHASE CHEMILUMINESCENCE","WEST PHOENIX","3847 W EARLL DR-WEST PHOENIX STATION","Arizona","Maricopa","Phoenix","Phoenix-Mesa-Scottsdale, AZ","2024-05-22"
"04","013","0019","42602",1,33.48378,-112.14256,"NAD83","Nitrogen dioxide (NO2)","1 HOUR","NO2 1-hour 2010","2019-07-01","Parts per billion","None",24,100.0,8.583333,23,5,22,"099","INSTRUMENTAL - GAS PHASE CHEMILUMINESCENCE","WEST PHOENIX","3847 W EARLL DR-WEST PHOENIX STATION","Arizona","Maricopa","Phoenix","Phoenix-Mesa-Scottsdale, AZ","2024-05-22"
"04","013","0019","42602",1,33.48378,-112.14256,"NAD83","Nitrogen dioxide (NO2)","1 HOUR","NO2 1-hour 2010","2019-07-02","Parts per billion","None",24,100.0,8.875,29,5,27,"099","INSTRUMENTAL - GAS PHASE CHEMILUMINESCENCE","WEST PHOENIX","3847 W EARLL DR-WEST PHOENIX STATION","Arizona","Maricopa","Phoenix","Phoenix-Mesa-Scottsdale, AZ","2024-05-22"
"04","013","0019","42602",1,33.48378,-112.14256,"NAD83","Nitrogen dioxide (NO2)","1 HOUR","NO2 1-hour 2010","2019-07-03","Parts per billion","None",23,96.0,9.608696,25,5,24,"099","INSTRUMENTAL - GAS PHASE CHEMILUMINESCENCE","WEST PHOENIX","3847 W EARLL DR-WEST PHOENIX STATION","Arizona","Maricopa","Phoenix","Phoenix-Mesa-Scottsdale, AZ","2024-05-22"
"04","013","0019","42602",1,33.48378,-112.14256,"NAD83","Nitrogen dioxide (NO2)","1 HOUR","NO2 1-hour 2010","2019-07-04","Parts per billion","None",24,100.0,5.541667,14,2,13,"099","INSTRUMENTAL - GAS PHASE CHEMILUMINESCENCE","WEST PHOENIX","3847 W EARLL DR-WEST PHOENIX STATION","Arizona","Maricopa","Phoenix","Phoenix-Mesa-Scottsdale, AZ","2024-05-22"
"04","013","0019","42602",1,33.48378,-112.14256,"NAD83","Nitrogen dioxide (NO2)","1 HOUR","NO2 1-hour 2010","2019-07-05","Parts per billion","None",24,100.0,10.916667,33,21,31,"099","INSTRUMENTAL - GAS PHASE CHEMILUMINESCENCE","WEST PHOENIX","3847 W EARLL DR-WEST PHOENIX STATION","Arizona","Maricopa","Phoenix","Phoenix-Mesa-Scottsdale, AZ","2024-05-22"
"04","013","0019","42602",1,33.48378,-112.14256,"NAD83","Nitrogen dioxide (NO2)","1 HOUR","NO2 1-hour 2010","2019-07-06","Parts per billion","None",24,100.0,11.041667,33,22,31,"099","INSTRUMENTAL - GAS PHASE CHEMILUMINESCENCE","WEST PHOENIX","3847 W EARLL DR-WEST PHOENIX STATION","Arizona","Maricopa","Phoenix","Phoenix-Mesa-Scottsdale, AZ","2024-05-22"
"04","013","0019","42602",1,33.48378,-112.14256,"NAD83","Nitrogen dioxide (NO2)","1 HOUR","NO2 1-hour 2010","2019-07-07","Parts per billion","None",24,100.0,5.25,13,6,12,"099","INSTRUMENTAL - GAS PHASE CHEMILUMINESCENCE","WEST PHOENIX","3847 W EARLL DR-WEST PHOENIX STATION","Arizona","Maricopa","Phoenix","Phoenix-Mesa-Scottsdale, AZ","2024-05-22"
"04","013","0019","42602",1,33.48378,-112.14256,"NAD83","Nitrogen dioxide (NO2)","1 HOUR","NO2 1-hour 2010","2019-07-08","Parts per billion","None",24,100.0,9.458333,19,3,18,"099","INSTRUMENTAL - GAS PHASE CHEMILUMINESCENCE","WEST PHOENIX","3847 W EARLL DR-WEST PHOENIX STATION","Arizona","Maricopa","Phoenix","Phoenix-Mesa-Scottsdale, AZ","2024-05-22"
"04","013","0019","42602",1,33.48378,-112.14256,"NAD83","Nitrogen dioxide (NO2)","1 HOUR","NO2 1-hour 2010","2019-07-09","Parts per billion","None",21,88.0,16.047619,36,21,34,"099","INSTRUMENTAL - GAS PHASE CHEMILUMINESCENCE","WEST PHOENIX","3847 W EARLL DR-WEST PHOENIX STATION","Arizona","Maricopa","Phoenix","Phoenix-Mesa-Scottsdale, AZ","2024-05-22"
"04","013","0019","42602",1,33.48378,-112.14256,"NAD83","Nitrogen dioxide (NO2)","1 HOUR","NO2 1-hour 2010","2019-07-10","Parts per billion","None",22,92.0,11.227273,34,0,32,"099","INSTRUMENTAL - GAS PHASE CHEMILUMINESCENCE","WEST PHOENIX","3847 W EARLL DR-WEST PHOENIX STATION","Arizona","Maricopa","Phoenix","Phoenix-Mesa-Scottsdale, AZ","2024-05-22"
"04","013","0019","42602",1,33.48378,-112.14256,"NAD83","Nitrogen dioxide (NO2)","1 HOUR","NO2 1-hour 2010","2019-07-11","Parts per billion","None",24,100.0,9.791667,27,5,25,"099","INSTRUMENTAL - GAS PHASE CHEMILUMINESCENCE","WEST PHOENIX","3847 W EARLL DR-WEST PHOENIX STATION","Arizona","Maricopa","Phoenix","Phoenix-Mesa-Scottsdale, AZ","2024-05-22"
"04","013","0019","42602",1,33.48378,-112.14256,"NAD83","Nitrogen dioxide (NO2)","1 HOUR","NO2 1-hour 2010","2019-07-12","Parts per billion","None",24,100.0,10.166667,33,7,31,"099","INSTRUMENTAL - GAS PHASE CHEMILUMINESCENCE","WEST PHOENIX","3847 W EARLL DR-WEST PHOENIX STATION","Arizona","Maricopa","Phoenix","Phoenix-Mesa-Scottsdale, AZ","2024-05-22"
"04","013","0019","42602",1,33.48378,-112.14256,"NAD83","Nitrogen dioxide (NO2)","1 HOUR","NO2 1-hour 2010","2019-07-13","Parts per billion","None",24,100.0,6.625,26,6,25,"099","INSTRUMENTAL - GAS PHASE CHEMILUMINESCENCE","WEST PHOENIX","3847 W EARLL DR-WEST PHOENIX STATION","Arizona","Maricopa","Phoenix","Phoenix-Mesa-Scottsdale, AZ","2024-05-22"
"04","013","0019","42602",1,33.48378,-112.14256,"NAD83","Nitrogen dioxide (NO2)","1 HOUR","NO2 1-hour 2010","2019-07-14","Parts per billion","None",24,100.0,4.333333,16,22,15,"099","INSTRUMENTAL - GAS PHASE CHEMILUMINESCENCE","WEST PHOENIX","3847 W EARLL DR-WEST PHOENIX STATION","Arizona","Maricopa","Phoenix","Phoenix-Mesa-Scottsdale, AZ","2024-05-22"
"04","013","0019","42602",1,33.48378,-112.14256,"NAD83","Nitrogen dioxide (NO2)","1 HOUR","NO2 1-hour 2010","2019-07-15","Parts per billion","None",24,100.0,9.666667,27,7,25,"099","INSTRUMENTAL - GAS PHASE CHEMILUMINESCENCE","WEST PHOENIX","3847 W EARLL DR-WEST PHOENIX STATION","Arizona","Maricopa","Phoenix","Phoenix-Mesa-Scottsdale, AZ","2024-05-22"
"04","013","0019","42602",1,33.48378,-112.14256,"NAD83","Nitrogen dioxide (NO2)","1 HOUR","NO2 1-hour 2010","2019-07-16","Parts per billion","None",24,100.0,10.791667,30,6,28,"099","INSTRUMENTAL - GAS PHASE CHEMILUMINESCENCE","WEST PHOENIX","3847 W EARLL DR-WEST PHOENIX STATION","Arizona","Maricopa","Phoenix","Phoenix-Mesa-Scottsdale, AZ","2024-05-22"
"04","013","0019","42602",1,33.48378,-112.14256,"NAD83","Nitrogen dioxide (NO2)","1 HOUR","NO2 1-hour 2010","2019-07-17","Parts per billion","None",22,92.0,4.681818,16,6,15,"099","INSTRUMENTAL - GAS PHASE CHEMILUMINESCENCE","WEST PHOENIX","3847 W EARLL DR-WEST PHOENIX STATION","Arizona","Maricopa","Phoenix","Phoenix-Mesa-Scottsdale, AZ","2024-05-22"
"04","013","0019","42602",1,33.48378,-112.14256,"NAD83","Nitrogen dioxide (NO2)","1 HOUR","NO2 1-hour 2010","2019-07-18","Parts per billion","None",24,100.0,6.333333,17,6,16,"099","INSTRUMENTAL - GAS PHASE CHEMILUMINESCENCE","WEST PHOENIX","3847 W EARLL DR-WEST PHOENIX STATION","Arizona","Maricopa","Phoenix","Phoenix-Mesa-Scottsdale, AZ","2024-05-22"
"04","013","0019","42602",1,33.48378,-112.14256,"NAD83","Nitrogen dioxide (NO2)","1 HOUR","NO2 1-hour 2010","2019-07-19","Parts per billion","None",24,100.0,7.708333,19,6,18,"099","INSTRUMENTAL - GAS PHASE CHEMILUMINESCENCE","WEST PHOENIX","3847 W EARLL DR-WEST PHOENIX STATION","Arizona","Maricopa","Phoenix","Phoenix-Mesa-Scottsdale, AZ","2024-05-22"
"04","013","0019","42602",1,33.48378,-112.14256,"NAD83","Nitrogen dioxide (NO2)","1 HOUR","NO2 1-hour 2010","2019-07-20","Parts per billion","None",24,100.0,8.333333,24,6,23,"099","INSTRUMENTAL - GAS PHASE CHEMILUMINESCENCE","WEST PHOENIX","3847 W EARLL DR-WEST PHOENIX STATION","Arizona","Maricopa","Phoenix","Phoenix-Mesa-Scottsdale, AZ","2024-05-22"
"04","013","0019","42602",1,33.48378,-112.14256,"NAD83","Nitrogen dioxide (NO2)","1 HOUR","NO2 1-hour 2010","2019-07-21","Parts per billion","None",24,100.0,2.166667,5,5,5,"099","INSTRUMENTAL - GAS PHASE CHEMILUMINESCENCE","WEST PHOENIX","3847 W EARLL DR-WEST PHOENIX STATION","Arizona","Maricopa","Phoenix","Phoenix-Mesa-Scottsdale, AZ","2024-05-22"
"04","013","0019","42602",1,33.48378,-112.14256,"NAD83","Nitrogen dioxide (NO2)","1 HOUR","NO2 1-hour 2010","2019-07-22","Parts per billion","None",24,100.0,3.125,8,20,8,"099","INSTRUMENTAL - GAS PHASE CHEMILUMINESCENCE","WEST PHOENIX","3847 W EARLL DR-WEST PHOENIX STATION","Arizona","Maricopa","Phoenix","Phoenix-Mesa-Scottsdale, AZ","2024-05-22"
"04","013","0019","42602",1,33.48378,-112.14256,"NAD83","Nitrogen dioxide (NO2)","1 HOUR","NO2 1-hour 2010","2019-07-23","Parts per billion","None",20,83.0,6.9,18,8,17,"099","INSTRUMENTAL - GAS PHASE CHEMILUMINESCENCE","WEST PHOENIX","3847 W EARLL DR-WEST PHOENIX STATION","Arizona","Maricopa","Phoenix","Phoenix-Mesa-Scottsdale, AZ","2024-05-22"
"04","013","0019","42602",1,33.48378,-112.14256,"NAD83","Nitrogen dioxide (NO2)","1 HOUR","NO2 1-hour 2010","2019-07-24","Parts per billion","None",21,88.0,6.952381,12,4,11,"099","INSTRUMENTAL - GAS PHASE CHEMILUMINESCENCE","WEST PHOENIX","3847 W EARLL DR-WEST PHOENIX STATION","Arizona","Maricopa","Phoenix","Phoenix-Mesa-Scottsdale, AZ","2024-05-22"
"04","013","0019","42602",1,33.48378,-112.14256,"NAD83","Nitrogen dioxide (NO2)","1 HOUR","NO2 1-hour 2010","2019-07-25","Parts per billion","None",24,100.0,5.791667,13,1,12,"099","INSTRUMENTAL - GAS PHASE CHEMILUMINESCENCE","WEST PHOENIX","3847 W EARLL DR-WEST PHOENIX STATION","Arizona","Maricopa","Phoenix","Phoenix-Mesa-Scottsdale, AZ","2024-05-22"
"04","013","0019","42602",1,33.48378,-112.14256,"NAD83","Nitrogen dioxide (NO2)","1 HOUR","NO2 1-hour 2010","2019-07-26","Parts per billion","None",24,100.0,5.791667,13,6,12,"099","INSTRUMENTAL - GAS PHASE CHEMILUMINESCENCE","WEST PHOENIX","3847 W EARLL DR-WEST PHOENIX STATION","Arizona","Maricopa","Phoenix","Phoenix-Mesa-Scottsdale, AZ","2024-05-22"
"04","013","0019","42602",1,33.48378,-112.14256,"NAD83","Nitrogen dioxide (NO2)","1 HOUR","NO2 1-hour 2010","2019-07-27","Parts per billion","None",24,100.0,5,14,23,13,"099","INSTRUMENTAL - GAS PHASE CHEMILUMINESCENCE","WEST PHOENIX","3847 W EARLL DR-WEST PHOENIX STATION","Arizona","Maricopa","Phoenix","Phoenix-Mesa-Scottsdale, AZ","2024-05-22"
"04","013","0019","42602",1,33.48378,-112.14256,"NAD83","Nitrogen dioxide (NO2)","1 HOUR","NO2 1-hour 2010","2019-07-28","Parts per billion","None",24,100.0,3.916667,12,0,11,"099","INSTRUMENTAL - GAS PHASE CHEMILUMINESCENCE","WEST PHOENIX","3847 W EARLL DR-WEST PHOENIX STATION","Arizona","Maricopa","Phoenix","Phoenix-Mesa-Scottsdale, AZ","2024-05-22"
"04","013","0019","42602",1,33.48378,-112.14256,"NAD83","Nitrogen dioxide (NO2)","1 HOUR","NO2 1-hour 2010","2019-07-29","Parts per billion","None",24,100.0,5.375,23,6,22,"099","INSTRUMENTAL - GAS PHASE CHEMILUMINESCENCE","WEST PHOENIX","3847 W EARLL DR-WEST PHOENIX STATION","Arizona","Maricopa","Phoenix","Phoenix-Mesa-Scottsdale, AZ","2024-05-22"
"04","013","0019","42602",1,33.48378,-112.14256,"NAD83","Nitrogen dioxide (NO2)","1 HOUR","NO2 1-hour 2010","2019-07-30","Parts per billion","None",24,100.0,5.291667,16,6,15,"099","INSTRUMENTAL - GAS PHASE CHEMILUMINESCENCE","WEST PHOENIX","3847 W EARLL DR-WEST PHOENIX STATION","Arizona","Maricopa","Phoenix","Phoenix-Mesa-Scottsdale, AZ","2024-05-22"
"04","013","0019","42602",1,33.48378,-112.14256,"NAD83","Nitrogen dioxide (NO2)","1 HOUR","NO2 1-hour 2010","2019-07-31","Parts per billion","None",20,83.0,7.55,18,21,17,"099","INSTRUMENTAL - GAS PHASE CHEMILUMINESCENCE","WEST PHOENIX","3847 W EARLL DR-WEST PHOENIX STATION","Arizona","Maricopa","Phoenix","Phoenix-Mesa-Scottsdale, AZ","2024-05-22"
"04","013","0019","42602",1,33.48378,-112.14256,"NAD83","Nitrogen dioxide (NO2)","1 HOUR","NO2 1-hour 2010","2019-08-01","Parts per billion","None",24,100.0,9.5,22,5,21,"099","INSTRUMENTAL - GAS PHASE CHEMILUMINESCENCE","WEST PHOENIX","3847 W EARLL DR-WEST PHOENIX STATION","Arizona","Maricopa","Phoenix","Phoenix-Mesa-Scottsdale, AZ","2024-05-22"
"04","013","0019","42602",1,33.48378,-112.14256,"NAD83","Nitrogen dioxide (NO2)","1 HOUR","NO2 1-hour 2010","2019-08-02","Parts per billion","None",24,100.0,12.416667,34,7,32,"099","INSTRUMENTAL - GAS PHASE CHEMILUMINESCENCE","WEST PHOENIX","3847 W EARLL DR-WEST PHOENIX STATION","Arizona","Maricopa","Phoenix","Phoenix-Mesa-Scottsdale, AZ","2024-05-22"
"04","013","0019","42602",1,33.48378,-112.14256,"NAD83","Nitrogen dioxide (NO2)","1 HOUR","NO2 1-hour 2010","2019-08-03","Parts per billion","None",24,100.0,6.458333,24,5,23,"099","INSTRUMENTAL - GAS PHASE CHEMILUMINESCENCE","WEST PHOENIX","3847 W EARLL DR-WEST PHOENIX STATION","Arizona","Maricopa","Phoenix","Phoenix-Mesa-Scottsdale, AZ","2024-05-22"
"04","013","0019","42602",1,33.48378,-112.14256,"NAD83","Nitrogen dioxide (NO2)","1 HOUR","NO2 1-hour 2010","2019-08-04","Parts per billion","None",24,100.0,11.708333,45,23,42,"099","INSTRUMENTAL - GAS PHASE CHEMILUMINESCENCE","WEST PHOENIX","3847 W EARLL DR-WEST PHOENIX STATION","Arizona","Maricopa","Phoenix","Phoenix-Mesa-Scottsdale, AZ","2024-05-22"
"04","013","0019","42602",1,33.48378,-112.14256,"NAD83","Nitrogen dioxide (NO2)","1 HOUR","NO2 1-hour 2010","2019-08-05","Parts per billion","None",24,100.0,10.708333,43,0,41,"099","INSTRUMENTAL - GAS PHASE CHEMILUMINESCENCE","WEST PHOENIX","3847 W EARLL DR-WEST PHOENIX STATION","Arizona","Maricopa","Phoenix","Phoenix-Mesa-Scottsdale, AZ","2024-05-22"
"04","013","0019","42602",1,33.48378,-112.14256,"NAD83","Nitrogen dioxide (NO2)","1 HOUR","NO2 1-hour 2010","2019-08-06","Parts per billion","None",22,92.0,13.136364,34,6,32,"099","INSTRUMENTAL - GAS PHASE CHEMILUMINESCENCE","WEST PHOENIX","3847 W EARLL DR-WEST PHOENIX STATION","Arizona","Maricopa","Phoenix","Phoenix-Mesa-Scottsdale, AZ","2024-05-22"
"04","013","0019","42602",1,33.48378,-112.14256,"NAD83","Nitrogen dioxide (NO2)","1 HOUR","NO2 1-hour 2010","2019-08-07","Parts per billion","None",24,100.0,8.666667,30,6,28,"099","INSTRUMENTAL - GAS PHASE CHEMILUMINESCENCE","WEST PHOENIX","3847 W EARLL DR-WEST PHOENIX STATION","Arizona","Maricopa","Phoenix","Phoenix-Mesa-Scottsdale, AZ","2024-05-22"
"04","013","0019","42602",1,33.48378,-112.14256,"NAD83","Nitrogen dioxide (NO2)","1 HOUR","NO2 1-hour 2010","2019-08-08","Parts per billion","None",23,96.0,9,27,7,25,"099","INSTRUMENTAL - GAS PHASE CHEMILUMINESCENCE","WEST PHOENIX","3847 W EARLL DR-WEST PHOENIX STATION","Arizona","Maricopa","Phoenix","Phoenix-Mesa-Scottsdale, AZ","2024-05-22"
"04","013","0019","42602",1,33.48378,-112.14256,"NAD83","Nitrogen dioxide (NO2)","1 HOUR","NO2 1-hour 2010","2019-08-09","Parts per billion","None",24,100.0,7.708333,31,23,29,"099","INSTRUMENTAL - GAS PHASE CHEMILUMINESCENCE","WEST PHOENIX","3847 W EARLL DR-WEST PHOENIX STATION","Arizona","Maricopa","Phoenix","Phoenix-Mesa-Scottsdale, AZ","2024-05-22"
"04","013","0019","42602",1,33.48378,-112.14256,"NAD83","Nitrogen dioxide (NO2)","1 HOUR","NO2 1-hour 2010","2019-08-10","Parts per billion","None",24,100.0,8.75,31,0,29,"099","INSTRUMENTAL - GAS PHASE CHEMILUMINESCENCE","WEST PHOENIX","3847 W EARLL DR-WEST PHOENIX STATION","Arizona","Maricopa","Phoenix","Phoenix-Mesa-Scottsdale, AZ","2024-05-22"
"04","013","0019","42602",1,33.48378,-112.14256,"NAD83","Nitrogen dioxide (NO2)","1 HOUR","NO2 1-hour 2010","2019-08-11","Parts per billion","None",24,100.0,3.166667,8,21,8,"099","INSTRUMENTAL - GAS PHASE CHEMILUMINESCENCE","WEST PHOENIX","3847 W EARLL DR-WEST PHOENIX STATION","Arizona","Maricopa","Phoenix","Phoenix-Mesa-Scottsdale, AZ","2024-05-22"
"04","013","0019","42602",1,33.48378,-112.14256,"NAD83","Nitrogen dioxide (NO2)","1 HOUR","NO2 1-hour 2010","2019-08-12","Parts per billion","None",24,100.0,10.458333,37,22,35,"099","INSTRUMENTAL - GAS PHASE CHEMILUMINESCENCE","WEST PHOENIX","3847 W EARLL DR-WEST PHOENIX STATION","Arizona","Maricopa","Phoenix","Phoenix-Mesa-Scottsdale, AZ","2024-05-22"
"04","013","0019","42602",1,33.48378,-112.14256,"NAD83","Nitrogen dioxide (NO2)","1 HOUR","NO2 1-hour 2010","2019-08-13","Parts per billion","None",24,100.0,13.5,30,22,28,"099","INSTRUMENTAL - GAS PHASE CHEMILUMINESCENCE","WEST PHOENIX","3847 W EARLL DR-WEST PHOENIX STATION","Arizona","Maricopa","Phoenix","Phoenix-Mesa-Scottsdale, AZ","2024-05-22"
"04","013","0019","42602",1,33.48378,-112.14256,"NAD83","Nitrogen dioxide (NO2)","1 HOUR","NO2 1-hour 2010","2019-08-14","Parts per billion","None",22,92.0,16.5,38,8,36,"099","INSTRUMENTAL - GAS PHASE CHEMILUMINESCENCE","WEST PHOENIX","3847 W EARLL DR-WEST PHOENIX STATION","Arizona","Maricopa","Phoenix","Phoenix-Mesa-Scottsdale, AZ","2024-05-22"
"04","013","0019","42602",1,33.48378,-112.14256,"NAD83","Nitrogen dioxide (NO2)","1 HOUR","NO2 1-hour 2010","2019-08-15","Parts per billion","None",24,100.0,14.833333,36,20,34,"099","INSTRUMENTAL - GAS PHASE CHEMILUMINESCENCE","WEST PHOENIX","3847 W EARLL DR-WEST PHOENIX STATION","Arizona","Maricopa","Phoenix","Phoenix-Mesa-Scottsdale, AZ","2024-05-22"
"04","013","0019","42602",1,33.48378,-112.14256,"NAD83","Nitrogen dioxide (NO2)","1 HOUR","NO2 1-hour 2010","2019-08-16","Parts per billion","None",24,100.0,11.541667,32,5,30,"099","INSTRUMENTAL - GAS PHASE CHEMILUMINESCENCE","WEST PHOENIX","3847 W EARLL DR-WEST PHOENIX STATION","Arizona","Maricopa","Phoenix","Phoenix-Mesa-Scottsdale, AZ","2024-05-22"
"04","013","0019","42602",1,33.48378,-112.14256,"NAD83","Nitrogen dioxide (NO2)","1 HOUR","NO2 1-hour 2010","2019-08-17","Parts per billion","None",24,100.0,5.666667,15,21,14,"099","INSTRUMENTAL - GAS PHASE CHEMILUMINESCENCE","WEST PHOENIX","3847 W EARLL DR-WEST PHOENIX STATION","Arizona","Maricopa","Phoenix","Phoenix-Mesa-Scottsdale, AZ","2024-05-22"
"04","013","0019","42602",1,33.48378,-112.14256,"NAD83","Nitrogen dioxide (NO2)","1 HOUR","NO2 1-hour 2010","2019-08-18","Parts per billion","None",24,100.0,11.5,40,22,38,"099","INSTRUMENTAL - GAS PHASE CHEMILUMINESCENCE","WEST PHOENIX","3847 W EARLL DR-WEST PHOENIX STATION","Arizona","Maricopa","Phoenix","Phoenix-Mesa-Scottsdale, AZ","2024-05-22"
"04","013","0019","42602",1,33.48378,-112.14256,"NAD83","Nitrogen dioxide (NO2)","1 HOUR","NO2 1-hour 2010","2019-08-19","Parts per billion","None",24,100.0,15.791667,36,21,34,"099","INSTRUMENTAL - GAS PHASE CHEMILUMINESCENCE","WEST PHOENIX","3847 W EARLL DR-WEST PHOENIX STATION","Arizona","Maricopa","Phoenix","Phoenix-Mesa-Scottsdale, AZ","2024-05-22"
"04","013","0019","42602",1,33.48378,-112.14256,"NAD83","Nitrogen dioxide (NO2)","1 HOUR","NO2 1-hour 2010","2019-08-20","Parts per billion","None",23,96.0,18.086957,39,7,37,"099","INSTRUMENTAL - GAS PHASE CHEMILUMINESCENCE","WEST PHOENIX","3847 W EARLL DR-WEST PHOENIX STATION","Arizona","Maricopa","Phoenix","Phoenix-Mesa-Scottsdale, AZ","2024-05-22"
"04","013","0019","42602",1,33.48378,-112.14256,"NAD83","Nitrogen dioxide (NO2)","1 HOUR","NO2 1-hour 2010","2019-08-21","Parts per billion","None",22,92.0,17.045455,37,21,35,"099","INSTRUMENTAL - GAS PHASE CHEMILUMINESCENCE","WEST PHOENIX","3847 W EARLL DR-WEST PHOENIX STATION","Arizona","Maricopa","Phoenix","Phoenix-Mesa-Scottsdale, AZ","2024-05-22"
"04","013","0019","42602",1,33.48378,-112.14256,"NAD83","Nitrogen dioxide (NO2)","1 HOUR","NO2 1-hour 2010","2019-08-22","Parts per billion","None",24,100.0,11.625,31,2,29,"099","INSTRUMENTAL - GAS PHASE CHEMILUMINESCENCE","WEST PHOENIX","3847 W EARLL DR-WEST PHOENIX STATION","Arizona","Maricopa","Phoenix","Phoenix-Mesa-Scottsdale, AZ","2024-05-22"
"04","013","0019","42602",1,33.48378,-112.14256,"NAD83","Nitrogen dioxide (NO2)","1 HOUR","NO2 1-hour 2010","2019-08-23","Parts per billion","None",24,100.0,6.625,22,7,21,"099","INSTRUMENTAL - GAS PHASE CHEMILUMINESCENCE","WEST PHOENIX","3847 W EARLL DR-WEST PHOENIX STATION","Arizona","Maricopa","Phoenix","Phoenix-Mesa-Scottsdale, AZ","2024-05-22"
"04","013","0019","42602",1,33.48378,-112.14256,"NAD83","Nitrogen dioxide (NO2)","1 HOUR","NO2 1-hour 2010","2019-08-24","Parts per billion","None",24,100.0,2.833333,8,6,8,"099","INSTRUMENTAL - GAS PHASE CHEMILUMINESCENCE","WEST PHOENIX","3847 W EARLL DR-WEST PHOENIX STATION","Arizona","Maricopa","Phoenix","Phoenix-Mesa-Scottsdale, AZ","2024-05-22"
"04","013","0019","42602",1,33.48378,-112.14256,"NAD83","Nitrogen dioxide (NO2)","1 HOUR","NO2 1-hour 2010","2019-08-25","Parts per billion","None",24,100.0,2.416667,9,22,8,"099","INSTRUMENTAL - GAS PHASE CHEMILUMINESCENCE","WEST PHOENIX","3847 W EARLL DR-WEST PHOENIX STATION","Arizona","Maricopa","Phoenix","Phoenix-Mesa-Scottsdale, AZ","2024-05-22"
"04","013","0019","42602",1,33.48378,-112.14256,"NAD83","Nitrogen dioxide (NO2)","1 HOUR","NO2 1-hour 2010","2019-08-26","Parts per billion","None",24,100.0,5.625,11,21,10,"099","INSTRUMENTAL - GAS PHASE CHEMILUMINESCENCE","WEST PHOENIX","3847 W EARLL DR-WEST PHOENIX STATION","Arizona","Maricopa","Phoenix","Phoenix-Mesa-Scottsdale, AZ","2024-05-22"
"04","013","0019","42602",1,33.48378,-112.14256,"NAD83","Nitrogen dioxide (NO2)","1 HOUR","NO2 1-hour 2010","2019-08-27","Parts per billion","None",24,100.0,5.708333,12,20,11,"099","INSTRUMENTAL - GAS PHASE CHEMILUMINESCENCE","WEST PHOENIX","3847 W EARLL DR-WEST PHOENIX STATION","Arizona","Maricopa","Phoenix","Phoenix-Mesa-Scottsdale, AZ","2024-05-22"
"04","013","0019","42602",1,33.48378,-112.14256,"NAD83","Nitrogen dioxide (NO2)","1 HOUR","NO2 1-hour 2010","2019-08-28","Parts per billion","None",22,92.0,6.454545,21,7,20,"099","INSTRUMENTAL - GAS PHASE CHEMILUMINESCENCE","WEST PHOENIX","3847 W EARLL DR-WEST PHOENIX STATION","Arizona","Maricopa","Phoenix","Phoenix-Mesa-Scottsdale, AZ","2024-05-22"
"04","013","0019","42602",1,33.48378,-112.14256,"NAD83","Nitrogen dioxide (NO2)","1 HOUR","NO2 1-hour 2010","2019-08-29","Parts per billion","None",24,100.0,10.375,25,22,24,"099","INSTRUMENTAL - GAS PHASE CHEMILUMINESCENCE","WEST PHOENIX","3847 W EARLL DR-WEST PHOENIX STATION","Arizona","Maricopa","Phoenix","Phoenix-Mesa-Scottsdale, AZ","2024-05-22"
"04","013","0019","42602",1,33.48378,-112.14256,"NAD83","Nitrogen dioxide (NO2)","1 HOUR","NO2 1-hour 2010","2019-08-30","Parts per billion","None",24,100.0,11,21,0,20,"099","INSTRUMENTAL - GAS PHASE CHEMILUMINESCENCE","WEST PHOENIX","3847 W EARLL DR-WEST PHOENIX STATION","Arizona","Maricopa","Phoenix","Phoenix-Mesa-Scottsdale, AZ","2024-05-22"
"04","013","0019","42602",1,33.48378,-112.14256,"NAD83","Nitrogen dioxide (NO2)","1 HOUR","NO2 1-hour 2010","2019-08-31","Parts per billion","None",24,100.0,7.625,24,22,23,"099","INSTRUMENTAL - GAS PHASE CHEMILUMINESCENCE","WEST PHOENIX","3847 W EARLL DR-WEST PHOENIX STATION","Arizona","Maricopa","Phoenix","Phoenix-Mesa-Scottsdale, AZ","2024-05-22"
"04","013","0019","42602",1,33.48378,-112.14256,"NAD83","Nitrogen dioxide (NO2)","1 HOUR","NO2 1-hour 2010","2019-09-01","Parts per billion","None",24,100.0,4.375,23,0,22,"099","INSTRUMENTAL - GAS PHASE CHEMILUMINESCENCE","WEST PHOENIX","3847 W EARLL DR-WEST PHOENIX STATION","Arizona","Maricopa","Phoenix","Phoenix-Mesa-Scottsdale, AZ","2024-05-22"
"04","013","0019","42602",1,33.48378,-112.14256,"NAD83","Nitrogen dioxide (NO2)","1 HOUR","NO2 1-hour 2010","2019-09-02","Parts per billion","None",24,100.0,7.041667,19,5,18,"099","INSTRUMENTAL - GAS PHASE CHEMILUMINESCENCE","WEST PHOENIX","3847 W EARLL DR-WEST PHOENIX STATION","Arizona","Maricopa","Phoenix","Phoenix-Mesa-Scottsdale, AZ","2024-05-22"
"04","013","0019","42602",1,33.48378,-112.14256,"NAD83","Nitrogen dioxide (NO2)","1 HOUR","NO2 1-hour 2010","2019-09-03","Parts per billion","None",23,96.0,9.521739,24,6,23,"099","INSTRUMENTAL - GAS PHASE CHEMILUMINESCENCE","WEST PHOENIX","3847 W EARLL DR-WEST PHOENIX STATION","Arizona","Maricopa","Phoenix","Phoenix-Mesa-Scottsdale, AZ","2024-05-22"
"04","013","0019","42602",1,33.48378,-112.14256,"NAD83","Nitrogen dioxide (NO2)","1 HOUR","NO2 1-hour 2010","2019-09-04","Parts per billion","None",23,96.0,9.304348,20,2,19,"099","INSTRUMENTAL - GAS PHASE CHEMILUMINESCENCE","WEST PHOENIX","3847 W EARLL DR-WEST PHOENIX STATION","Arizona","Maricopa","Phoenix","Phoenix-Mesa-Scottsdale, AZ","2024-05-22"
"04","013","0019","42602",1,33.48378,-112.14256,"NAD83","Nitrogen dioxide (NO2)","1 HOUR","NO2 1-hour 2010","2019-09-05","Parts per billion","None",24,100.0,8.291667,24,6,23,"099","INSTRUMENTAL - GAS PHASE CHEMILUMINESCENCE","WEST PHOENIX","3847 W EARLL DR-WEST PHOENIX STATION","Arizona","Maricopa","Phoenix","Phoenix-Mesa-Scottsdale, AZ","2024-05-22"
"04","013","0019","42602",1,33.48378,-112.14256,"NAD83","Nitrogen dioxide (NO2)","1 HOUR","NO2 1-hour 2010","2019-09-06","Parts per billion","None",24,100.0,6.208333,14,21,13,"099","INSTRUMENTAL - GAS PHASE CHEMILUMINESCENCE","WEST PHOENIX","3847 W EARLL DR-WEST PHOENIX STATION","Arizona","Maricopa","Phoenix","Phoenix-Mesa-Scottsdale, AZ","2024-05-22"
"04","013","0019","42602",1,33.48378,-112.14256,"NAD83","Nitrogen dioxide (NO2)","1 HOUR","NO2 1-hour 2010","2019-09-07","Parts per billion","None",24,100.0,4.333333,10,21,9,"099","INSTRUMENTAL - GAS PHASE CHEMILUMINESCENCE","WEST PHOENIX","3847 W EARLL DR-WEST PHOENIX STATION","Arizona","Maricopa","Phoenix","Phoenix-Mesa-Scottsdale, AZ","2024-05-22"
"04","013","0019","42602",1,33.48378,-112.14256,"NAD83","Nitrogen dioxide (NO2)","1 HOUR","NO2 1-hour 2010","2019-09-08","Parts per billion","None",24,100.0,2.75,8,0,8,"099","INSTRUMENTAL - GAS PHASE CHEMILUMINESCENCE","WEST PHOENIX","3847 W EARLL DR-WEST PHOENIX STATION","Arizona","Maricopa","Phoenix","Phoenix-Mesa-Scottsdale, AZ","2024-05-22"
"04","013","0019","42602",1,33.48378,-112.14256,"NAD83","Nitrogen dioxide (NO2)","1 HOUR","NO2 1-hour 2010","2019-09-09","Parts per billion","None",24,100.0,3.708333,7,10,7,"099","INSTRUMENTAL - GAS PHASE CHEMILUMINESCENCE","WEST PHOENIX","3847 W EARLL DR-WEST PHOENIX STATION","Arizona","Maricopa","Phoenix","Phoenix-Mesa-Scottsdale, AZ","2024-05-22"
"04","013","0019","42602",1,33.48378,-112.14256,"NAD83","Nitrogen dioxide (NO2)","1 HOUR","NO2 1-hour 2010","2019-09-10","Parts per billion","None",24,100.0,3.5,13,6,12,"099","INSTRUMENTAL - GAS PHASE CHEMILUMINESCENCE","WEST PHOENIX","3847 W EARLL DR-WEST PHOENIX STATION","Arizona","Maricopa","Phoenix","Phoenix-Mesa-Scottsdale, AZ","2024-05-22"
"04","013","0019","42602",1,33.48378,-112.14256,"NAD83","Nitrogen dioxide (NO2)","1 HOUR","NO2 1-hour 2010","2019-09-11","Parts per billion","None",21,88.0,5.904762,18,21,17,"099","INSTRUMENTAL - GAS PHASE CHEMILUMINESCENCE","WEST PHOENIX","3847 W EARLL DR-WEST PHOENIX STATION","Arizona","Maricopa","Phoenix","Phoenix-Mesa-Scottsdale, AZ","2024-05-22"
"04","013","0019","42602",1,33.48378,-112.14256,"NAD83","Nitrogen dioxide (NO2)","1 HOUR","NO2 1-hour 2010","2019-09-12","Parts per billion","None",24,100.0,13.75,27,20,25,"099","INSTRUMENTAL - GAS PHASE CHEMILUMINESCENCE","WEST PHOENIX","3847 W EARLL DR-WEST PHOENIX STATION","Arizona","Maricopa","Phoenix","Phoenix-Mesa-Scottsdale, AZ","2024-05-22"
"04","013","0019","42602",1,33.48378,-112.14256,"NAD83","Nitrogen dioxide (NO2)","1 HOUR","NO2 1-hour 2010","2019-09-13","Parts per billion","None",24,100.0,16.125,32,7,30,"099","INSTRUMENTAL - GAS PHASE CHEMILUMINESCENCE","WEST PHOENIX","3847 W EARLL DR-WEST PHOENIX STATION","Arizona","Maricopa","Phoenix","Phoenix-Mesa-Scottsdale, AZ","2024-05-22"
"04","013","0019","42602",1,33.48378,-112.14256,"NAD83","Nitrogen dioxide (NO2)","1 HOUR","NO2 1-hour 2010","2019-09-14","Parts per billion","None",24,100.0,8.833333,33,1,31,"099","INSTRUMENTAL - GAS PHASE CHEMILUMINESCENCE","WEST PHOENIX","3847 W EARLL DR-WEST PHOENIX STATION","Arizona","Maricopa","Phoenix","Phoenix-Mesa-Scottsdale, AZ","2024-05-22"
"04","013","0019","42602",1,33.48378,-112.14256,"NAD83","Nitrogen dioxide (NO2)","1 HOUR","NO2 1-hour 2010","2019-09-15","Parts per billion","None",24,100.0,7.125,26,22,25,"099","INSTRUMENTAL - GAS PHASE CHEMILUMINESCENCE","WEST PHOENIX","3847 W EARLL DR-WEST PHOENIX STATION","Arizona","Maricopa","Phoenix","Phoenix-Mesa-Scottsdale, AZ","2024-05-22"
"04","013","0019","42602",1,33.48378,-112.14256,"NAD83","Nitrogen dioxide (NO2)","1 HOUR","NO2 1-hour 2010","2019-09-16","Parts per billion","None",24,100.0,7.25,14,5,13,"099","INSTRUMENTAL - GAS PHASE CHEMILUMINESCENCE","WEST PHOENIX","3847 W EARLL DR-WEST PHOENIX STATION","Arizona","Maricopa","Phoenix","Phoenix-Mesa-Scottsdale, AZ","2024-05-22"
"04","013","0019","42602",1,33.48378,-112.14256,"NAD83","Nitrogen dioxide (NO2)","1 HOUR","NO2 1-hour 2010","2019-09-17","Parts per billion","None",24,100.0,12.666667,29,5,27,"099","INSTRUMENTAL - GAS PHASE CHEMILUMINESCENCE","WEST PHOENIX","3847 W EARLL DR-WEST PHOENIX STATION","Arizona","Maricopa","Phoenix","Phoenix-Mesa-Scottsdale, AZ","2024-05-22"
"04","013","0019","42602",1,33.48378,-112.14256,"NAD83","Nitrogen dioxide (NO2)","1 HOUR","NO2 1-hour 2010","2019-09-18","Parts per billion","None",20,83.0,17.4,31,0,29,"099","INSTRUMENTAL - GAS PHASE CHEMILUMINESCENCE","WEST PHOENIX","3847 W EARLL DR-WEST PHOENIX STATION","Arizona","Maricopa","Phoenix","Phoenix-Mesa-Scottsdale, AZ","2024-05-22"
"04","013","0019","42602",1,33.48378,-112.14256,"NAD83","Nitrogen dioxide (NO2)","1 HOUR","NO2 1-hour 2010","2019-09-19","Parts per billion","None",24,100.0,10.458333,23,4,22,"099","INSTRUMENTAL - GAS PHASE CHEMILUMINESCENCE","WEST PHOENIX","3847 W EARLL DR-WEST PHOENIX STATION","Arizona","Maricopa","Phoenix","Phoenix-Mesa-Scottsdale, AZ","2024-05-22"
"04","013","0019","42602",1,33.48378,-112.14256,"NAD83","Nitrogen dioxide (NO2)","1 HOUR","NO2 1-hour 2010","2019-09-20","Parts per billion","None",24,100.0,14,33,23,31,"099","INSTRUMENTAL - GAS PHASE CHEMILUMINESCENCE","WEST PHOENIX","3847 W EARLL DR-WEST PHOENIX STATION","Arizona","Maricopa","Phoenix","Phoenix-Mesa-Scottsdale, AZ","2024-05-22"
"04","013","0019","42602",1,33.48378,-112.14256,"NAD83","Nitrogen dioxide (NO2)","1 HOUR","NO2 1-hour 2010","2019-09-21","Parts per billion","None",24,100.0,16.5,38,20,36,"099","INSTRUMENTAL - GAS PHASE CHEMILUMINESCENCE","WEST PHOENIX","3847 W EARLL DR-WEST PHOENIX STATION","Arizona","Maricopa","Phoenix","Phoenix-Mesa-Scottsdale, AZ","2024-05-22"
"04","013","0019","42602",1,33.48378,-112.14256,"NAD83","Nitrogen dioxide (NO2)","1 HOUR","NO2 1-hour 2010","2019-09-22","Parts per billion","None",24,100.0,16.791667,34,22,32,"099","INSTRUMENTAL - GAS PHASE CHEMILUMINESCENCE","WEST PHOENIX","3847 W EARLL DR-WEST PHOENIX STATION","Arizona","Maricopa","Phoenix","Phoenix-Mesa-Scottsdale, AZ","2024-05-22"
"04","013","0019","42602",1,33.48378,-112.14256,"NAD83","Nitrogen dioxide (NO2)","1 HOUR","NO2 1-hour 2010","2019-09-23","Parts per billion","None",24,100.0,5.625,13,23,12,"099","INSTRUMENTAL - GAS PHASE CHEMILUMINESCENCE","WEST PHOENIX","3847 W EARLL DR-WEST PHOENIX STATION","Arizona","Maricopa","Phoenix","Phoenix-Mesa-Scottsdale, AZ","2024-05-22"
"04","013","0019","42602",1,33.48378,-112.14256,"NAD83","Nitrogen dioxide (NO2)","1 HOUR","NO2 1-hour 2010","2019-09-24","Parts per billion","None",24,100.0,11.75,28,7,26,"099","INSTRUMENTAL - GAS PHASE CHEMILUMINESCENCE","WEST PHOENIX","3847 W EARLL DR-WEST PHOENIX STATION","Arizona","Maricopa","Phoenix","Phoenix-Mesa-Scottsdale, AZ","2024-05-22"
"04","013","0019","42602",1,33.48378,-112.14256,"NAD83","Nitrogen dioxide (NO2)","1 HOUR","NO2 1-hour 2010","2019-09-25","Parts per billion","None",22,92.0,11.772727,24,0,23,"099","INSTRUMENTAL - GAS PHASE CHEMILUMINESCENCE","WEST PHOENIX","3847 W EARLL DR-WEST PHOENIX STATION","Arizona","Maricopa","Phoenix","Phoenix-Mesa-Scottsdale, AZ","2024-05-22"
"04","013","0019","42602",1,33.48378,-112.14256,"NAD83","Nitrogen dioxide (NO2)","1 HOUR","NO2 1-hour 2010","2019-09-26","Parts per billion","None",24,100.0,9.791667,19,6,18,"099","INSTRUMENTAL - GAS PHASE CHEMILUMINESCENCE","WEST PHOENIX","3847 W EARLL DR-WEST PHOENIX STATION","Arizona","Maricopa","Phoenix","Phoenix-Mesa-Scottsdale, AZ","2024-05-22"
"04","013","0019","42602",1,33.48378,-112.14256,"NAD83","Nitrogen dioxide (NO2)","1 HOUR","NO2 1-hour 2010","2019-09-27","Parts per billion","None",24,100.0,10.333333,30,21,28,"099","INSTRUMENTAL - GAS PHASE CHEMILUMINESCENCE","WEST PHOENIX","3847 W EARLL DR-WEST PHOENIX STATION","Arizona","Maricopa","Phoenix","Phoenix-Mesa-Scottsdale, AZ","2024-05-22"
"04","013","0019","42602",1,33.48378,-112.14256,"NAD83","Nitrogen dioxide (NO2)","1 HOUR","NO2 1-hour 2010","2019-09-28","Parts per billion","None",24,100.0,11.208333,27,0,25,"099","INSTRUMENTAL - GAS PHASE CHEMILUMINESCENCE","WEST PHOENIX","3847 W EARLL DR-WEST PHOENIX STATION","Arizona","Maricopa","Phoenix","Phoenix-Mesa-Scottsdale, AZ","2024-05-22"
"04","013","0019","42602",1,33.48378,-112.14256,"NAD83","Nitrogen dioxide (NO2)","1 HOUR","NO2 1-hour 2010","2019-09-29","Parts per billion","None",23,96.0,7.73913,26,23,25,"099","INSTRUMENTAL - GAS PHASE CHEMILUMINESCENCE","WEST PHOENIX","3847 W EARLL DR-WEST PHOENIX STATION","Arizona","Maricopa","Phoenix","Phoenix-Mesa-Scottsdale, AZ","2024-05-22"
"04","013","0019","42602",1,33.48378,-112.14256,"NAD83","Nitrogen dioxide (NO2)","1 HOUR","NO2 1-hour 2010","2019-09-30","Parts per billion","None",24,100.0,15.208333,27,6,25,"099","INSTRUMENTAL - GAS PHASE CHEMILUMINESCENCE","WEST PHOENIX","3847 W EARLL DR-WEST PHOENIX STATION","Arizona","Maricopa","Phoenix","Phoenix-Mesa-Scottsdale, AZ","2024-05-22"
"04","013","0019","42602",1,33.48378,-112.14256,"NAD83","Nitrogen dioxide (NO2)","1 HOUR","NO2 1-hour 2010","2019-10-01","Parts per billion","None",22,92.0,19.409091,42,21,40,"099","INSTRUMENTAL - GAS PHASE CHEMILUMINESCENCE","WEST PHOENIX","3847 W EARLL DR-WEST PHOENIX STATION","Arizona","Maricopa","Phoenix","Phoenix-Mesa-Scottsdale, AZ","2024-05-22"
"04","013","0019","42602",1,33.48378,-112.14256,"NAD83","Nitrogen dioxide (NO2)","1 HOUR","NO2 1-hour 2010","2019-10-02","Parts per billion","None",24,100.0,19.875,40,21,38,"099","INSTRUMENTAL - GAS PHASE CHEMILUMINESCENCE","WEST PHOENIX","3847 W EARLL DR-WEST PHOENIX STATION","Arizona","Maricopa","Phoenix","Phoenix-Mesa-Scottsdale, AZ","2024-05-22"
"04","013","0019","42602",1,33.48378,-112.14256,"NAD83","Nitrogen dioxide (NO2)","1 HOUR","NO2 1-hour 2010","2019-10-03","Parts per billion","None",24,100.0,20.916667,36,20,34,"099","INSTRUMENTAL - GAS PHASE CHEMILUMINESCENCE","WEST PHOENIX","3847 W EARLL DR-WEST PHOENIX STATION","Arizona","Maricopa","Phoenix","Phoenix-Mesa-Scottsdale, AZ","2024-05-22"
"04","013","0019","42602",1,33.48378,-112.14256,"NAD83","Nitrogen dioxide (NO2)","1 HOUR","NO2 1-hour 2010","2019-10-04","Parts per billion","None",24,100.0,17.375,28,0,26,"099","INSTRUMENTAL - GAS PHASE CHEMILUMINESCENCE","WEST PHOENIX","3847 W EARLL DR-WEST PHOENIX STATION","Arizona","Maricopa","Phoenix","Phoenix-Mesa-Scottsdale, AZ","2024-05-22"
"04","013","0019","42602",1,33.48378,-112.14256,"NAD83","Nitrogen dioxide (NO2)","1 HOUR","NO2 1-hour 2010","2019-10-05","Parts per billion","None",24,100.0,15.333333,32,19,30,"099","INSTRUMENTAL - GAS PHASE CHEMILUMINESCENCE","WEST PHOENIX","3847 W EARLL DR-WEST PHOENIX STATION","Arizona","Maricopa","Phoenix","Phoenix-Mesa-Scottsdale, AZ","2024-05-22"
"04","013","0019","42602",1,33.48378,-112.14256,"NAD83","Nitrogen dioxide (NO2)","1 HOUR","NO2 1-hour 2010","2019-10-06","Parts per billion","None",24,100.0,18.5,40,20,38,"099","INSTRUMENTAL - GAS PHASE CHEMILUMINESCENCE","WEST PHOENIX","3847 W EARLL DR-WEST PHOENIX STATION","Arizona","Maricopa","Phoenix","Phoenix-Mesa-Scottsdale, AZ","2024-05-22"
"04","013","0019","42602",1,33.48378,-112.14256,"NAD83","Nitrogen dioxide (NO2)","1 HOUR","NO2 1-hour 2010","2019-10-07","Parts per billion","None",24,100.0,22.083333,42,8,40,"099","INSTRUMENTAL - GAS PHASE CHEMILUMINESCENCE","WEST PHOENIX","3847 W EARLL DR-WEST PHOENIX STATION","Arizona","Maricopa","Phoenix","Phoenix-Mesa-Scottsdale, AZ","2024-05-22"
"04","013","0019","42602",1,33.48378,-112.14256,"NAD83","Nitrogen dioxide (NO2)","1 HOUR","NO2 1-hour 2010","2019-10-08","Parts per billion","None",24,100.0,24.291667,40,19,38,"099","INSTRUMENTAL - GAS PHASE CHEMILUMINESCENCE","WEST PHOENIX","3847 W EARLL DR-WEST PHOENIX STATION","Arizona","Maricopa","Phoenix","Phoenix-Mesa-Scottsdale, AZ","2024-05-22"
"04","013","0019","42602",1,33.48378,-112.14256,"NAD83","Nitrogen dioxide (NO2)","1 HOUR","NO2 1-hour 2010","2019-10-09","Parts per billion","None",22,92.0,17,34,0,32,"099","INSTRUMENTAL - GAS PHASE CHEMILUMINESCENCE","WEST PHOENIX","3847 W EARLL DR-WEST PHOENIX STATION","Arizona","Maricopa","Phoenix","Phoenix-Mesa-Scottsdale, AZ","2024-05-22"
"04","013","0019","42602",1,33.48378,-112.14256,"NAD83","Nitrogen dioxide (NO2)","1 HOUR","NO2 1-hour 2010","2019-10-10","Parts per billion","None",24,100.0,10.916667,28,6,26,"099","INSTRUMENTAL - GAS PHASE CHEMILUMINESCENCE","WEST PHOENIX","3847 W EARLL DR-WEST PHOENIX STATION","Arizona","Maricopa","Phoenix","Phoenix-Mesa-Scottsdale, AZ","2024-05-22"
"04","013","0019","42602",1,33.48378,-112.14256,"NAD83","Nitrogen dioxide (NO2)","1 HOUR","NO2 1-hour 2010","2019-10-11","Parts per billion","None",24,100.0,13.583333,37,20,35,"099","INSTRUMENTAL - GAS PHASE CHEMILUMINESCENCE","WEST PHOENIX","3847 W EARLL DR-WEST PHOENIX STATION","Arizona","Maricopa","Phoenix","Phoenix-Mesa-Scottsdale, AZ","2024-05-22"
"04","013","0019","42602",1,33.48378,-112.14256,"NAD83","Nitrogen dioxide (NO2)","1 HOUR","NO2 1-hour 2010","2019-10-12","Parts per billion","None",24,100.0,18.291667,39,20,37,"099","INSTRUMENTAL - GAS PHASE CHEMILUMINESCENCE","WEST PHOENIX","3847 W EARLL DR-WEST PHOENIX STATION","Arizona","Maricopa","Phoenix","Phoenix-Mesa-Scottsdale, AZ","2024-05-22"
"04","013","0019","42602",1,33.48378,-112.14256,"NAD83","Nitrogen dioxide (NO2)","1 HOUR","NO2 1-hour 2010","2019-10-13","Parts per billion","None",24,100.0,17.416667,38,21,36,"099","INSTRUMENTAL - GAS PHASE CHEMILUMINESCENCE","WEST PHOENIX","3847 W EARLL DR-WEST PHOENIX STATION","Arizona","Maricopa","Phoenix","Phoenix-Mesa-Scottsdale, AZ","2024-05-22"
"04","013","0019","42602",1,33.48378,-112.14256,"NAD83","Nitrogen dioxide (NO2)","1 HOUR","NO2 1-hour 2010","2019-10-14","Parts per billion","None",22,92.0,17.5,34,0,32,"099","INSTRUMENTAL - GAS PHASE CHEMILUMINESCENCE","WEST PHOENIX","3847 W EARLL DR-WEST PHOENIX STATION","Arizona","Maricopa","Phoenix","Phoenix-Mesa-Scottsdale, AZ","2024-05-22"
"04","013","0019","42602",1,33.48378,-112.14256,"NAD83","Nitrogen dioxide (NO2)","1 HOUR","NO2 1-hour 2010","2019-10-15","Parts per billion","None",24,100.0,17.583333,34,20,32,"099","INSTRUMENTAL - GAS PHASE CHEMILUMINESCENCE","WEST PHOENIX","3847 W EARLL DR-WEST PHOENIX STATION","Arizona","Maricopa","Phoenix","Phoenix-Mesa-Scottsdale, AZ","2024-05-22"
"04","013","0019","42602",1,33.48378,-112.14256,"NAD83","Nitrogen dioxide (NO2)","1 HOUR","NO2 1-hour 2010","2019-10-16","Parts per billion","None",24,100.0,20.291667,37,21,35,"099","INSTRUMENTAL - GAS PHASE CHEMILUMINESCENCE","WEST PHOENIX","3847 W EARLL DR-WEST PHOENIX STATION","Arizona","Maricopa","Phoenix","Phoenix-Mesa-Scottsdale, AZ","2024-05-22"
"04","013","0019","42602",1,33.48378,-112.14256,"NAD83","Nitrogen dioxide (NO2)","1 HOUR","NO2 1-hour 2010","2019-10-17","Parts per billion","None",21,88.0,16.095238,38,6,36,"099","INSTRUMENTAL - GAS PHASE CHEMILUMINESCENCE","WEST PHOENIX","3847 W EARLL DR-WEST PHOENIX STATION","Arizona","Maricopa","Phoenix","Phoenix-Mesa-Scottsdale, AZ","2024-05-22"
"04","013","0019","42602",1,33.48378,-112.14256,"NAD83","Nitrogen dioxide (NO2)","1 HOUR","NO2 1-hour 2010","2019-10-18","Parts per billion","None",24,100.0,13.791667,35,22,33,"099","INSTRUMENTAL - GAS PHASE CHEMILUMINESCENCE","WEST PHOENIX","3847 W EARLL DR-WEST PHOENIX STATION","Arizona","Maricopa","Phoenix","Phoenix-Mesa-Scottsdale, AZ","2024-05-22"
"04","013","0019","42602",1,33.48378,-112.14256,"NAD83","Nitrogen dioxide (NO2)","1 HOUR","NO2 1-hour 2010","2019-10-19","Parts per billion","None",24,100.0,21.041667,41,20,39,"099","INSTRUMENTAL - GAS PHASE CHEMILUMINESCENCE","WEST PHOENIX","3847 W EARLL DR-WEST PHOENIX STATION","Arizona","Maricopa","Phoenix","Phoenix-Mesa-Scottsdale, AZ","2024-05-22"
"04","013","0019","42602",1,33.48378,-112.14256,"NAD83","Nitrogen dioxide (NO2)","1 HOUR","NO2 1-hour 2010","2019-10-20","Parts per billion","None",24,100.0,15.958333,35,0,33,"099","INSTRUMENTAL - GAS PHASE CHEMILUMINESCENCE","WEST PHOENIX","3847 W EARLL DR-WEST PHOENIX STATION","Arizona","Maricopa","Phoenix","Phoenix-Mesa-Scottsdale, AZ","2024-05-22"
"04","013","0019","42602",1,33.48378,-112.14256,"NAD83","Nitrogen dioxide (NO2)","1 HOUR","NO2 1-hour 2010","2019-10-21","Parts per billion","None",24,100.0,20.166667,41,8,39,"099","INSTRUMENTAL - GAS PHASE CHEMILUMINESCENCE","WEST PHOENIX","3847 W EARLL DR-WEST PHOENIX STATION","Arizona","Maricopa","Phoenix","Phoenix-Mesa-Scottsdale, AZ","2024-05-22"
"04","013","0019","42602",1,33.48378,-112.14256,"NAD83","Nitrogen dioxide (NO2)","1 HOUR","NO2 1-hour 2010","2019-10-22","Parts per billion","None",24,100.0,25.041667,47,19,44,"099","INSTRUMENTAL - GAS PHASE CHEMILUMINESCENCE","WEST PHOENIX","3847 W EARLL DR-WEST PHOENIX STATION","Arizona","Maricopa","Phoenix","Phoenix-Mesa-Scottsdale, AZ","2024-05-22"
"04","013","0019","42602",1,33.48378,-112.14256,"NAD83","Nitrogen dioxide (NO2)","1 HOUR","NO2 1-hour 2010","2019-10-23","Parts per billion","None",24,100.0,25.708333,45,20,42,"099","INSTRUMENTAL - GAS PHASE CHEMILUMINESCENCE","WEST PHOENIX","3847 W EARLL DR-WEST PHOENIX STATION","Arizona","Maricopa","Phoenix","Phoenix-Mesa-Scottsdale, AZ","2024-05-22"
"04","013","0019","42602",1,33.48378,-112.14256,"NAD83","Nitrogen dioxide (NO2)","1 HOUR","NO2 1-hour 2010","2019-10-24","Parts per billion","None",21,88.0,15.095238,35,0,33,"099","INSTRUMENTAL - GAS PHASE CHEMILUMINESCENCE","WEST PHOENIX","3847 W EARLL DR-WEST PHOENIX STATION","Arizona","Maricopa","Phoenix","Phoenix-Mesa-Scottsdale, AZ","2024-05-22"
"04","013","0019","42602",1,33.48378,-112.14256,"NAD83","Nitrogen dioxide (NO2)","1 HOUR","NO2 1-hour 2010","2019-10-25","Parts per billion","None",24,100.0,13.708333,41,21,39,"099","INSTRUMENTAL - GAS PHASE CHEMILUMINESCENCE","WEST PHOENIX","3847 W EARLL DR-WEST PHOENIX STATION","Arizona","Maricopa","Phoenix","Phoenix-Mesa-Scottsdale, AZ","2024-05-22"
"04","013","0019","42602",1,33.48378,-112.14256,"NAD83","Nitrogen dioxide (NO2)","1 HOUR","NO2 1-hour 2010","2019-10-26","Parts per billion","None",24,100.0,21.875,42,20,40,"099","INSTRUMENTAL - GAS PHASE CHEMILUMINESCENCE","WEST PHOENIX","3847 W EARLL DR-WEST PHOENIX STATION","Arizona","Maricopa","Phoenix","Phoenix-Mesa-Scottsdale, AZ","2024-05-22"
"04","013","0019","42602",1,33.48378,-112.14256,"NAD83","Nitrogen dioxide (NO2)","1 HOUR","NO2 1-hour 2010","2019-10-27","Parts per billion","None",24,100.0,8.583333,17,0,16,"099","INSTRUMENTAL - GAS PHASE CHEMILUMINESCENCE","WEST PHOENIX","3847 W EARLL DR-WEST PHOENIX STATION","Arizona","Maricopa","Phoenix","Phoenix-Mesa-Scottsdale, AZ","2024-05-22"
"04","013","0019","42602",1,33.48378,-112.14256,"NAD83","Nitrogen dioxide (NO2)","1 HOUR","NO2 1-hour 2010","2019-10-28","Parts per billion","None",24,100.0,11.833333,35,19,33,"099","INSTRUMENTAL - GAS PHASE CHEMILUMINESCENCE","WEST PHOENIX","3847 W EARLL DR-WEST PHOENIX STATION","Arizona","Maricopa","Phoenix","Phoenix-Mesa-Scottsdale, AZ","2024-05-22"
"04","013","0019","42602",1,33.48378,-112.14256,"NAD83","Nitrogen dioxide (NO2)","1 HOUR","NO2 1-hour 2010","2019-10-29","Parts per billion","None",22,92.0,22.863636,39,19,37,"099","INSTRUMENTAL - GAS PHASE CHEMILUMINESCENCE","WEST PHOENIX","3847 W EARLL DR-WEST PHOENIX STATION","Arizona","Maricopa","Phoenix","Phoenix-Mesa-Scottsdale, AZ","2024-05-22"
"04","013","0019","42602",1,33.48378,-112.14256,"NAD83","Nitrogen dioxide (NO2)","1 HOUR","NO2 1-hour 2010","2019-10-30","Parts per billion","None",24,100.0,5.833333,30,18,28,"099","INSTRUMENTAL - GAS PHASE CHEMILUMINESCENCE","WEST PHOENIX","3847 W EARLL DR-WEST PHOENIX STATION","Arizona","Maricopa","Phoenix","Phoenix-Mesa-Scottsdale, AZ","2024-05-22"
"04","013","0019","42602",1,33.48378,-112.14256,"NAD83","Nitrogen dioxide (NO2)","1 HOUR","NO2 1-hour 2010","2019-10-31","Parts per billion","None",24,100.0,18.458333,39,19,37,"099","INSTRUMENTAL - GAS PHASE CHEMILUMINESCENCE","WEST PHOENIX","3847 W EARLL DR-WEST PHOENIX STATION","Arizona","Maricopa","Phoenix","Phoenix-Mesa-Scottsdale, AZ","2024-05-22"
"04","013","0019","42602",1,33.48378,-112.14256,"NAD83","Nitrogen dioxide (NO2)","1 HOUR","NO2 1-hour 2010","2019-11-01","Parts per billion","None",24,100.0,25.875,46,18,43,"099","INSTRUMENTAL - GAS PHASE CHEMILUMINESCENCE","WEST PHOENIX","3847 W EARLL DR-WEST PHOENIX STATION","Arizona","Maricopa","Phoenix","Phoenix-Mesa-Scottsdale, AZ","2024-05-22"
"04","013","0019","42602",1,33.48378,-112.14256,"NAD83","Nitrogen dioxide (NO2)","1 HOUR","NO2 1-hour 2010","2019-11-02","Parts per billion","None",24,100.0,25.5,49,18,46,"099","INSTRUMENTAL - GAS PHASE CHEMILUMINESCENCE","WEST PHOENIX","3847 W EARLL DR-WEST PHOENIX STATION","Arizona","Maricopa","Phoenix","Phoenix-Mesa-Scottsdale, AZ","2024-05-22"
"04","013","0019","42602",1,33.48378,-112.14256,"NAD83","Nitrogen dioxide (NO2)","1 HOUR","NO2 1-hour 2010","2019-11-03","Parts per billion","None",24,100.0,24.041667,47,19,44,"099","INSTRUMENTAL - GAS PHASE CHEMILUMINESCENCE","WEST PHOENIX","3847 W EARLL DR-WEST PHOENIX STATION","Arizona","Maricopa","Phoenix","Phoenix-Mesa-Scottsdale, AZ","2024-05-22"
"04","013","0019","42602",1,33.48378,-112.14256,"NAD83","Nitrogen dioxide (NO2)","1 HOUR","NO2 1-hour 2010","2019-11-04","Parts per billion","None",24,100.0,25.875,41,20,39,"099","INSTRUMENTAL - GAS PHASE CHEMILUMINESCENCE","WEST PHOENIX","3847 W EARLL DR-WEST PHOENIX STATION","Arizona","Maricopa","Phoenix","Phoenix-Mesa-Scottsdale, AZ","2024-05-22"
"04","013","0019","42602",1,33.48378,-112.14256,"NAD83","Nitrogen dioxide (NO2)","1 HOUR","NO2 1-hour 2010","2019-11-05","Parts per billion","None",24,100.0,25.916667,47,18,44,"099","INSTRUMENTAL - GAS PHASE CHEMILUMINESCENCE","WEST PHOENIX","3847 W EARLL DR-WEST PHOENIX STATION","Arizona","Maricopa","Phoenix","Phoenix-Mesa-Scottsdale, AZ","2024-05-22"
"04","013","0019","42602",1,33.48378,-112.14256,"NAD83","Nitrogen dioxide (NO2)","1 HOUR","NO2 1-hour 2010","2019-11-06","Parts per billion","None",22,92.0,19.454545,35,0,33,"099","INSTRUMENTAL - GAS PHASE CHEMILUMINESCENCE","WEST PHOENIX","3847 W EARLL DR-WEST PHOENIX STATION","Arizona","Maricopa","Phoenix","Phoenix-Mesa-Scottsdale, AZ","2024-05-22"
"04","013","0019","42602",1,33.48378,-112.14256,"NAD83","Nitrogen dioxide (NO2)","1 HOUR","NO2 1-hour 2010","2019-11-07","Parts per billion","None",24,100.0,21.833333,43,19,41,"099","INSTRUMENTAL - GAS PHASE CHEMILUMINESCENCE","WEST PHOENIX","3847 W EARLL DR-WEST PHOENIX STATION","Arizona","Maricopa","Phoenix","Phoenix-Mesa-Scottsdale, AZ","2024-05-22"
"04","013","0019","42602",1,33.48378,-112.14256,"NAD83","Nitrogen dioxide (NO2)","1 HOUR","NO2 1-hour 2010","2019-11-08","Parts per billion","None",24,100.0,18.916667,35,19,33,"099","INSTRUMENTAL - GAS PHASE CHEMILUMINESCENCE","WEST PHOENIX","3847 W EARLL DR-WEST PHOENIX STATION","Arizona","Maricopa","Phoenix","Phoenix-Mesa-Scottsdale, AZ","2024-05-22"
"04","013","0019","42602",1,33.48378,-112.14256,"NAD83","Nitrogen dioxide (NO2)","1 HOUR","NO2 1-hour 2010","2019-11-09","Parts per billion","None",24,100.0,19.166667,35,18,33,"099","INSTRUMENTAL - GAS PHASE CHEMILUMINESCENCE","WEST PHOENIX","3847 W EARLL DR-WEST PHOENIX STATION","Arizona","Maricopa","Phoenix","Phoenix-Mesa-Scottsdale, AZ","2024-05-22"
"04","013","0019","42602",1,33.48378,-112.14256,"NAD83","Nitrogen dioxide (NO2)","1 HOUR","NO2 1-hour 2010","2019-11-10","Parts per billion","None",24,100.0,18.041667,34,19,32,"099","INSTRUMENTAL - GAS PHASE CHEMILUMINESCENCE","WEST PHOENIX","3847 W EARLL DR-WEST PHOENIX STATION","Arizona","Maricopa","Phoenix","Phoenix-Mesa-Scottsdale, AZ","2024-05-22"
"04","013","0019","42602",1,33.48378,-112.14256,"NAD83","Nitrogen dioxide (NO2)","1 HOUR","NO2 1-hour 2010","2019-11-11","Parts per billion","None",24,100.0,21.208333,36,19,34,"099","INSTRUMENTAL - GAS PHASE CHEMILUMINESCENCE","WEST PHOENIX","3847 W EARLL DR-WEST PHOENIX STATION","Arizona","Maricopa","Phoenix","Phoenix-Mesa-Scottsdale, AZ","2024-05-22"
"04","013","0019","42602",1,33.48378,-112.14256,"NAD83","Nitrogen dioxide (NO2)","1 HOUR","NO2 1-hour 2010","2019-11-12","Parts per billion","None",17,71.0,23.470588,31,6,29,"099","INSTRUMENTAL - GAS PHASE CHEMILUMINESCENCE","WEST PHOENIX","3847 W EARLL DR-WEST PHOENIX STATION","Arizona","Maricopa","Phoenix","Phoenix-Mesa-Scottsdale, AZ","2024-05-22"
"04","013","0019","42602",1,33.48378,-112.14256,"NAD83","Nitrogen dioxide (NO2)","1 HOUR","NO2 1-hour 2010","2019-11-13","Parts per billion","None",21,88.0,23.857143,44,20,42,"099","INSTRUMENTAL - GAS PHASE CHEMILUMINESCENCE","WEST PHOENIX","3847 W EARLL DR-WEST PHOENIX STATION","Arizona","Maricopa","Phoenix","Phoenix-Mesa-Scottsdale, AZ","2024-05-22"
"04","013","0019","42602",1,33.48378,-112.14256,"NAD83","Nitrogen dioxide (NO2)","1 HOUR","NO2 1-hour 2010","2019-11-14","Parts per billion","None",24,100.0,27.958333,54,18,51,"099","INSTRUMENTAL - GAS PHASE CHEMILUMINESCENCE","WEST PHOENIX","3847 W EARLL DR-WEST PHOENIX STATION","Arizona","Maricopa","Phoenix","Phoenix-Mesa-Scottsdale, AZ","2024-05-22"
"04","013","0019","42602",1,33.48378,-112.14256,"NAD83","Nitrogen dioxide (NO2)","1 HOUR","NO2 1-hour 2010","2019-11-15","Parts per billion","None",17,71.0,30,49,17,46,"099","INSTRUMENTAL - GAS PHASE CHEMILUMINESCENCE","WEST PHOENIX","3847 W EARLL DR-WEST PHOENIX STATION","Arizona","Maricopa","Phoenix","Phoenix-Mesa-Scottsdale, AZ","2024-05-22"
"04","013","0019","42602",1,33.48378,-112.14256,"NAD83","Nitrogen dioxide (NO2)","1 HOUR","NO2 1-hour 2010","2019-11-16","Parts per billion","None",24,100.0,28.125,44,18,42,"099","INSTRUMENTAL - GAS PHASE CHEMILUMINESCENCE","WEST PHOENIX","3847 W EARLL DR-WEST PHOENIX STATION","Arizona","Maricopa","Phoenix","Phoenix-Mesa-Scottsdale, AZ","2024-05-22"
"04","013","0019","42602",1,33.48378,-112.14256,"NAD83","Nitrogen dioxide (NO2)","1 HOUR","NO2 1-hour 2010","2019-11-17","Parts per billion","None",24,100.0,25.958333,47,19,44,"099","INSTRUMENTAL - GAS PHASE CHEMILUMINESCENCE","WEST PHOENIX","3847 W EARLL DR-WEST PHOENIX STATION","Arizona","Maricopa","Phoenix","Phoenix-Mesa-Scottsdale, AZ","2024-05-22"
"04","013","0019","42602",1,33.48378,-112.14256,"NAD83","Nitrogen dioxide (NO2)","1 HOUR","NO2 1-hour 2010","2019-11-18","Parts per billion","None",24,100.0,29.25,44,17,42,"099","INSTRUMENTAL - GAS PHASE CHEMILUMINESCENCE","WEST PHOENIX","3847 W EARLL DR-WEST PHOENIX STATION","Arizona","Maricopa","Phoenix","Phoenix-Mesa-Scottsdale, AZ","2024-05-22"
"04","013","0019","42602",1,33.48378,-112.14256,"NAD83","Nitrogen dioxide (NO2)","1 HOUR","NO2 1-hour 2010","2019-11-19","Parts per billion","None",24,100.0,22.625,37,0,35,"099","INSTRUMENTAL - GAS PHASE CHEMILUMINESCENCE","WEST PHOENIX","3847 W EARLL DR-WEST PHOENIX STATION","Arizona","Maricopa","Phoenix","Phoenix-Mesa-Scottsdale, AZ","2024-05-22"
"04","013","0019","42602",1,33.48378,-112.14256,"NAD83","Nitrogen dioxide (NO2)","1 HOUR","NO2 1-hour 2010","2019-11-20","Parts per billion","None",22,92.0,7.272727,10,20,9,"099","INSTRUMENTAL - GAS PHASE CHEMILUMINESCENCE","WEST PHOENIX","3847 W EARLL DR-WEST PHOENIX STATION","Arizona","Maricopa","Phoenix","Phoenix-Mesa-Scottsdale, AZ","2024-05-22"
"04","013","0019","42602",1,33.48378,-112.14256,"NAD83","Nitrogen dioxide (NO2)","1 HOUR","NO2 1-hour 2010","2019-11-21","Parts per billion","None",24,100.0,12.625,26,7,25,"099","INSTRUMENTAL - GAS PHASE CHEMILUMINESCENCE","WEST PHOENIX","3847 W EARLL DR-WEST PHOENIX STATION","Arizona","Maricopa","Phoenix","Phoenix-Mesa-Scottsdale, AZ","2024-05-22"
"04","013","0019","42602",1,33.48378,-112.14256,"NAD83","Nitrogen dioxide (NO2)","1 HOUR","NO2 1-hour 2010","2019-11-22","Parts per billion","None",24,100.0,18.791667,38,19,36,"099","INSTRUMENTAL - GAS PHASE CHEMILUMINESCENCE","WEST PHOENIX","3847 W EARLL DR-WEST PHOENIX STATION","Arizona","Maricopa","Phoenix","Phoenix-Mesa-Scottsdale, AZ","2024-05-22"
"04","013","0019","42602",1,33.48378,-112.14256,"NAD83","Nitrogen dioxide (NO2)","1 HOUR","NO2 1-hour 2010","2019-11-23","Parts per billion","None",24,100.0,19.958333,40,18,38,"099","INSTRUMENTAL - GAS PHASE CHEMILUMINESCENCE","WEST PHOENIX","3847 W EARLL DR-WEST PHOENIX STATION","Arizona","Maricopa","Phoenix","Phoenix-Mesa-Scottsdale, AZ","2024-05-22"
"04","013","0019","42602",1,33.48378,-112.14256,"NAD83","Nitrogen dioxide (NO2)","1 HOUR","NO2 1-hour 2010","2019-11-24","Parts per billion","None",24,100.0,19.666667,42,18,40,"099","INSTRUMENTAL - GAS PHASE CHEMILUMINESCENCE","WEST PHOENIX","3847 W EARLL DR-WEST PHOENIX STATION","Arizona","Maricopa","Phoenix","Phoenix-Mesa-Scottsdale, AZ","2024-05-22"
"04","013","0019","42602",1,33.48378,-112.14256,"NAD83","Nitrogen dioxide (NO2)","1 HOUR","NO2 1-hour 2010","2019-11-25","Parts per billion","None",20,83.0,17.35,33,18,31,"099","INSTRUMENTAL - GAS PHASE CHEMILUMINESCENCE","WEST PHOENIX","3847 W EARLL DR-WEST PHOENIX STATION","Arizona","Maricopa","Phoenix","Phoenix-Mesa-Scottsdale, AZ","2024-05-22"
"04","013","0019","42602",1,33.48378,-112.14256,"NAD83","Nitrogen dioxide (NO2)","1 HOUR","NO2 1-hour 2010","2019-11-26","Parts per billion","None",24,100.0,14.333333,33,18,31,"099","INSTRUMENTAL - GAS PHASE CHEMILUMINESCENCE","WEST PHOENIX","3847 W EARLL DR-WEST PHOENIX STATION","Arizona","Maricopa","Phoenix","Phoenix-Mesa-Scottsdale, AZ","2024-05-22"
"04","013","0019","42602",1,33.48378,-112.14256,"NAD83","Nitrogen dioxide (NO2)","1 HOUR","NO2 1-hour 2010","2019-11-27","Parts per billion","None",24,100.0,22.583333,33,20,31,"099","INSTRUMENTAL - GAS PHASE CHEMILUMINESCENCE","WEST PHOENIX","3847 W EARLL DR-WEST PHOENIX STATION","Arizona","Maricopa","Phoenix","Phoenix-Mesa-Scottsdale, AZ","2024-05-22"
"04","013","0019","42602",1,33.48378,-112.14256,"NAD83","Nitrogen dioxide (NO2)","1 HOUR","NO2 1-hour 2010","2019-11-28","Parts per billion","None",24,100.0,9.541667,29,2,27,"099","INSTRUMENTAL - GAS PHASE CHEMILUMINESCENCE","WEST PHOENIX","3847 W EARLL DR-WEST PHOENIX STATION","Arizona","Maricopa","Phoenix","Phoenix-Mesa-Scottsdale, AZ","2024-05-22"
"04","013","0019","42602",1,33.48378,-112.14256,"NAD83","Nitrogen dioxide (NO2)","1 HOUR","NO2 1-hour 2010","2019-11-29","Parts per billion","None",24,100.0,6.541667,23,23,22,"099","INSTRUMENTAL - GAS PHASE CHEMILUMINESCENCE","WEST PHOENIX","3847 W EARLL DR-WEST PHOENIX STATION","Arizona","Maricopa","Phoenix","Phoenix-Mesa-Scottsdale, AZ","2024-05-22"
"04","013","0019","42602",1,33.48378,-112.14256,"NAD83","Nitrogen dioxide (NO2)","1 HOUR","NO2 1-hour 2010","2019-11-30","Parts per billion","None",24,100.0,16,32,19,30,"099","INSTRUMENTAL - GAS PHASE CHEMILUMINESCENCE","WEST PHOENIX","3847 W EARLL DR-WEST PHOENIX STATION","Arizona","Maricopa","Phoenix","Phoenix-Mesa-Scottsdale, AZ","2024-05-22"
"04","013","0019","42602",1,33.48378,-112.14256,"NAD83","Nitrogen dioxide (NO2)","1 HOUR","NO2 1-hour 2010","2019-12-01","Parts per billion","None",24,100.0,17.75,36,18,34,"099","INSTRUMENTAL - GAS PHASE CHEMILUMINESCENCE","WEST PHOENIX","3847 W EARLL DR-WEST PHOENIX STATION","Arizona","Maricopa","Phoenix","Phoenix-Mesa-Scottsdale, AZ","2024-05-22"
"04","013","0019","42602",1,33.48378,-112.14256,"NAD83","Nitrogen dioxide (NO2)","1 HOUR","NO2 1-hour 2010","2019-12-02","Parts per billion","None",24,100.0,23.833333,35,17,33,"099","INSTRUMENTAL - GAS PHASE CHEMILUMINESCENCE","WEST PHOENIX","3847 W EARLL DR-WEST PHOENIX STATION","Arizona","Maricopa","Phoenix","Phoenix-Mesa-Scottsdale, AZ","2024-05-22"
"04","013","0019","42602",1,33.48378,-112.14256,"NAD83","Nitrogen dioxide (NO2)","1 HOUR","NO2 1-hour 2010","2019-12-03","Parts per billion","None",24,100.0,22.375,34,19,32,"099","INSTRUMENTAL - GAS PHASE CHEMILUMINESCENCE","WEST PHOENIX","3847 W EARLL DR-WEST PHOENIX STATION","Arizona","Maricopa","Phoenix","Phoenix-Mesa-Scottsdale, AZ","2024-05-22"
"04","013","0019","42602",1,33.48378,-112.14256,"NAD83","Nitrogen dioxide (NO2)","1 HOUR","NO2 1-hour 2010","2019-12-04","Parts per billion","None",17,71.0,19.352941,25,1,24,"099","INSTRUMENTAL - GAS PHASE CHEMILUMINESCENCE","WEST PHOENIX","3847 W EARLL DR-WEST PHOENIX STATION","Arizona","Maricopa","Phoenix","Phoenix-Mesa-Scottsdale, AZ","2024-05-22"
"04","013","0019","42602",1,33.48378,-112.14256,"NAD83","Nitrogen dioxide (NO2)","1 HOUR","NO2 1-hour 2010","2019-12-05","Parts per billion","None",24,100.0,21.666667,37,19,35,"074","INSTRUMENTAL - CHEMILUMINESCENCE","WEST PHOENIX","3847 W EARLL DR-WEST PHOENIX STATION","Arizona","Maricopa","Phoenix","Phoenix-Mesa-Scottsdale, AZ","2024-05-22"
"04","013","0019","42602",1,33.48378,-112.14256,"NAD83","Nitrogen dioxide (NO2)","1 HOUR","NO2 1-hour 2010","2019-12-06","Parts per billion","None",24,100.0,22.125,37,17,35,"074","INSTRUMENTAL - CHEMILUMINESCENCE","WEST PHOENIX","3847 W EARLL DR-WEST PHOENIX STATION","Arizona","Maricopa","Phoenix","Phoenix-Mesa-Scottsdale, AZ","2024-05-22"
"04","013","0019","42602",1,33.48378,-112.14256,"NAD83","Nitrogen dioxide (NO2)","1 HOUR","NO2 1-hour 2010","2019-12-07","Parts per billion","None",24,100.0,17.583333,28,17,26,"074","INSTRUMENTAL - CHEMILUMINESCENCE","WEST PHOENIX","3847 W EARLL DR-WEST PHOENIX STATION","Arizona","Maricopa","Phoenix","Phoenix-Mesa-Scottsdale, AZ","2024-05-22"
"04","013","0019","42602",1,33.48378,-112.14256,"NAD83","Nitrogen dioxide (NO2)","1 HOUR","NO2 1-hour 2010","2019-12-08","Parts per billion","None",24,100.0,12.75,22,18,21,"074","INSTRUMENTAL - CHEMILUMINESCENCE","WEST PHOENIX","3847 W EARLL DR-WEST PHOENIX STATION","Arizona","Maricopa","Phoenix","Phoenix-Mesa-Scottsdale, AZ","2024-05-22"
"04","013","0019","42602",1,33.48378,-112.14256,"NAD83","Nitrogen dioxide (NO2)","1 HOUR","NO2 1-hour 2010","2019-12-09","Parts per billion","None",24,100.0,14.25,33,18,31,"074","INSTRUMENTAL - CHEMILUMINESCENCE","WEST PHOENIX","3847 W EARLL DR-WEST PHOENIX STATION","Arizona","Maricopa","Phoenix","Phoenix-Mesa-Scottsdale, AZ","2024-05-22"
"04","013","0019","42602",1,33.48378,-112.14256,"NAD83","Nitrogen dioxide (NO2)","1 HOUR","NO2 1-hour 2010","2019-12-10","Parts per billion","None",17,71.0,21.823529,37,18,35,"074","INSTRUMENTAL - CHEMILUMINESCENCE","WEST PHOENIX","3847 W EARLL DR-WEST PHOENIX STATION","Arizona","Maricopa","Phoenix","Phoenix-Mesa-Scottsdale, AZ","2024-05-22"
"04","013","0019","42602",1,33.48378,-112.14256,"NAD83","Nitrogen dioxide (NO2)","1 HOUR","NO2 1-hour 2010","2019-12-11","Parts per billion","None",24,100.0,22.583333,42,17,40,"074","INSTRUMENTAL - CHEMILUMINESCENCE","WEST PHOENIX","3847 W EARLL DR-WEST PHOENIX STATION","Arizona","Maricopa","Phoenix","Phoenix-Mesa-Scottsdale, AZ","2024-05-22"
"04","013","0019","42602",1,33.48378,-112.14256,"NAD83","Nitrogen dioxide (NO2)","1 HOUR","NO2 1-hour 2010","2019-12-12","Parts per billion","None",24,100.0,21.041667,37,18,35,"074","INSTRUMENTAL - CHEMILUMINESCENCE","WEST PHOENIX","3847 W EARLL DR-WEST PHOENIX STATION","Arizona","Maricopa","Phoenix","Phoenix-Mesa-Scottsdale, AZ","2024-05-22"
"04","013","0019","42602",1,33.48378,-112.14256,"NAD83","Nitrogen dioxide (NO2)","1 HOUR","NO2 1-hour 2010","2019-12-13","Parts per billion","None",24,100.0,21.416667,40,18,38,"074","INSTRUMENTAL - CHEMILUMINESCENCE","WEST PHOENIX","3847 W EARLL DR-WEST PHOENIX STATION","Arizona","Maricopa","Phoenix","Phoenix-Mesa-Scottsdale, AZ","2024-05-22"
"04","013","0019","42602",1,33.48378,-112.14256,"NAD83","Nitrogen dioxide (NO2)","1 HOUR","NO2 1-hour 2010","2019-12-14","Parts per billion","None",24,100.0,19.375,32,19,30,"074","INSTRUMENTAL - CHEMILUMINESCENCE","WEST PHOENIX","3847 W EARLL DR-WEST PHOENIX STATION","Arizona","Maricopa","Phoenix","Phoenix-Mesa-Scottsdale, AZ","2024-05-22"
"04","013","0019","42602",1,33.48378,-112.14256,"NAD83","Nitrogen dioxide (NO2)","1 HOUR","NO2 1-hour 2010","2019-12-15","Parts per billion","None",24,100.0,12.916667,22,1,21,"074","INSTRUMENTAL - CHEMILUMINESCENCE","WEST PHOENIX","3847 W EARLL DR-WEST PHOENIX STATION","Arizona","Maricopa","Phoenix","Phoenix-Mesa-Scottsdale, AZ","2024-05-22"
"04","013","0019","42602",1,33.48378,-112.14256,"NAD83","Nitrogen dioxide (NO2)","1 HOUR","NO2 1-hour 2010","2019-12-16","Parts per billion","None",24,100.0,11.541667,30,7,28,"074","INSTRUMENTAL - CHEMILUMINESCENCE","WEST PHOENIX","3847 W EARLL DR-WEST PHOENIX STATION","Arizona","Maricopa","Phoenix","Phoenix-Mesa-Scottsdale, AZ","2024-05-22"
"04","013","0019","42602",1,33.48378,-112.14256,"NAD83","Nitrogen dioxide (NO2)","1 HOUR","NO2 1-hour 2010","2019-12-17","Parts per billion","None",24,100.0,13.833333,40,18,38,"074","INSTRUMENTAL - CHEMILUMINESCENCE","WEST PHOENIX","3847 W EARLL DR-WEST PHOENIX STATION","Arizona","Maricopa","Phoenix","Phoenix-Mesa-Scottsdale, AZ","2024-05-22"
"04","013","0019","42602",1,33.48378,-112.14256,"NAD83","Nitrogen dioxide (NO2)","1 HOUR","NO2 1-hour 2010","2019-12-18","Parts per billion","None",22,92.0,12.090909,36,19,34,"074","INSTRUMENTAL - CHEMILUMINESCENCE","WEST PHOENIX","3847 W EARLL DR-WEST PHOENIX STATION","Arizona","Maricopa","Phoenix","Phoenix-Mesa-Scottsdale, AZ","2024-05-22"
"04","013","0019","42602",1,33.48378,-112.14256,"NAD83","Nitrogen dioxide (NO2)","1 HOUR","NO2 1-hour 2010","2019-12-19","Parts per billion","None",24,100.0,24.875,41,9,39,"074","INSTRUMENTAL - CHEMILUMINESCENCE","WEST PHOENIX","3847 W EARLL DR-WEST PHOENIX STATION","Arizona","Maricopa","Phoenix","Phoenix-Mesa-Scottsdale, AZ","2024-05-22"
"04","013","0019","42602",1,33.48378,-112.14256,"NAD83","Nitrogen dioxide (NO2)","1 HOUR","NO2 1-hour 2010","2019-12-20","Parts per billion","None",24,100.0,27.416667,41,18,39,"074","INSTRUMENTAL - CHEMILUMINESCENCE","WEST PHOENIX","3847 W EARLL DR-WEST PHOENIX STATION","Arizona","Maricopa","Phoenix","Phoenix-Mesa-Scottsdale, AZ","2024-05-22"
"04","013","0019","42602",1,33.48378,-112.14256,"NAD83","Nitrogen dioxide (NO2)","1 HOUR","NO2 1-hour 2010","2019-12-21","Parts per billion","None",24,100.0,20.791667,32,17,30,"074","INSTRUMENTAL - CHEMILUMINESCENCE","WEST PHOENIX","3847 W EARLL DR-WEST PHOENIX STATION","Arizona","Maricopa","Phoenix","Phoenix-Mesa-Scottsdale, AZ","2024-05-22"
"04","013","0019","42602",1,33.48378,-112.14256,"NAD83","Nitrogen dioxide (NO2)","1 HOUR","NO2 1-hour 2010","2019-12-22","Parts per billion","None",24,100.0,21.083333,31,21,29,"074","INSTRUMENTAL - CHEMILUMINESCENCE","WEST PHOENIX","3847 W EARLL DR-WEST PHOENIX STATION","Arizona","Maricopa","Phoenix","Phoenix-Mesa-Scottsdale, AZ","2024-05-22"
"04","013","0019","42602",1,33.48378,-112.14256,"NAD83","Nitrogen dioxide (NO2)","1 HOUR","NO2 1-hour 2010","2019-12-23","Parts per billion","None",19,79.0,24.368421,33,7,31,"074","INSTRUMENTAL - CHEMILUMINESCENCE","WEST PHOENIX","3847 W EARLL DR-WEST PHOENIX STATION","Arizona","Maricopa","Phoenix","Phoenix-Mesa-Scottsdale, AZ","2024-05-22"
"04","013","0019","42602",1,33.48378,-112.14256,"NAD83","Nitrogen dioxide (NO2)","1 HOUR","NO2 1-hour 2010","2019-12-24","Parts per billion","None",24,100.0,10.583333,22,18,21,"074","INSTRUMENTAL - CHEMILUMINESCENCE","WEST PHOENIX","3847 W EARLL DR-WEST PHOENIX STATION","Arizona","Maricopa","Phoenix","Phoenix-Mesa-Scottsdale, AZ","2024-05-22"
"04","013","0019","42602",1,33.48378,-112.14256,"NAD83","Nitrogen dioxide (NO2)","1 HOUR","NO2 1-hour 2010","2019-12-25","Parts per billion","None",24,100.0,10.125,20,22,19,"074","INSTRUMENTAL - CHEMILUMINESCENCE","WEST PHOENIX","3847 W EARLL DR-WEST PHOENIX STATION","Arizona","Maricopa","Phoenix","Phoenix-Mesa-Scottsdale, AZ","2024-05-22"
"04","013","0019","42602",1,33.48378,-112.14256,"NAD83","Nitrogen dioxide (NO2)","1 HOUR","NO2 1-hour 2010","2019-12-26","Parts per billion","None",24,100.0,11.083333,26,9,25,"074","INSTRUMENTAL - CHEMILUMINESCENCE","WEST PHOENIX","3847 W EARLL DR-WEST PHOENIX STATION","Arizona","Maricopa","Phoenix","Phoenix-Mesa-Scottsdale, AZ","2024-05-22"
"04","013","0019","42602",1,33.48378,-112.14256,"NAD83","Nitrogen dioxide (NO2)","1 HOUR","NO2 1-hour 2010","2019-12-27","Parts per billion","None",24,100.0,9.333333,19,7,18,"074","INSTRUMENTAL - CHEMILUMINESCENCE","WEST PHOENIX","3847 W EARLL DR-WEST PHOENIX STATION","Arizona","Maricopa","Phoenix","Phoenix-Mesa-Scottsdale, AZ","2024-05-22"
"04","013","0019","42602",1,33.48378,-112.14256,"NAD83","Nitrogen dioxide (NO2)","1 HOUR","NO2 1-hour 2010","2019-12-28","Parts per billion","None",24,100.0,7.125,19,0,18,"074","INSTRUMENTAL - CHEMILUMINESCENCE","WEST PHOENIX","3847 W EARLL DR-WEST PHOENIX STATION","Arizona","Maricopa","Phoenix","Phoenix-Mesa-Scottsdale, AZ","2024-05-22"
"04","013","0019","42602",1,33.48378,-112.14256,"NAD83","Nitrogen dioxide (NO2)","1 HOUR","NO2 1-hour 2010","2019-12-29","Parts per billion","None",24,100.0,14.25,32,20,30,"074","INSTRUMENTAL - CHEMILUMINESCENCE","WEST PHOENIX","3847 W EARLL DR-WEST PHOENIX STATION","Arizona","Maricopa","Phoenix","Phoenix-Mesa-Scottsdale, AZ","2024-05-22"
"04","013","0019","42602",1,33.48378,-112.14256,"NAD83","Nitrogen dioxide (NO2)","1 HOUR","NO2 1-hour 2010","2019-12-30","Parts per billion","None",24,100.0,22.291667,33,17,31,"074","INSTRUMENTAL - CHEMILUMINESCENCE","WEST PHOENIX","3847 W EARLL DR-WEST PHOENIX STATION","Arizona","Maricopa","Phoenix","Phoenix-Mesa-Scottsdale, AZ","2024-05-22"
"04","013","0019","42602",1,33.48378,-112.14256,"NAD83","Nitrogen dioxide (NO2)","1 HOUR","NO2 1-hour 2010","2019-12-31","Parts per billion","None",24,100.0,18.5,29,18,27,"074","INSTRUMENTAL - CHEMILUMINESCENCE","WEST PHOENIX","3847 W EARLL DR-WEST PHOENIX STATION","Arizona","Maricopa","Phoenix","Phoenix-Mesa-Scottsdale, AZ","2024-05-22"
"04","013","3002","42602",6,33.45797,-112.04659,"NAD83","Nitrogen dioxide (NO2)","1 HOUR","NO2 1-hour 2010","2019-01-01","Parts per billion","None",24,100.0,12.083333,21,8,20,"099","INSTRUMENTAL - GAS PHASE CHEMILUMINESCENCE","CENTRAL PHOENIX","1645 E ROOSEVELT ST-CENTRAL PHOENIX STN","Arizona","Maricopa","Phoenix","Phoenix-Mesa-Scottsdale, AZ","2024-05-22"
"04","013","3002","42602",6,33.45797,-112.04659,"NAD83","Nitrogen dioxide (NO2)","1 HOUR","NO2 1-hour 2010","2019-01-02","Parts per billion","None",23,96.0,23.043478,36,8,34,"099","INSTRUMENTAL - GAS PHASE CHEMILUMINESCENCE","CENTRAL PHOENIX","1645 E ROOSEVELT ST-CENTRAL PHOENIX STN","Arizona","Maricopa","Phoenix","Phoenix-Mesa-Scottsdale, AZ","2024-05-22"
"04","013","3002","42602",6,33.45797,-112.04659,"NAD83","Nitrogen dioxide (NO2)","1 HOUR","NO2 1-hour 2010","2019-01-03","Parts per billion","None",24,100.0,26.25,51,19,48,"099","INSTRUMENTAL - GAS PHASE CHEMILUMINESCENCE","CENTRAL PHOENIX","1645 E ROOSEVELT ST-CENTRAL PHOENIX STN","Arizona","Maricopa","Phoenix","Phoenix-Mesa-Scottsdale, AZ","2024-05-22"
"04","013","3002","42602",6,33.45797,-112.04659,"NAD83","Nitrogen dioxide (NO2)","1 HOUR","NO2 1-hour 2010","2019-01-04","Parts per billion","None",24,100.0,29.375,46,19,43,"099","INSTRUMENTAL - GAS PHASE CHEMILUMINESCENCE","CENTRAL PHOENIX","1645 E ROOSEVELT ST-CENTRAL PHOENIX STN","Arizona","Maricopa","Phoenix","Phoenix-Mesa-Scottsdale, AZ","2024-05-22"
"04","013","3002","42602",6,33.45797,-112.04659,"NAD83","Nitrogen dioxide (NO2)","1 HOUR","NO2 1-hour 2010","2019-01-05","Parts per billion","None",24,100.0,24.458333,37,0,35,"099","INSTRUMENTAL - GAS PHASE CHEMILUMINESCENCE","CENTRAL PHOENIX","1645 E ROOSEVELT ST-CENTRAL PHOENIX STN","Arizona","Maricopa","Phoenix","Phoenix-Mesa-Scottsdale, AZ","2024-05-22"
"04","013","3002","42602",6,33.45797,-112.04659,"NAD83","Nitrogen dioxide (NO2)","1 HOUR","NO2 1-hour 2010","2019-01-06","Parts per billion","None",24,100.0,15,30,22,28,"099","INSTRUMENTAL - GAS PHASE CHEMILUMINESCENCE","CENTRAL PHOENIX","1645 E ROOSEVELT ST-CENTRAL PHOENIX STN","Arizona","Maricopa","Phoenix","Phoenix-Mesa-Scottsdale, AZ","2024-05-22"
"04","013","3002","42602",6,33.45797,-112.04659,"NAD83","Nitrogen dioxide (NO2)","1 HOUR","NO2 1-hour 2010","2019-01-07","Parts per billion","None",24,100.0,21.5,43,19,41,"099","INSTRUMENTAL - GAS PHASE CHEMILUMINESCENCE","CENTRAL PHOENIX","1645 E ROOSEVELT ST-CENTRAL PHOENIX STN","Arizona","Maricopa","Phoenix","Phoenix-Mesa-Scottsdale, AZ","2024-05-22"
"04","013","3002","42602",6,33.45797,-112.04659,"NAD83","Nitrogen dioxide (NO2)","1 HOUR","NO2 1-hour 2010","2019-01-08","Parts per billion","None",24,100.0,32.5,48,19,45,"099","INSTRUMENTAL - GAS PHASE CHEMILUMINESCENCE","CENTRAL PHOENIX","1645 E ROOSEVELT ST-CENTRAL PHOENIX STN","Arizona","Maricopa","Phoenix","Phoenix-Mesa-Scottsdale, AZ","2024-05-22"
"04","013","3002","42602",6,33.45797,-112.04659,"NAD83","Nitrogen dioxide (NO2)","1 HOUR","NO2 1-hour 2010","2019-01-09","Parts per billion","None",22,92.0,23,36,0,34,"099","INSTRUMENTAL - GAS PHASE CHEMILUMINESCENCE","CENTRAL PHOENIX","1645 E ROOSEVELT ST-CENTRAL PHOENIX STN","Arizona","Maricopa","Phoenix","Phoenix-Mesa-Scottsdale, AZ","2024-05-22"
"04","013","3002","42602",6,33.45797,-112.04659,"NAD83","Nitrogen dioxide (NO2)","1 HOUR","NO2 1-hour 2010","2019-01-10","Parts per billion","None",23,96.0,24.434783,31,19,29,"099","INSTRUMENTAL - GAS PHASE CHEMILUMINESCENCE","CENTRAL PHOENIX","1645 E ROOSEVELT ST-CENTRAL PHOENIX STN","Arizona","Maricopa","Phoenix","Phoenix-Mesa-Scottsdale, AZ","2024-05-22"
"04","013","3002","42602",6,33.45797,-112.04659,"NAD83","Nitrogen dioxide (NO2)","1 HOUR","NO2 1-hour 2010","2019-01-11","Parts per billion","None",24,100.0,21.541667,44,19,42,"099","INSTRUMENTAL - GAS PHASE CHEMILUMINESCENCE","CENTRAL PHOENIX","1645 E ROOSEVELT ST-CENTRAL PHOENIX STN","Arizona","Maricopa","Phoenix","Phoenix-Mesa-Scottsdale, AZ","2024-05-22"
"04","013","3002","42602",6,33.45797,-112.04659,"NAD83","Nitrogen dioxide (NO2)","1 HOUR","NO2 1-hour 2010","2019-01-12","Parts per billion","None",24,100.0,15.916667,36,19,34,"099","INSTRUMENTAL - GAS PHASE CHEMILUMINESCENCE","CENTRAL PHOENIX","1645 E ROOSEVELT ST-CENTRAL PHOENIX STN","Arizona","Maricopa","Phoenix","Phoenix-Mesa-Scottsdale, AZ","2024-05-22"
"04","013","3002","42602",6,33.45797,-112.04659,"NAD83","Nitrogen dioxide (NO2)","1 HOUR","NO2 1-hour 2010","2019-01-13","Parts per billion","None",24,100.0,15.666667,33,20,31,"099","INSTRUMENTAL - GAS PHASE CHEMILUMINESCENCE","CENTRAL PHOENIX","1645 E ROOSEVELT ST-CENTRAL PHOENIX STN","Arizona","Maricopa","Phoenix","Phoenix-Mesa-Scottsdale, AZ","2024-05-22"
"04","013","3002","42602",6,33.45797,-112.04659,"NAD83","Nitrogen dioxide (NO2)","1 HOUR","NO2 1-hour 2010","2019-01-14","Parts per billion","None",24,100.0,19.208333,29,5,27,"099","INSTRUMENTAL - GAS PHASE CHEMILUMINESCENCE","CENTRAL PHOENIX","1645 E ROOSEVELT ST-CENTRAL PHOENIX STN","Arizona","Maricopa","Phoenix","Phoenix-Mesa-Scottsdale, AZ","2024-05-22"
"04","013","3002","42602",6,33.45797,-112.04659,"NAD83","Nitrogen dioxide (NO2)","1 HOUR","NO2 1-hour 2010","2019-01-15","Parts per billion","None",24,100.0,18.875,26,0,25,"099","INSTRUMENTAL - GAS PHASE CHEMILUMINESCENCE","CENTRAL PHOENIX","1645 E ROOSEVELT ST-CENTRAL PHOENIX STN","Arizona","Maricopa","Phoenix","Phoenix-Mesa-Scottsdale, AZ","2024-05-22"
"04","013","3002","42602",6,33.45797,-112.04659,"NAD83","Nitrogen dioxide (NO2)","1 HOUR","NO2 1-hour 2010","2019-01-16","Parts per billion","None",22,92.0,20.136364,36,21,34,"099","INSTRUMENTAL - GAS PHASE CHEMILUMINESCENCE","CENTRAL PHOENIX","1645 E ROOSEVELT ST-CENTRAL PHOENIX STN","Arizona","Maricopa","Phoenix","Phoenix-Mesa-Scottsdale, AZ","2024-05-22"
"04","013","3002","42602",6,33.45797,-112.04659,"NAD83","Nitrogen dioxide (NO2)","1 HOUR","NO2 1-hour 2010","2019-01-17","Parts per billion","None",24,100.0,21.75,34,20,32,"099","INSTRUMENTAL - GAS PHASE CHEMILUMINESCENCE","CENTRAL PHOENIX","1645 E ROOSEVELT ST-CENTRAL PHOENIX STN","Arizona","Maricopa","Phoenix","Phoenix-Mesa-Scottsdale, AZ","2024-05-22"
"04","013","3002","42602",6,33.45797,-112.04659,"NAD83","Nitrogen dioxide (NO2)","1 HOUR","NO2 1-hour 2010","2019-01-18","Parts per billion","None",24,100.0,20.375,35,20,33,"099","INSTRUMENTAL - GAS PHASE CHEMILUMINESCENCE","CENTRAL PHOENIX","1645 E ROOSEVELT ST-CENTRAL PHOENIX STN","Arizona","Maricopa","Phoenix","Phoenix-Mesa-Scottsdale, AZ","2024-05-22"
"04","013","3002","42602",6,33.45797,-112.04659,"NAD83","Nitrogen dioxide (NO2)","1 HOUR","NO2 1-hour 2010","2019-01-19","Parts per billion","None",24,100.0,23.666667,37,20,35,"099","INSTRUMENTAL - GAS PHASE CHEMILUMINESCENCE","CENTRAL PHOENIX","1645 E ROOSEVELT ST-CENTRAL PHOENIX STN","Arizona","Maricopa","Phoenix","Phoenix-Mesa-Scottsdale, AZ","2024-05-22"
"04","013","3002","42602",6,33.45797,-112.04659,"NAD83","Nitrogen dioxide (NO2)","1 HOUR","NO2 1-hour 2010","2019-01-20","Parts per billion","None",24,100.0,24.166667,38,18,36,"099","INSTRUMENTAL - GAS PHASE CHEMILUMINESCENCE","CENTRAL PHOENIX","1645 E ROOSEVELT ST-CENTRAL PHOENIX STN","Arizona","Maricopa","Phoenix","Phoenix-Mesa-Scottsdale, AZ","2024-05-22"
"04","013","3002","42602",6,33.45797,-112.04659,"NAD83","Nitrogen dioxide (NO2)","1 HOUR","NO2 1-hour 2010","2019-01-21","Parts per billion","None",24,100.0,18.375,35,10,33,"099","INSTRUMENTAL - GAS PHASE CHEMILUMINESCENCE","CENTRAL PHOENIX","1645 E ROOSEVELT ST-CENTRAL PHOENIX STN","Arizona","Maricopa","Phoenix","Phoenix-Mesa-Scottsdale, AZ","2024-05-22"
"04","013","3002","42602",6,33.45797,-112.04659,"NAD83","Nitrogen dioxide (NO2)","1 HOUR","NO2 1-hour 2010","2019-01-22","Parts per billion","None",24,100.0,16.416667,36,21,34,"099","INSTRUMENTAL - GAS PHASE CHEMILUMINESCENCE","CENTRAL PHOENIX","1645 E ROOSEVELT ST-CENTRAL PHOENIX STN","Arizona","Maricopa","Phoenix","Phoenix-Mesa-Scottsdale, AZ","2024-05-22"
"04","013","3002","42602",6,33.45797,-112.04659,"NAD83","Nitrogen dioxide (NO2)","1 HOUR","NO2 1-hour 2010","2019-01-23","Parts per billion","None",23,96.0,26.130435,41,20,39,"099","INSTRUMENTAL - GAS PHASE CHEMILUMINESCENCE","CENTRAL PHOENIX","1645 E ROOSEVELT ST-CENTRAL PHOENIX STN","Arizona","Maricopa","Phoenix","Phoenix-Mesa-Scottsdale, AZ","2024-05-22"
"04","013","3002","42602",6,33.45797,-112.04659,"NAD83","Nitrogen dioxide (NO2)","1 HOUR","NO2 1-hour 2010","2019-01-24","Parts per billion","None",22,92.0,28.818182,40,18,38,"099","INSTRUMENTAL - GAS PHASE CHEMILUMINESCENCE","CENTRAL PHOENIX","1645 E ROOSEVELT ST-CENTRAL PHOENIX STN","Arizona","Maricopa","Phoenix","Phoenix-Mesa-Scottsdale, AZ","2024-05-22"
"04","013","3002","42602",6,33.45797,-112.04659,"NAD83","Nitrogen dioxide (NO2)","1 HOUR","NO2 1-hour 2010","2019-01-25","Parts per billion","None",24,100.0,30.416667,50,10,47,"099","INSTRUMENTAL - GAS PHASE CHEMILUMINESCENCE","CENTRAL PHOENIX","1645 E ROOSEVELT ST-CENTRAL PHOENIX STN","Arizona","Maricopa","Phoenix","Phoenix-Mesa-Scottsdale, AZ","2024-05-22"
"04","013","3002","42602",6,33.45797,-112.04659,"NAD83","Nitrogen dioxide (NO2)","1 HOUR","NO2 1-hour 2010","2019-01-26","Parts per billion","None",24,100.0,26.541667,45,20,42,"099","INSTRUMENTAL - GAS PHASE CHEMILUMINESCENCE","CENTRAL PHOENIX","1645 E ROOSEVELT ST-CENTRAL PHOENIX STN","Arizona","Maricopa","Phoenix","Phoenix-Mesa-Scottsdale, AZ","2024-05-22"
"04","013","3002","42602",6,33.45797,-112.04659,"NAD83","Nitrogen dioxide (NO2)","1 HOUR","NO2 1-hour 2010","2019-01-27","Parts per billion","None",24,100.0,28.541667,46,20,43,"099","INSTRUMENTAL - GAS PHASE CHEMILUMINESCENCE","CENTRAL PHOENIX","1645 E ROOSEVELT ST-CENTRAL PHOENIX STN","Arizona","Maricopa","Phoenix","Phoenix-Mesa-Scottsdale, AZ","2024-05-22"
"04","013","3002","42602",6,33.45797,-112.04659,"NAD83","Nitrogen dioxide (NO2)","1 HOUR","NO2 1-hour 2010","2019-01-28","Parts per billion","None",24,100.0,29.375,45,19,42,"099","INSTRUMENTAL - GAS PHASE CHEMILUMINESCENCE","CENTRAL PHOENIX","1645 E ROOSEVELT ST-CENTRAL PHOENIX STN","Arizona","Maricopa","Phoenix","Phoenix-Mesa-Scottsdale, AZ","2024-05-22"
"04","013","3002","42602",6,33.45797,-112.04659,"NAD83","Nitrogen dioxide (NO2)","1 HOUR","NO2 1-hour 2010","2019-01-29","Parts per billion","None",24,100.0,31.916667,49,19,46,"099","INSTRUMENTAL - GAS PHASE CHEMILUMINESCENCE","CENTRAL PHOENIX","1645 E ROOSEVELT ST-CENTRAL PHOENIX STN","Arizona","Maricopa","Phoenix","Phoenix-Mesa-Scottsdale, AZ","2024-05-22"
"04","013","3002","42602",6,33.45797,-112.04659,"NAD83","Nitrogen dioxide (NO2)","1 HOUR","NO2 1-hour 2010","2019-01-30","Parts per billion","None",23,96.0,26.434783,44,22,42,"099","INSTRUMENTAL - GAS PHASE CHEMILUMINESCENCE","CENTRAL PHOENIX","1645 E ROOSEVELT ST-CENTRAL PHOENIX STN","Arizona","Maricopa","Phoenix","Phoenix-Mesa-Scottsdale, AZ","2024-05-22"
"04","013","3002","42602",6,33.45797,-112.04659,"NAD83","Nitrogen dioxide (NO2)","1 HOUR","NO2 1-hour 2010","2019-01-31","Parts per billion","None",24,100.0,28.041667,44,20,42,"099","INSTRUMENTAL - GAS PHASE CHEMILUMINESCENCE","CENTRAL PHOENIX","1645 E ROOSEVELT ST-CENTRAL PHOENIX STN","Arizona","Maricopa","Phoenix","Phoenix-Mesa-Scottsdale, AZ","2024-05-22"
"04","013","3002","42602",6,33.45797,-112.04659,"NAD83","Nitrogen dioxide (NO2)","1 HOUR","NO2 1-hour 2010","2019-02-01","Parts per billion","None",24,100.0,23.625,39,0,37,"099","INSTRUMENTAL - GAS PHASE CHEMILUMINESCENCE","CENTRAL PHOENIX","1645 E ROOSEVELT ST-CENTRAL PHOENIX STN","Arizona","Maricopa","Phoenix","Phoenix-Mesa-Scottsdale, AZ","2024-05-22"
"04","013","3002","42602",6,33.45797,-112.04659,"NAD83","Nitrogen dioxide (NO2)","1 HOUR","NO2 1-hour 2010","2019-02-02","Parts per billion","None",24,100.0,15.416667,38,0,36,"099","INSTRUMENTAL - GAS PHASE CHEMILUMINESCENCE","CENTRAL PHOENIX","1645 E ROOSEVELT ST-CENTRAL PHOENIX STN","Arizona","Maricopa","Phoenix","Phoenix-Mesa-Scottsdale, AZ","2024-05-22"
"04","013","3002","42602",6,33.45797,-112.04659,"NAD83","Nitrogen dioxide (NO2)","1 HOUR","NO2 1-hour 2010","2019-02-03","Parts per billion","None",24,100.0,10.833333,24,23,23,"099","INSTRUMENTAL - GAS PHASE CHEMILUMINESCENCE","CENTRAL PHOENIX","1645 E ROOSEVELT ST-CENTRAL PHOENIX STN","Arizona","Maricopa","Phoenix","Phoenix-Mesa-Scottsdale, AZ","2024-05-22"
"04","013","3002","42602",6,33.45797,-112.04659,"NAD83","Nitrogen dioxide (NO2)","1 HOUR","NO2 1-hour 2010","2019-02-04","Parts per billion","None",24,100.0,11.083333,20,7,19,"099","INSTRUMENTAL - GAS PHASE CHEMILUMINESCENCE","CENTRAL PHOENIX","1645 E ROOSEVELT ST-CENTRAL PHOENIX STN","Arizona","Maricopa","Phoenix","Phoenix-Mesa-Scottsdale, AZ","2024-05-22"
"04","013","3002","42602",6,33.45797,-112.04659,"NAD83","Nitrogen dioxide (NO2)","1 HOUR","NO2 1-hour 2010","2019-02-05","Parts per billion","None",23,96.0,10.478261,26,7,25,"099","INSTRUMENTAL - GAS PHASE CHEMILUMINESCENCE","CENTRAL PHOENIX","1645 E ROOSEVELT ST-CENTRAL PHOENIX STN","Arizona","Maricopa","Phoenix","Phoenix-Mesa-Scottsdale, AZ","2024-05-22"
"04","013","3002","42602",6,33.45797,-112.04659,"NAD83","Nitrogen dioxide (NO2)","1 HOUR","NO2 1-hour 2010","2019-02-06","Parts per billion","None",23,96.0,7.956522,24,23,23,"099","INSTRUMENTAL - GAS PHASE CHEMILUMINESCENCE","CENTRAL PHOENIX","1645 E ROOSEVELT ST-CENTRAL PHOENIX STN","Arizona","Maricopa","Phoenix","Phoenix-Mesa-Scottsdale, AZ","2024-05-22"
"04","013","3002","42602",6,33.45797,-112.04659,"NAD83","Nitrogen dioxide (NO2)","1 HOUR","NO2 1-hour 2010","2019-02-07","Parts per billion","None",24,100.0,19.958333,38,20,36,"099","INSTRUMENTAL - GAS PHASE CHEMILUMINESCENCE","CENTRAL PHOENIX","1645 E ROOSEVELT ST-CENTRAL PHOENIX STN","Arizona","Maricopa","Phoenix","Phoenix-Mesa-Scottsdale, AZ","2024-05-22"
"04","013","3002","42602",6,33.45797,-112.04659,"NAD83","Nitrogen dioxide (NO2)","1 HOUR","NO2 1-hour 2010","2019-02-08","Parts per billion","None",24,100.0,25.666667,45,21,42,"099","INSTRUMENTAL - GAS PHASE CHEMILUMINESCENCE","CENTRAL PHOENIX","1645 E ROOSEVELT ST-CENTRAL PHOENIX STN","Arizona","Maricopa","Phoenix","Phoenix-Mesa-Scottsdale, AZ","2024-05-22"
"04","013","3002","42602",6,33.45797,-112.04659,"NAD83","Nitrogen dioxide (NO2)","1 HOUR","NO2 1-hour 2010","2019-02-09","Parts per billion","None",24,100.0,24.25,37,0,35,"099","INSTRUMENTAL - GAS PHASE CHEMILUMINESCENCE","CENTRAL PHOENIX","1645 E ROOSEVELT ST-CENTRAL PHOENIX STN","Arizona","Maricopa","Phoenix","Phoenix-Mesa-Scottsdale, AZ","2024-05-22"
"04","013","3002","42602",6,33.45797,-112.04659,"NAD83","Nitrogen dioxide (NO2)","1 HOUR","NO2 1-hour 2010","2019-02-10","Parts per billion","None",24,100.0,22,41,21,39,"099","INSTRUMENTAL - GAS PHASE CHEMILUMINESCENCE","CENTRAL PHOENIX","1645 E ROOSEVELT ST-CENTRAL PHOENIX STN","Arizona","Maricopa","Phoenix","Phoenix-Mesa-Scottsdale, AZ","2024-05-22"
"04","013","3002","42602",6,33.45797,-112.04659,"NAD83","Nitrogen dioxide (NO2)","1 HOUR","NO2 1-hour 2010","2019-02-11","Parts per billion","None",24,100.0,16.041667,44,20,42,"099","INSTRUMENTAL - GAS PHASE CHEMILUMINESCENCE","CENTRAL PHOENIX","1645 E ROOSEVELT ST-CENTRAL PHOENIX STN","Arizona","Maricopa","Phoenix","Phoenix-Mesa-Scottsdale, AZ","2024-05-22"
"04","013","3002","42602",6,33.45797,-112.04659,"NAD83","Nitrogen dioxide (NO2)","1 HOUR","NO2 1-hour 2010","2019-02-12","Parts per billion","None",24,100.0,25.125,46,21,43,"099","INSTRUMENTAL - GAS PHASE CHEMILUMINESCENCE","CENTRAL PHOENIX","1645 E ROOSEVELT ST-CENTRAL PHOENIX STN","Arizona","Maricopa","Phoenix","Phoenix-Mesa-Scottsdale, AZ","2024-05-22"
"04","013","3002","42602",6,33.45797,-112.04659,"NAD83","Nitrogen dioxide (NO2)","1 HOUR","NO2 1-hour 2010","2019-02-13","Parts per billion","None",21,88.0,31.571429,42,19,40,"099","INSTRUMENTAL - GAS PHASE CHEMILUMINESCENCE","CENTRAL PHOENIX","1645 E ROOSEVELT ST-CENTRAL PHOENIX STN","Arizona","Maricopa","Phoenix","Phoenix-Mesa-Scottsdale, AZ","2024-05-22"
"04","013","3002","42602",6,33.45797,-112.04659,"NAD83","Nitrogen dioxide (NO2)","1 HOUR","NO2 1-hour 2010","2019-02-14","Parts per billion","None",24,100.0,23.208333,36,0,34,"099","INSTRUMENTAL - GAS PHASE CHEMILUMINESCENCE","CENTRAL PHOENIX","1645 E ROOSEVELT ST-CENTRAL PHOENIX STN","Arizona","Maricopa","Phoenix","Phoenix-Mesa-Scottsdale, AZ","2024-05-22"
"04","013","3002","42602",6,33.45797,-112.04659,"NAD83","Nitrogen dioxide (NO2)","1 HOUR","NO2 1-hour 2010","2019-02-15","Parts per billion","None",24,100.0,15.083333,28,0,26,"099","INSTRUMENTAL - GAS PHASE CHEMILUMINESCENCE","CENTRAL PHOENIX","1645 E ROOSEVELT ST-CENTRAL PHOENIX STN","Arizona","Maricopa","Phoenix","Phoenix-Mesa-Scottsdale, AZ","2024-05-22"
"04","013","3002","42602",6,33.45797,-112.04659,"NAD83","Nitrogen dioxide (NO2)","1 HOUR","NO2 1-hour 2010","2019-02-16","Parts per billion","None",24,100.0,8,22,3,21,"099","INSTRUMENTAL - GAS PHASE CHEMILUMINESCENCE","CENTRAL PHOENIX","1645 E ROOSEVELT ST-CENTRAL PHOENIX STN","Arizona","Maricopa","Phoenix","Phoenix-Mesa-Scottsdale, AZ","2024-05-22"
"04","013","3002","42602",6,33.45797,-112.04659,"NAD83","Nitrogen dioxide (NO2)","1 HOUR","NO2 1-hour 2010","2019-02-17","Parts per billion","None",24,100.0,12.291667,31,1,29,"099","INSTRUMENTAL - GAS PHASE CHEMILUMINESCENCE","CENTRAL PHOENIX","1645 E ROOSEVELT ST-CENTRAL PHOENIX STN","Arizona","Maricopa","Phoenix","Phoenix-Mesa-Scottsdale, AZ","2024-05-22"
"04","013","3002","42602",6,33.45797,-112.04659,"NAD83","Nitrogen dioxide (NO2)","1 HOUR","NO2 1-hour 2010","2019-02-18","Parts per billion","None",24,100.0,8.166667,18,21,17,"099","INSTRUMENTAL - GAS PHASE CHEMILUMINESCENCE","CENTRAL PHOENIX","1645 E ROOSEVELT ST-CENTRAL PHOENIX STN","Arizona","Maricopa","Phoenix","Phoenix-Mesa-Scottsdale, AZ","2024-05-22"
"04","013","3002","42602",6,33.45797,-112.04659,"NAD83","Nitrogen dioxide (NO2)","1 HOUR","NO2 1-hour 2010","2019-02-19","Parts per billion","None",24,100.0,12.833333,26,7,25,"099","INSTRUMENTAL - GAS PHASE CHEMILUMINESCENCE","CENTRAL PHOENIX","1645 E ROOSEVELT ST-CENTRAL PHOENIX STN","Arizona","Maricopa","Phoenix","Phoenix-Mesa-Scottsdale, AZ","2024-05-22"
"04","013","3002","42602",6,33.45797,-112.04659,"NAD83","Nitrogen dioxide (NO2)","1 HOUR","NO2 1-hour 2010","2019-02-20","Parts per billion","None",23,96.0,16.565217,34,1,32,"099","INSTRUMENTAL - GAS PHASE CHEMILUMINESCENCE","CENTRAL PHOENIX","1645 E ROOSEVELT ST-CENTRAL PHOENIX STN","Arizona","Maricopa","Phoenix","Phoenix-Mesa-Scottsdale, AZ","2024-05-22"
"04","013","3002","42602",6,33.45797,-112.04659,"NAD83","Nitrogen dioxide (NO2)","1 HOUR","NO2 1-hour 2010","2019-02-21","Parts per billion","None",11,46.0,14.363636,23,8,22,"099","INSTRUMENTAL - GAS PHASE CHEMILUMINESCENCE","CENTRAL PHOENIX","1645 E ROOSEVELT ST-CENTRAL PHOENIX STN","Arizona","Maricopa","Phoenix","Phoenix-Mesa-Scottsdale, AZ","2024-05-22"
"04","013","3002","42602",6,33.45797,-112.04659,"NAD83","Nitrogen dioxide (NO2)","1 HOUR","NO2 1-hour 2010","2019-02-27","Parts per billion","None",14,58.0,22.785714,49,22,46,"099","INSTRUMENTAL - GAS PHASE CHEMILUMINESCENCE","CENTRAL PHOENIX","1645 E ROOSEVELT ST-CENTRAL PHOENIX STN","Arizona","Maricopa","Phoenix","Phoenix-Mesa-Scottsdale, AZ","2024-05-22"
"04","013","3002","42602",6,33.45797,-112.04659,"NAD83","Nitrogen dioxide (NO2)","1 HOUR","NO2 1-hour 2010","2019-02-28","Parts per billion","None",24,100.0,21.416667,47,21,44,"099","INSTRUMENTAL - GAS PHASE CHEMILUMINESCENCE","CENTRAL PHOENIX","1645 E ROOSEVELT ST-CENTRAL PHOENIX STN","Arizona","Maricopa","Phoenix","Phoenix-Mesa-Scottsdale, AZ","2024-05-22"
"04","013","3002","42602",6,33.45797,-112.04659,"NAD83","Nitrogen dioxide (NO2)","1 HOUR","NO2 1-hour 2010","2019-03-01","Parts per billion","None",24,100.0,16.833333,41,22,39,"099","INSTRUMENTAL - GAS PHASE CHEMILUMINESCENCE","CENTRAL PHOENIX","1645 E ROOSEVELT ST-CENTRAL PHOENIX STN","Arizona","Maricopa","Phoenix","Phoenix-Mesa-Scottsdale, AZ","2024-05-22"
"04","013","3002","42602",6,33.45797,-112.04659,"NAD83","Nitrogen dioxide (NO2)","1 HOUR","NO2 1-hour 2010","2019-03-02","Parts per billion","None",24,100.0,16.291667,35,20,33,"099","INSTRUMENTAL - GAS PHASE CHEMILUMINESCENCE","CENTRAL PHOENIX","1645 E ROOSEVELT ST-CENTRAL PHOENIX STN","Arizona","Maricopa","Phoenix","Phoenix-Mesa-Scottsdale, AZ","2024-05-22"
"04","013","3002","42602",6,33.45797,-112.04659,"NAD83","Nitrogen dioxide (NO2)","1 HOUR","NO2 1-hour 2010","2019-03-03","Parts per billion","None",24,100.0,13.708333,29,2,27,"099","INSTRUMENTAL - GAS PHASE CHEMILUMINESCENCE","CENTRAL PHOENIX","1645 E ROOSEVELT ST-CENTRAL PHOENIX STN","Arizona","Maricopa","Phoenix","Phoenix-Mesa-Scottsdale, AZ","2024-05-22"
"04","013","3002","42602",6,33.45797,-112.04659,"NAD83","Nitrogen dioxide (NO2)","1 HOUR","NO2 1-hour 2010","2019-03-04","Parts per billion","None",24,100.0,19.916667,42,21,40,"099","INSTRUMENTAL - GAS PHASE CHEMILUMINESCENCE","CENTRAL PHOENIX","1645 E ROOSEVELT ST-CENTRAL PHOENIX STN","Arizona","Maricopa","Phoenix","Phoenix-Mesa-Scottsdale, AZ","2024-05-22"
"04","013","3002","42602",6,33.45797,-112.04659,"NAD83","Nitrogen dioxide (NO2)","1 HOUR","NO2 1-hour 2010","2019-03-05","Parts per billion","None",24,100.0,24.541667,53,20,50,"099","INSTRUMENTAL - GAS PHASE CHEMILUMINESCENCE","CENTRAL PHOENIX","1645 E ROOSEVELT ST-CENTRAL PHOENIX STN","Arizona","Maricopa","Phoenix","Phoenix-Mesa-Scottsdale, AZ","2024-05-22"
"04","013","3002","42602",6,33.45797,-112.04659,"NAD83","Nitrogen dioxide (NO2)","1 HOUR","NO2 1-hour 2010","2019-03-06","Parts per billion","None",23,96.0,14.956522,32,3,30,"099","INSTRUMENTAL - GAS PHASE CHEMILUMINESCENCE","CENTRAL PHOENIX","1645 E ROOSEVELT ST-CENTRAL PHOENIX STN","Arizona","Maricopa","Phoenix","Phoenix-Mesa-Scottsdale, AZ","2024-05-22"
"04","013","3002","42602",6,33.45797,-112.04659,"NAD83","Nitrogen dioxide (NO2)","1 HOUR","NO2 1-hour 2010","2019-03-07","Parts per billion","None",23,96.0,19.478261,33,0,31,"099","INSTRUMENTAL - GAS PHASE CHEMILUMINESCENCE","CENTRAL PHOENIX","1645 E ROOSEVELT ST-CENTRAL PHOENIX STN","Arizona","Maricopa","Phoenix","Phoenix-Mesa-Scottsdale, AZ","2024-05-22"
"04","013","3002","42602",6,33.45797,-112.04659,"NAD83","Nitrogen dioxide (NO2)","1 HOUR","NO2 1-hour 2010","2019-03-08","Parts per billion","None",24,100.0,6.666667,17,4,16,"099","INSTRUMENTAL - GAS PHASE CHEMILUMINESCENCE","CENTRAL PHOENIX","1645 E ROOSEVELT ST-CENTRAL PHOENIX STN","Arizona","Maricopa","Phoenix","Phoenix-Mesa-Scottsdale, AZ","2024-05-22"
"04","013","3002","42602",6,33.45797,-112.04659,"NAD83","Nitrogen dioxide (NO2)","1 HOUR","NO2 1-hour 2010","2019-03-09","Parts per billion","None",24,100.0,12.333333,38,23,36,"099","INSTRUMENTAL - GAS PHASE CHEMILUMINESCENCE","CENTRAL PHOENIX","1645 E ROOSEVELT ST-CENTRAL PHOENIX STN","Arizona","Maricopa","Phoenix","Phoenix-Mesa-Scottsdale, AZ","2024-05-22"
"04","013","3002","42602",6,33.45797,-112.04659,"NAD83","Nitrogen dioxide (NO2)","1 HOUR","NO2 1-hour 2010","2019-03-10","Parts per billion","None",24,100.0,9.083333,26,0,25,"099","INSTRUMENTAL - GAS PHASE CHEMILUMINESCENCE","CENTRAL PHOENIX","1645 E ROOSEVELT ST-CENTRAL PHOENIX STN","Arizona","Maricopa","Phoenix","Phoenix-Mesa-Scottsdale, AZ","2024-05-22"
"04","013","3002","42602",6,33.45797,-112.04659,"NAD83","Nitrogen dioxide (NO2)","1 HOUR","NO2 1-hour 2010","2019-03-11","Parts per billion","None",24,100.0,14.041667,22,6,21,"099","INSTRUMENTAL - GAS PHASE CHEMILUMINESCENCE","CENTRAL PHOENIX","1645 E ROOSEVELT ST-CENTRAL PHOENIX STN","Arizona","Maricopa","Phoenix","Phoenix-Mesa-Scottsdale, AZ","2024-05-22"
"04","013","3002","42602",6,33.45797,-112.04659,"NAD83","Nitrogen dioxide (NO2)","1 HOUR","NO2 1-hour 2010","2019-03-12","Parts per billion","None",24,100.0,8.958333,18,1,17,"099","INSTRUMENTAL - GAS PHASE CHEMILUMINESCENCE","CENTRAL PHOENIX","1645 E ROOSEVELT ST-CENTRAL PHOENIX STN","Arizona","Maricopa","Phoenix","Phoenix-Mesa-Scottsdale, AZ","2024-05-22"
"04","013","3002","42602",6,33.45797,-112.04659,"NAD83","Nitrogen dioxide (NO2)","1 HOUR","NO2 1-hour 2010","2019-03-13","Parts per billion","None",23,96.0,6.347826,15,22,14,"099","INSTRUMENTAL - GAS PHASE CHEMILUMINESCENCE","CENTRAL PHOENIX","1645 E ROOSEVELT ST-CENTRAL PHOENIX STN","Arizona","Maricopa","Phoenix","Phoenix-Mesa-Scottsdale, AZ","2024-05-22"
"04","013","3002","42602",6,33.45797,-112.04659,"NAD83","Nitrogen dioxide (NO2)","1 HOUR","NO2 1-hour 2010","2019-03-14","Parts per billion","None",24,100.0,16.416667,40,21,38,"099","INSTRUMENTAL - GAS PHASE CHEMILUMINESCENCE","CENTRAL PHOENIX","1645 E ROOSEVELT ST-CENTRAL PHOENIX STN","Arizona","Maricopa","Phoenix","Phoenix-Mesa-Scottsdale, AZ","2024-05-22"
"04","013","3002","42602",6,33.45797,-112.04659,"NAD83","Nitrogen dioxide (NO2)","1 HOUR","NO2 1-hour 2010","2019-03-15","Parts per billion","None",24,100.0,17.625,45,8,42,"099","INSTRUMENTAL - GAS PHASE CHEMILUMINESCENCE","CENTRAL PHOENIX","1645 E ROOSEVELT ST-CENTRAL PHOENIX STN","Arizona","Maricopa","Phoenix","Phoenix-Mesa-Scottsdale, AZ","2024-05-22"
"04","013","3002","42602",6,33.45797,-112.04659,"NAD83","Nitrogen dioxide (NO2)","1 HOUR","NO2 1-hour 2010","2019-03-16","Parts per billion","None",24,100.0,5.958333,14,23,13,"099","INSTRUMENTAL - GAS PHASE CHEMILUMINESCENCE","CENTRAL PHOENIX","1645 E ROOSEVELT ST-CENTRAL PHOENIX STN","Arizona","Maricopa","Phoenix","Phoenix-Mesa-Scottsdale, AZ","2024-05-22"
"04","013","3002","42602",6,33.45797,-112.04659,"NAD83","Nitrogen dioxide (NO2)","1 HOUR","NO2 1-hour 2010","2019-03-17","Parts per billion","None",24,100.0,10.375,45,20,42,"099","INSTRUMENTAL - GAS PHASE CHEMILUMINESCENCE","CENTRAL PHOENIX","1645 E ROOSEVELT ST-CENTRAL PHOENIX STN","Arizona","Maricopa","Phoenix","Phoenix-Mesa-Scottsdale, AZ","2024-05-22"
"04","013","3002","42602",6,33.45797,-112.04659,"NAD83","Nitrogen dioxide (NO2)","1 HOUR","NO2 1-hour 2010","2019-03-18","Parts per billion","None",24,100.0,20.791667,46,23,43,"099","INSTRUMENTAL - GAS PHASE CHEMILUMINESCENCE","CENTRAL PHOENIX","1645 E ROOSEVELT ST-CENTRAL PHOENIX STN","Arizona","Maricopa","Phoenix","Phoenix-Mesa-Scottsdale, AZ","2024-05-22"
"04","013","3002","42602",6,33.45797,-112.04659,"NAD83","Nitrogen dioxide (NO2)","1 HOUR","NO2 1-hour 2010","2019-03-19","Parts per billion","None",24,100.0,20.875,48,20,45,"099","INSTRUMENTAL - GAS PHASE CHEMILUMINESCENCE","CENTRAL PHOENIX","1645 E ROOSEVELT ST-CENTRAL PHOENIX STN","Arizona","Maricopa","Phoenix","Phoenix-Mesa-Scottsdale, AZ","2024-05-22"
"04","013","3002","42602",6,33.45797,-112.04659,"NAD83","Nitrogen dioxide (NO2)","1 HOUR","NO2 1-hour 2010","2019-03-20","Parts per billion","None",23,96.0,12.73913,39,0,37,"099","INSTRUMENTAL - GAS PHASE CHEMILUMINESCENCE","CENTRAL PHOENIX","1645 E ROOSEVELT ST-CENTRAL PHOENIX STN","Arizona","Maricopa","Phoenix","Phoenix-Mesa-Scottsdale, AZ","2024-05-22"
"04","013","3002","42602",6,33.45797,-112.04659,"NAD83","Nitrogen dioxide (NO2)","1 HOUR","NO2 1-hour 2010","2019-03-21","Parts per billion","None",24,100.0,9.166667,22,21,21,"099","INSTRUMENTAL - GAS PHASE CHEMILUMINESCENCE","CENTRAL PHOENIX","1645 E ROOSEVELT ST-CENTRAL PHOENIX STN","Arizona","Maricopa","Phoenix","Phoenix-Mesa-Scottsdale, AZ","2024-05-22"
"04","013","3002","42602",6,33.45797,-112.04659,"NAD83","Nitrogen dioxide (NO2)","1 HOUR","NO2 1-hour 2010","2019-03-22","Parts per billion","None",23,96.0,17.869565,42,23,40,"099","INSTRUMENTAL - GAS PHASE CHEMILUMINESCENCE","CENTRAL PHOENIX","1645 E ROOSEVELT ST-CENTRAL PHOENIX STN","Arizona","Maricopa","Phoenix","Phoenix-Mesa-Scottsdale, AZ","2024-05-22"
"04","013","3002","42602",6,33.45797,-112.04659,"NAD83","Nitrogen dioxide (NO2)","1 HOUR","NO2 1-hour 2010","2019-03-23","Parts per billion","None",24,100.0,16.333333,41,0,39,"099","INSTRUMENTAL - GAS PHASE CHEMILUMINESCENCE","CENTRAL PHOENIX","1645 E ROOSEVELT ST-CENTRAL PHOENIX STN","Arizona","Maricopa","Phoenix","Phoenix-Mesa-Scottsdale, AZ","2024-05-22"
"04","013","3002","42602",6,33.45797,-112.04659,"NAD83","Nitrogen dioxide (NO2)","1 HOUR","NO2 1-hour 2010","2019-03-24","Parts per billion","None",24,100.0,14.458333,50,22,47,"099","INSTRUMENTAL - GAS PHASE CHEMILUMINESCENCE","CENTRAL PHOENIX","1645 E ROOSEVELT ST-CENTRAL PHOENIX STN","Arizona","Maricopa","Phoenix","Phoenix-Mesa-Scottsdale, AZ","2024-05-22"
"04","013","3002","42602",6,33.45797,-112.04659,"NAD83","Nitrogen dioxide (NO2)","1 HOUR","NO2 1-hour 2010","2019-03-25","Parts per billion","None",24,100.0,24.375,46,21,43,"099","INSTRUMENTAL - GAS PHASE CHEMILUMINESCENCE","CENTRAL PHOENIX","1645 E ROOSEVELT ST-CENTRAL PHOENIX STN","Arizona","Maricopa","Phoenix","Phoenix-Mesa-Scottsdale, AZ","2024-05-22"
"04","013","3002","42602",6,33.45797,-112.04659,"NAD83","Nitrogen dioxide (NO2)","1 HOUR","NO2 1-hour 2010","2019-03-26","Parts per billion","None",24,100.0,25.75,50,23,47,"099","INSTRUMENTAL - GAS PHASE CHEMILUMINESCENCE","CENTRAL PHOENIX","1645 E ROOSEVELT ST-CENTRAL PHOENIX STN","Arizona","Maricopa","Phoenix","Phoenix-Mesa-Scottsdale, AZ","2024-05-22"
"04","013","3002","42602",6,33.45797,-112.04659,"NAD83","Nitrogen dioxide (NO2)","1 HOUR","NO2 1-hour 2010","2019-03-27","Parts per billion","None",23,96.0,33.869565,61,20,58,"099","INSTRUMENTAL - GAS PHASE CHEMILUMINESCENCE","CENTRAL PHOENIX","1645 E ROOSEVELT ST-CENTRAL PHOENIX STN","Arizona","Maricopa","Phoenix","Phoenix-Mesa-Scottsdale, AZ","2024-05-22"
"04","013","3002","42602",6,33.45797,-112.04659,"NAD83","Nitrogen dioxide (NO2)","1 HOUR","NO2 1-hour 2010","2019-03-28","Parts per billion","None",24,100.0,20.125,45,0,42,"099","INSTRUMENTAL - GAS PHASE CHEMILUMINESCENCE","CENTRAL PHOENIX","1645 E ROOSEVELT ST-CENTRAL PHOENIX STN","Arizona","Maricopa","Phoenix","Phoenix-Mesa-Scottsdale, AZ","2024-05-22"
"04","013","3002","42602",6,33.45797,-112.04659,"NAD83","Nitrogen dioxide (NO2)","1 HOUR","NO2 1-hour 2010","2019-03-29","Parts per billion","None",24,100.0,17.333333,37,8,35,"099","INSTRUMENTAL - GAS PHASE CHEMILUMINESCENCE","CENTRAL PHOENIX","1645 E ROOSEVELT ST-CENTRAL PHOENIX STN","Arizona","Maricopa","Phoenix","Phoenix-Mesa-Scottsdale, AZ","2024-05-22"
"04","013","3002","42602",6,33.45797,-112.04659,"NAD83","Nitrogen dioxide (NO2)","1 HOUR","NO2 1-hour 2010","2019-03-30","Parts per billion","None",24,100.0,17.666667,42,21,40,"099","INSTRUMENTAL - GAS PHASE CHEMILUMINESCENCE","CENTRAL PHOENIX","1645 E ROOSEVELT ST-CENTRAL PHOENIX STN","Arizona","Maricopa","Phoenix","Phoenix-Mesa-Scottsdale, AZ","2024-05-22"
"04","013","3002","42602",6,33.45797,-112.04659,"NAD83","Nitrogen dioxide (NO2)","1 HOUR","NO2 1-hour 2010","2019-03-31","Parts per billion","None",24,100.0,15.958333,48,21,45,"099","INSTRUMENTAL - GAS PHASE CHEMILUMINESCENCE","CENTRAL PHOENIX","1645 E ROOSEVELT ST-CENTRAL PHOENIX STN","Arizona","Maricopa","Phoenix","Phoenix-Mesa-Scottsdale, AZ","2024-05-22"
"04","013","3002","42602",6,33.45797,-112.04659,"NAD83","Nitrogen dioxide (NO2)","1 HOUR","NO2 1-hour 2010","2019-04-01","Parts per billion","None",24,100.0,21.333333,51,23,48,"099","INSTRUMENTAL - GAS PHASE CHEMILUMINESCENCE","CENTRAL PHOENIX","1645 E ROOSEVELT ST-CENTRAL PHOENIX STN","Arizona","Maricopa","Phoenix","Phoenix-Mesa-Scottsdale, AZ","2024-05-22"
"04","013","3002","42602",6,33.45797,-112.04659,"NAD83","Nitrogen dioxide (NO2)","1 HOUR","NO2 1-hour 2010","2019-04-02","Parts per billion","None",23,96.0,13.913043,46,0,43,"099","INSTRUMENTAL - GAS PHASE CHEMILUMINESCENCE","CENTRAL PHOENIX","1645 E ROOSEVELT ST-CENTRAL PHOENIX STN","Arizona","Maricopa","Phoenix","Phoenix-Mesa-Scottsdale, AZ","2024-05-22"
"04","013","3002","42602",6,33.45797,-112.04659,"NAD83","Nitrogen dioxide (NO2)","1 HOUR","NO2 1-hour 2010","2019-04-03","Parts per billion","None",23,96.0,12.913043,47,22,44,"099","INSTRUMENTAL - GAS PHASE CHEMILUMINESCENCE","CENTRAL PHOENIX","1645 E ROOSEVELT ST-CENTRAL PHOENIX STN","Arizona","Maricopa","Phoenix","Phoenix-Mesa-Scottsdale, AZ","2024-05-22"
"04","013","3002","42602",6,33.45797,-112.04659,"NAD83","Nitrogen dioxide (NO2)","1 HOUR","NO2 1-hour 2010","2019-04-04","Parts per billion","None",24,100.0,15.708333,31,20,29,"099","INSTRUMENTAL - GAS PHASE CHEMILUMINESCENCE","CENTRAL PHOENIX","1645 E ROOSEVELT ST-CENTRAL PHOENIX STN","Arizona","Maricopa","Phoenix","Phoenix-Mesa-Scottsdale, AZ","2024-05-22"
"04","013","3002","42602",6,33.45797,-112.04659,"NAD83","Nitrogen dioxide (NO2)","1 HOUR","NO2 1-hour 2010","2019-04-05","Parts per billion","None",24,100.0,13.916667,35,6,33,"099","INSTRUMENTAL - GAS PHASE CHEMILUMINESCENCE","CENTRAL PHOENIX","1645 E ROOSEVELT ST-CENTRAL PHOENIX STN","Arizona","Maricopa","Phoenix","Phoenix-Mesa-Scottsdale, AZ","2024-05-22"
"04","013","3002","42602",6,33.45797,-112.04659,"NAD83","Nitrogen dioxide (NO2)","1 HOUR","NO2 1-hour 2010","2019-04-06","Parts per billion","None",24,100.0,9.583333,37,23,35,"099","INSTRUMENTAL - GAS PHASE CHEMILUMINESCENCE","CENTRAL PHOENIX","1645 E ROOSEVELT ST-CENTRAL PHOENIX STN","Arizona","Maricopa","Phoenix","Phoenix-Mesa-Scottsdale, AZ","2024-05-22"
"04","013","3002","42602",6,33.45797,-112.04659,"NAD83","Nitrogen dioxide (NO2)","1 HOUR","NO2 1-hour 2010","2019-04-07","Parts per billion","None",24,100.0,15.125,37,0,35,"099","INSTRUMENTAL - GAS PHASE CHEMILUMINESCENCE","CENTRAL PHOENIX","1645 E ROOSEVELT ST-CENTRAL PHOENIX STN","Arizona","Maricopa","Phoenix","Phoenix-Mesa-Scottsdale, AZ","2024-05-22"
"04","013","3002","42602",6,33.45797,-112.04659,"NAD83","Nitrogen dioxide (NO2)","1 HOUR","NO2 1-hour 2010","2019-04-08","Parts per billion","None",24,100.0,21.75,49,22,46,"099","INSTRUMENTAL - GAS PHASE CHEMILUMINESCENCE","CENTRAL PHOENIX","1645 E ROOSEVELT ST-CENTRAL PHOENIX STN","Arizona","Maricopa","Phoenix","Phoenix-Mesa-Scottsdale, AZ","2024-05-22"
"04","013","3002","42602",6,33.45797,-112.04659,"NAD83","Nitrogen dioxide (NO2)","1 HOUR","NO2 1-hour 2010","2019-04-09","Parts per billion","None",24,100.0,16.041667,45,0,42,"099","INSTRUMENTAL - GAS PHASE CHEMILUMINESCENCE","CENTRAL PHOENIX","1645 E ROOSEVELT ST-CENTRAL PHOENIX STN","Arizona","Maricopa","Phoenix","Phoenix-Mesa-Scottsdale, AZ","2024-05-22"
"04","013","3002","42602",6,33.45797,-112.04659,"NAD83","Nitrogen dioxide (NO2)","1 HOUR","NO2 1-hour 2010","2019-04-10","Parts per billion","None",23,96.0,7.782609,22,22,21,"099","INSTRUMENTAL - GAS PHASE CHEMILUMINESCENCE","CENTRAL PHOENIX","1645 E ROOSEVELT ST-CENTRAL PHOENIX STN","Arizona","Maricopa","Phoenix","Phoenix-Mesa-Scottsdale, AZ","2024-05-22"
"04","013","3002","42602",6,33.45797,-112.04659,"NAD83","Nitrogen dioxide (NO2)","1 HOUR","NO2 1-hour 2010","2019-04-11","Parts per billion","None",24,100.0,9.666667,28,6,26,"099","INSTRUMENTAL - GAS PHASE CHEMILUMINESCENCE","CENTRAL PHOENIX","1645 E ROOSEVELT ST-CENTRAL PHOENIX STN","Arizona","Maricopa","Phoenix","Phoenix-Mesa-Scottsdale, AZ","2024-05-22"
"04","013","3002","42602",6,33.45797,-112.04659,"NAD83","Nitrogen dioxide (NO2)","1 HOUR","NO2 1-hour 2010","2019-04-12","Parts per billion","None",24,100.0,7.125,19,23,18,"099","INSTRUMENTAL - GAS PHASE CHEMILUMINESCENCE","CENTRAL PHOENIX","1645 E ROOSEVELT ST-CENTRAL PHOENIX STN","Arizona","Maricopa","Phoenix","Phoenix-Mesa-Scottsdale, AZ","2024-05-22"
"04","013","3002","42602",6,33.45797,-112.04659,"NAD83","Nitrogen dioxide (NO2)","1 HOUR","NO2 1-hour 2010","2019-04-13","Parts per billion","None",24,100.0,13.833333,48,22,45,"099","INSTRUMENTAL - GAS PHASE CHEMILUMINESCENCE","CENTRAL PHOENIX","1645 E ROOSEVELT ST-CENTRAL PHOENIX STN","Arizona","Maricopa","Phoenix","Phoenix-Mesa-Scottsdale, AZ","2024-05-22"
"04","013","3002","42602",6,33.45797,-112.04659,"NAD83","Nitrogen dioxide (NO2)","1 HOUR","NO2 1-hour 2010","2019-04-14","Parts per billion","None",24,100.0,13.375,36,23,34,"099","INSTRUMENTAL - GAS PHASE CHEMILUMINESCENCE","CENTRAL PHOENIX","1645 E ROOSEVELT ST-CENTRAL PHOENIX STN","Arizona","Maricopa","Phoenix","Phoenix-Mesa-Scottsdale, AZ","2024-05-22"
"04","013","3002","42602",6,33.45797,-112.04659,"NAD83","Nitrogen dioxide (NO2)","1 HOUR","NO2 1-hour 2010","2019-04-15","Parts per billion","None",24,100.0,13.583333,40,3,38,"099","INSTRUMENTAL - GAS PHASE CHEMILUMINESCENCE","CENTRAL PHOENIX","1645 E ROOSEVELT ST-CENTRAL PHOENIX STN","Arizona","Maricopa","Phoenix","Phoenix-Mesa-Scottsdale, AZ","2024-05-22"
"04","013","3002","42602",6,33.45797,-112.04659,"NAD83","Nitrogen dioxide (NO2)","1 HOUR","NO2 1-hour 2010","2019-04-16","Parts per billion","None",23,96.0,10.782609,25,5,24,"099","INSTRUMENTAL - GAS PHASE CHEMILUMINESCENCE","CENTRAL PHOENIX","1645 E ROOSEVELT ST-CENTRAL PHOENIX STN","Arizona","Maricopa","Phoenix","Phoenix-Mesa-Scottsdale, AZ","2024-05-22"
"04","013","3002","42602",6,33.45797,-112.04659,"NAD83","Nitrogen dioxide (NO2)","1 HOUR","NO2 1-hour 2010","2019-04-17","Parts per billion","None",24,100.0,10.416667,36,23,34,"099","INSTRUMENTAL - GAS PHASE CHEMILUMINESCENCE","CENTRAL PHOENIX","1645 E ROOSEVELT ST-CENTRAL PHOENIX STN","Arizona","Maricopa","Phoenix","Phoenix-Mesa-Scottsdale, AZ","2024-05-22"
"04","013","3002","42602",6,33.45797,-112.04659,"NAD83","Nitrogen dioxide (NO2)","1 HOUR","NO2 1-hour 2010","2019-04-18","Parts per billion","None",23,96.0,20.434783,50,23,47,"099","INSTRUMENTAL - GAS PHASE CHEMILUMINESCENCE","CENTRAL PHOENIX","1645 E ROOSEVELT ST-CENTRAL PHOENIX STN","Arizona","Maricopa","Phoenix","Phoenix-Mesa-Scottsdale, AZ","2024-05-22"
"04","013","3002","42602",6,33.45797,-112.04659,"NAD83","Nitrogen dioxide (NO2)","1 HOUR","NO2 1-hour 2010","2019-04-19","Parts per billion","None",24,100.0,23.083333,50,0,47,"099","INSTRUMENTAL - GAS PHASE CHEMILUMINESCENCE","CENTRAL PHOENIX","1645 E ROOSEVELT ST-CENTRAL PHOENIX STN","Arizona","Maricopa","Phoenix","Phoenix-Mesa-Scottsdale, AZ","2024-05-22"
"04","013","3002","42602",6,33.45797,-112.04659,"NAD83","Nitrogen dioxide (NO2)","1 HOUR","NO2 1-hour 2010","2019-04-20","Parts per billion","None",24,100.0,11.375,47,0,44,"099","INSTRUMENTAL - GAS PHASE CHEMILUMINESCENCE","CENTRAL PHOENIX","1645 E ROOSEVELT ST-CENTRAL PHOENIX STN","Arizona","Maricopa","Phoenix","Phoenix-Mesa-Scottsdale, AZ","2024-05-22"
"04","013","3002","42602",6,33.45797,-112.04659,"NAD83","Nitrogen dioxide (NO2)","1 HOUR","NO2 1-hour 2010","2019-04-21","Parts per billion","None",24,100.0,6.125,14,5,13,"099","INSTRUMENTAL - GAS PHASE CHEMILUMINESCENCE","CENTRAL PHOENIX","1645 E ROOSEVELT ST-CENTRAL PHOENIX STN","Arizona","Maricopa","Phoenix","Phoenix-Mesa-Scottsdale, AZ","2024-05-22"
"04","013","3002","42602",6,33.45797,-112.04659,"NAD83","Nitrogen dioxide (NO2)","1 HOUR","NO2 1-hour 2010","2019-04-22","Parts per billion","None",24,100.0,15.958333,52,23,49,"099","INSTRUMENTAL - GAS PHASE CHEMILUMINESCENCE","CENTRAL PHOENIX","1645 E ROOSEVELT ST-CENTRAL PHOENIX STN","Arizona","Maricopa","Phoenix","Phoenix-Mesa-Scottsdale, AZ","2024-05-22"
"04","013","3002","42602",6,33.45797,-112.04659,"NAD83","Nitrogen dioxide (NO2)","1 HOUR","NO2 1-hour 2010","2019-04-23","Parts per billion","None",24,100.0,18.625,47,0,44,"099","INSTRUMENTAL - GAS PHASE CHEMILUMINESCENCE","CENTRAL PHOENIX","1645 E ROOSEVELT ST-CENTRAL PHOENIX STN","Arizona","Maricopa","Phoenix","Phoenix-Mesa-Scottsdale, AZ","2024-05-22"
"04","013","3002","42602",6,33.45797,-112.04659,"NAD83","Nitrogen dioxide (NO2)","1 HOUR","NO2 1-hour 2010","2019-04-24","Parts per billion","None",23,96.0,15.347826,45,23,42,"099","INSTRUMENTAL - GAS PHASE CHEMILUMINESCENCE","CENTRAL PHOENIX","1645 E ROOSEVELT ST-CENTRAL PHOENIX STN","Arizona","Maricopa","Phoenix","Phoenix-Mesa-Scottsdale, AZ","2024-05-22"
"04","013","3002","42602",6,33.45797,-112.04659,"NAD83","Nitrogen dioxide (NO2)","1 HOUR","NO2 1-hour 2010","2019-04-25","Parts per billion","None",24,100.0,19.833333,47,22,44,"099","INSTRUMENTAL - GAS PHASE CHEMILUMINESCENCE","CENTRAL PHOENIX","1645 E ROOSEVELT ST-CENTRAL PHOENIX STN","Arizona","Maricopa","Phoenix","Phoenix-Mesa-Scottsdale, AZ","2024-05-22"
"04","013","3002","42602",6,33.45797,-112.04659,"NAD83","Nitrogen dioxide (NO2)","1 HOUR","NO2 1-hour 2010","2019-04-26","Parts per billion","None",24,100.0,16.5,39,3,37,"099","INSTRUMENTAL - GAS PHASE CHEMILUMINESCENCE","CENTRAL PHOENIX","1645 E ROOSEVELT ST-CENTRAL PHOENIX STN","Arizona","Maricopa","Phoenix","Phoenix-Mesa-Scottsdale, AZ","2024-05-22"
"04","013","3002","42602",6,33.45797,-112.04659,"NAD83","Nitrogen dioxide (NO2)","1 HOUR","NO2 1-hour 2010","2019-04-27","Parts per billion","None",24,100.0,10.583333,23,3,22,"099","INSTRUMENTAL - GAS PHASE CHEMILUMINESCENCE","CENTRAL PHOENIX","1645 E ROOSEVELT ST-CENTRAL PHOENIX STN","Arizona","Maricopa","Phoenix","Phoenix-Mesa-Scottsdale, AZ","2024-05-22"
"04","013","3002","42602",6,33.45797,-112.04659,"NAD83","Nitrogen dioxide (NO2)","1 HOUR","NO2 1-hour 2010","2019-04-28","Parts per billion","None",24,100.0,8.125,22,1,21,"099","INSTRUMENTAL - GAS PHASE CHEMILUMINESCENCE","CENTRAL PHOENIX","1645 E ROOSEVELT ST-CENTRAL PHOENIX STN","Arizona","Maricopa","Phoenix","Phoenix-Mesa-Scottsdale, AZ","2024-05-22"
"04","013","3002","42602",6,33.45797,-112.04659,"NAD83","Nitrogen dioxide (NO2)","1 HOUR","NO2 1-hour 2010","2019-04-29","Parts per billion","None",24,100.0,8.041667,24,7,23,"099","INSTRUMENTAL - GAS PHASE CHEMILUMINESCENCE","CENTRAL PHOENIX","1645 E ROOSEVELT ST-CENTRAL PHOENIX STN","Arizona","Maricopa","Phoenix","Phoenix-Mesa-Scottsdale, AZ","2024-05-22"
"04","013","3002","42602",6,33.45797,-112.04659,"NAD83","Nitrogen dioxide (NO2)","1 HOUR","NO2 1-hour 2010","2019-04-30","Parts per billion","None",23,96.0,7.217391,20,6,19,"099","INSTRUMENTAL - GAS PHASE CHEMILUMINESCENCE","CENTRAL PHOENIX","1645 E ROOSEVELT ST-CENTRAL PHOENIX STN","Arizona","Maricopa","Phoenix","Phoenix-Mesa-Scottsdale, AZ","2024-05-22"
"04","013","3002","42602",6,33.45797,-112.04659,"NAD83","Nitrogen dioxide (NO2)","1 HOUR","NO2 1-hour 2010","2019-05-01","Parts per billion","None",24,100.0,11,30,5,28,"099","INSTRUMENTAL - GAS PHASE CHEMILUMINESCENCE","CENTRAL PHOENIX","1645 E ROOSEVELT ST-CENTRAL PHOENIX STN","Arizona","Maricopa","Phoenix","Phoenix-Mesa-Scottsdale, AZ","2024-05-22"
"04","013","3002","42602",6,33.45797,-112.04659,"NAD83","Nitrogen dioxide (NO2)","1 HOUR","NO2 1-hour 2010","2019-05-02","Parts per billion","None",23,96.0,20.304348,46,21,43,"099","INSTRUMENTAL - GAS PHASE CHEMILUMINESCENCE","CENTRAL PHOENIX","1645 E ROOSEVELT ST-CENTRAL PHOENIX STN","Arizona","Maricopa","Phoenix","Phoenix-Mesa-Scottsdale, AZ","2024-05-22"
"04","013","3002","42602",6,33.45797,-112.04659,"NAD83","Nitrogen dioxide (NO2)","1 HOUR","NO2 1-hour 2010","2019-05-03","Parts per billion","None",24,100.0,20.125,46,0,43,"099","INSTRUMENTAL - GAS PHASE CHEMILUMINESCENCE","CENTRAL PHOENIX","1645 E ROOSEVELT ST-CENTRAL PHOENIX STN","Arizona","Maricopa","Phoenix","Phoenix-Mesa-Scottsdale, AZ","2024-05-22"
"04","013","3002","42602",6,33.45797,-112.04659,"NAD83","Nitrogen dioxide (NO2)","1 HOUR","NO2 1-hour 2010","2019-05-04","Parts per billion","None",24,100.0,15.708333,45,1,42,"099","INSTRUMENTAL - GAS PHASE CHEMILUMINESCENCE","CENTRAL PHOENIX","1645 E ROOSEVELT ST-CENTRAL PHOENIX STN","Arizona","Maricopa","Phoenix","Phoenix-Mesa-Scottsdale, AZ","2024-05-22"
"04","013","3002","42602",6,33.45797,-112.04659,"NAD83","Nitrogen dioxide (NO2)","1 HOUR","NO2 1-hour 2010","2019-05-05","Parts per billion","None",24,100.0,10.541667,32,0,30,"099","INSTRUMENTAL - GAS PHASE CHEMILUMINESCENCE","CENTRAL PHOENIX","1645 E ROOSEVELT ST-CENTRAL PHOENIX STN","Arizona","Maricopa","Phoenix","Phoenix-Mesa-Scottsdale, AZ","2024-05-22"
"04","013","3002","42602",6,33.45797,-112.04659,"NAD83","Nitrogen dioxide (NO2)","1 HOUR","NO2 1-hour 2010","2019-05-06","Parts per billion","None",24,100.0,12.083333,28,6,26,"099","INSTRUMENTAL - GAS PHASE CHEMILUMINESCENCE","CENTRAL PHOENIX","1645 E ROOSEVELT ST-CENTRAL PHOENIX STN","Arizona","Maricopa","Phoenix","Phoenix-Mesa-Scottsdale, AZ","2024-05-22"
"04","013","3002","42602",6,33.45797,-112.04659,"NAD83","Nitrogen dioxide (NO2)","1 HOUR","NO2 1-hour 2010","2019-05-07","Parts per billion","None",24,100.0,9.958333,36,23,34,"099","INSTRUMENTAL - GAS PHASE CHEMILUMINESCENCE","CENTRAL PHOENIX","1645 E ROOSEVELT ST-CENTRAL PHOENIX STN","Arizona","Maricopa","Phoenix","Phoenix-Mesa-Scottsdale, AZ","2024-05-22"
"04","013","3002","42602",6,33.45797,-112.04659,"NAD83","Nitrogen dioxide (NO2)","1 HOUR","NO2 1-hour 2010","2019-05-08","Parts per billion","None",21,88.0,11.571429,33,0,31,"099","INSTRUMENTAL - GAS PHASE CHEMILUMINESCENCE","CENTRAL PHOENIX","1645 E ROOSEVELT ST-CENTRAL PHOENIX STN","Arizona","Maricopa","Phoenix","Phoenix-Mesa-Scottsdale, AZ","2024-05-22"
"04","013","3002","42602",6,33.45797,-112.04659,"NAD83","Nitrogen dioxide (NO2)","1 HOUR","NO2 1-hour 2010","2019-05-09","Parts per billion","None",24,100.0,6.875,13,19,12,"099","INSTRUMENTAL - GAS PHASE CHEMILUMINESCENCE","CENTRAL PHOENIX","1645 E ROOSEVELT ST-CENTRAL PHOENIX STN","Arizona","Maricopa","Phoenix","Phoenix-Mesa-Scottsdale, AZ","2024-05-22"
"04","013","3002","42602",6,33.45797,-112.04659,"NAD83","Nitrogen dioxide (NO2)","1 HOUR","NO2 1-hour 2010","2019-05-10","Parts per billion","None",24,100.0,8.791667,28,5,26,"099","INSTRUMENTAL - GAS PHASE CHEMILUMINESCENCE","CENTRAL PHOENIX","1645 E ROOSEVELT ST-CENTRAL PHOENIX STN","Arizona","Maricopa","Phoenix","Phoenix-Mesa-Scottsdale, AZ","2024-05-22"
"04","013","3002","42602",6,33.45797,-112.04659,"NAD83","Nitrogen dioxide (NO2)","1 HOUR","NO2 1-hour 2010","2019-05-11","Parts per billion","None",24,100.0,5.666667,12,5,11,"099","INSTRUMENTAL - GAS PHASE CHEMILUMINESCENCE","CENTRAL PHOENIX","1645 E ROOSEVELT ST-CENTRAL PHOENIX STN","Arizona","Maricopa","Phoenix","Phoenix-Mesa-Scottsdale, AZ","2024-05-22"
"04","013","3002","42602",6,33.45797,-112.04659,"NAD83","Nitrogen dioxide (NO2)","1 HOUR","NO2 1-hour 2010","2019-05-12","Parts per billion","None",24,100.0,5.041667,12,22,11,"099","INSTRUMENTAL - GAS PHASE CHEMILUMINESCENCE","CENTRAL PHOENIX","1645 E ROOSEVELT ST-CENTRAL PHOENIX STN","Arizona","Maricopa","Phoenix","Phoenix-Mesa-Scottsdale, AZ","2024-05-22"
"04","013","3002","42602",6,33.45797,-112.04659,"NAD83","Nitrogen dioxide (NO2)","1 HOUR","NO2 1-hour 2010","2019-05-13","Parts per billion","None",24,100.0,12.458333,43,23,41,"099","INSTRUMENTAL - GAS PHASE CHEMILUMINESCENCE","CENTRAL PHOENIX","1645 E ROOSEVELT ST-CENTRAL PHOENIX STN","Arizona","Maricopa","Phoenix","Phoenix-Mesa-Scottsdale, AZ","2024-05-22"
"04","013","3002","42602",6,33.45797,-112.04659,"NAD83","Nitrogen dioxide (NO2)","1 HOUR","NO2 1-hour 2010","2019-05-14","Parts per billion","None",23,96.0,17.869565,38,0,36,"099","INSTRUMENTAL - GAS PHASE CHEMILUMINESCENCE","CENTRAL PHOENIX","1645 E ROOSEVELT ST-CENTRAL PHOENIX STN","Arizona","Maricopa","Phoenix","Phoenix-Mesa-Scottsdale, AZ","2024-05-22"
"04","013","3002","42602",6,33.45797,-112.04659,"NAD83","Nitrogen dioxide (NO2)","1 HOUR","NO2 1-hour 2010","2019-05-15","Parts per billion","None",23,96.0,14.782609,37,3,35,"099","INSTRUMENTAL - GAS PHASE CHEMILUMINESCENCE","CENTRAL PHOENIX","1645 E ROOSEVELT ST-CENTRAL PHOENIX STN","Arizona","Maricopa","Phoenix","Phoenix-Mesa-Scottsdale, AZ","2024-05-22"
"04","013","3002","42602",6,33.45797,-112.04659,"NAD83","Nitrogen dioxide (NO2)","1 HOUR","NO2 1-hour 2010","2019-05-16","Parts per billion","None",24,100.0,11,35,5,33,"099","INSTRUMENTAL - GAS PHASE CHEMILUMINESCENCE","CENTRAL PHOENIX","1645 E ROOSEVELT ST-CENTRAL PHOENIX STN","Arizona","Maricopa","Phoenix","Phoenix-Mesa-Scottsdale, AZ","2024-05-22"
"04","013","3002","42602",6,33.45797,-112.04659,"NAD83","Nitrogen dioxide (NO2)","1 HOUR","NO2 1-hour 2010","2019-05-17","Parts per billion","None",24,100.0,5.458333,13,22,12,"099","INSTRUMENTAL - GAS PHASE CHEMILUMINESCENCE","CENTRAL PHOENIX","1645 E ROOSEVELT ST-CENTRAL PHOENIX STN","Arizona","Maricopa","Phoenix","Phoenix-Mesa-Scottsdale, AZ","2024-05-22"
"04","013","3002","42602",6,33.45797,-112.04659,"NAD83","Nitrogen dioxide (NO2)","1 HOUR","NO2 1-hour 2010","2019-05-18","Parts per billion","None",24,100.0,12.416667,30,4,28,"099","INSTRUMENTAL - GAS PHASE CHEMILUMINESCENCE","CENTRAL PHOENIX","1645 E ROOSEVELT ST-CENTRAL PHOENIX STN","Arizona","Maricopa","Phoenix","Phoenix-Mesa-Scottsdale, AZ","2024-05-22"
"04","013","3002","42602",6,33.45797,-112.04659,"NAD83","Nitrogen dioxide (NO2)","1 HOUR","NO2 1-hour 2010","2019-05-19","Parts per billion","None",24,100.0,5.875,11,4,10,"099","INSTRUMENTAL - GAS PHASE CHEMILUMINESCENCE","CENTRAL PHOENIX","1645 E ROOSEVELT ST-CENTRAL PHOENIX STN","Arizona","Maricopa","Phoenix","Phoenix-Mesa-Scottsdale, AZ","2024-05-22"
"04","013","3002","42602",6,33.45797,-112.04659,"NAD83","Nitrogen dioxide (NO2)","1 HOUR","NO2 1-hour 2010","2019-05-20","Parts per billion","None",24,100.0,3.375,13,21,12,"099","INSTRUMENTAL - GAS PHASE CHEMILUMINESCENCE","CENTRAL PHOENIX","1645 E ROOSEVELT ST-CENTRAL PHOENIX STN","Arizona","Maricopa","Phoenix","Phoenix-Mesa-Scottsdale, AZ","2024-05-22"
"04","013","3002","42602",6,33.45797,-112.04659,"NAD83","Nitrogen dioxide (NO2)","1 HOUR","NO2 1-hour 2010","2019-05-21","Parts per billion","None",24,100.0,5.5,14,5,13,"099","INSTRUMENTAL - GAS PHASE CHEMILUMINESCENCE","CENTRAL PHOENIX","1645 E ROOSEVELT ST-CENTRAL PHOENIX STN","Arizona","Maricopa","Phoenix","Phoenix-Mesa-Scottsdale, AZ","2024-05-22"
"04","013","3002","42602",6,33.45797,-112.04659,"NAD83","Nitrogen dioxide (NO2)","1 HOUR","NO2 1-hour 2010","2019-05-22","Parts per billion","None",23,96.0,3.695652,7,19,7,"099","INSTRUMENTAL - GAS PHASE CHEMILUMINESCENCE","CENTRAL PHOENIX","1645 E ROOSEVELT ST-CENTRAL PHOENIX STN","Arizona","Maricopa","Phoenix","Phoenix-Mesa-Scottsdale, AZ","2024-05-22"
"04","013","3002","42602",6,33.45797,-112.04659,"NAD83","Nitrogen dioxide (NO2)","1 HOUR","NO2 1-hour 2010","2019-05-23","Parts per billion","None",24,100.0,7.416667,22,23,21,"099","INSTRUMENTAL - GAS PHASE CHEMILUMINESCENCE","CENTRAL PHOENIX","1645 E ROOSEVELT ST-CENTRAL PHOENIX STN","Arizona","Maricopa","Phoenix","Phoenix-Mesa-Scottsdale, AZ","2024-05-22"
"04","013","3002","42602",6,33.45797,-112.04659,"NAD83","Nitrogen dioxide (NO2)","1 HOUR","NO2 1-hour 2010","2019-05-24","Parts per billion","None",24,100.0,20.166667,46,23,43,"099","INSTRUMENTAL - GAS PHASE CHEMILUMINESCENCE","CENTRAL PHOENIX","1645 E ROOSEVELT ST-CENTRAL PHOENIX STN","Arizona","Maricopa","Phoenix","Phoenix-Mesa-Scottsdale, AZ","2024-05-22"
"04","013","3002","42602",6,33.45797,-112.04659,"NAD83","Nitrogen dioxide (NO2)","1 HOUR","NO2 1-hour 2010","2019-05-25","Parts per billion","None",24,100.0,13.5,43,0,41,"099","INSTRUMENTAL - GAS PHASE CHEMILUMINESCENCE","CENTRAL PHOENIX","1645 E ROOSEVELT ST-CENTRAL PHOENIX STN","Arizona","Maricopa","Phoenix","Phoenix-Mesa-Scottsdale, AZ","2024-05-22"
"04","013","3002","42602",6,33.45797,-112.04659,"NAD83","Nitrogen dioxide (NO2)","1 HOUR","NO2 1-hour 2010","2019-05-26","Parts per billion","None",24,100.0,7.291667,24,5,23,"099","INSTRUMENTAL - GAS PHASE CHEMILUMINESCENCE","CENTRAL PHOENIX","1645 E ROOSEVELT ST-CENTRAL PHOENIX STN","Arizona","Maricopa","Phoenix","Phoenix-Mesa-Scottsdale, AZ","2024-05-22"
"04","013","3002","42602",6,33.45797,-112.04659,"NAD83","Nitrogen dioxide (NO2)","1 HOUR","NO2 1-hour 2010","2019-05-27","Parts per billion","None",24,100.0,2.791667,12,22,11,"099","INSTRUMENTAL - GAS PHASE CHEMILUMINESCENCE","CENTRAL PHOENIX","1645 E ROOSEVELT ST-CENTRAL PHOENIX STN","Arizona","Maricopa","Phoenix","Phoenix-Mesa-Scottsdale, AZ","2024-05-22"
"04","013","3002","42602",6,33.45797,-112.04659,"NAD83","Nitrogen dioxide (NO2)","1 HOUR","NO2 1-hour 2010","2019-05-28","Parts per billion","None",24,100.0,16.166667,50,23,47,"099","INSTRUMENTAL - GAS PHASE CHEMILUMINESCENCE","CENTRAL PHOENIX","1645 E ROOSEVELT ST-CENTRAL PHOENIX STN","Arizona","Maricopa","Phoenix","Phoenix-Mesa-Scottsdale, AZ","2024-05-22"
"04","013","3002","42602",6,33.45797,-112.04659,"NAD83","Nitrogen dioxide (NO2)","1 HOUR","NO2 1-hour 2010","2019-05-29","Parts per billion","None",23,96.0,21.130435,46,0,43,"099","INSTRUMENTAL - GAS PHASE CHEMILUMINESCENCE","CENTRAL PHOENIX","1645 E ROOSEVELT ST-CENTRAL PHOENIX STN","Arizona","Maricopa","Phoenix","Phoenix-Mesa-Scottsdale, AZ","2024-05-22"
"04","013","3002","42602",6,33.45797,-112.04659,"NAD83","Nitrogen dioxide (NO2)","1 HOUR","NO2 1-hour 2010","2019-05-30","Parts per billion","None",23,96.0,20.130435,45,22,42,"099","INSTRUMENTAL - GAS PHASE CHEMILUMINESCENCE","CENTRAL PHOENIX","1645 E ROOSEVELT ST-CENTRAL PHOENIX STN","Arizona","Maricopa","Phoenix","Phoenix-Mesa-Scottsdale, AZ","2024-05-22"
"04","013","3002","42602",6,33.45797,-112.04659,"NAD83","Nitrogen dioxide (NO2)","1 HOUR","NO2 1-hour 2010","2019-05-31","Parts per billion","None",24,100.0,11,30,5,28,"099","INSTRUMENTAL - GAS PHASE CHEMILUMINESCENCE","CENTRAL PHOENIX","1645 E ROOSEVELT ST-CENTRAL PHOENIX STN","Arizona","Maricopa","Phoenix","Phoenix-Mesa-Scottsdale, AZ","2024-05-22"
"04","013","3002","42602",6,33.45797,-112.04659,"NAD83","Nitrogen dioxide (NO2)","1 HOUR","NO2 1-hour 2010","2019-06-01","Parts per billion","None",24,100.0,10.041667,37,2,35,"099","INSTRUMENTAL - GAS PHASE CHEMILUMINESCENCE","CENTRAL PHOENIX","1645 E ROOSEVELT ST-CENTRAL PHOENIX STN","Arizona","Maricopa","Phoenix","Phoenix-Mesa-Scottsdale, AZ","2024-05-22"
"04","013","3002","42602",6,33.45797,-112.04659,"NAD83","Nitrogen dioxide (NO2)","1 HOUR","NO2 1-hour 2010","2019-06-02","Parts per billion","None",24,100.0,6.833333,20,4,19,"099","INSTRUMENTAL - GAS PHASE CHEMILUMINESCENCE","CENTRAL PHOENIX","1645 E ROOSEVELT ST-CENTRAL PHOENIX STN","Arizona","Maricopa","Phoenix","Phoenix-Mesa-Scottsdale, AZ","2024-05-22"
"04","013","3002","42602",6,33.45797,-112.04659,"NAD83","Nitrogen dioxide (NO2)","1 HOUR","NO2 1-hour 2010","2019-06-03","Parts per billion","None",24,100.0,10.625,30,5,28,"099","INSTRUMENTAL - GAS PHASE CHEMILUMINESCENCE","CENTRAL PHOENIX","1645 E ROOSEVELT ST-CENTRAL PHOENIX STN","Arizona","Maricopa","Phoenix","Phoenix-Mesa-Scottsdale, AZ","2024-05-22"
"04","013","3002","42602",6,33.45797,-112.04659,"NAD83","Nitrogen dioxide (NO2)","1 HOUR","NO2 1-hour 2010","2019-06-04","Parts per billion","None",24,100.0,13.5,41,23,39,"099","INSTRUMENTAL - GAS PHASE CHEMILUMINESCENCE","CENTRAL PHOENIX","1645 E ROOSEVELT ST-CENTRAL PHOENIX STN","Arizona","Maricopa","Phoenix","Phoenix-Mesa-Scottsdale, AZ","2024-05-22"
"04","013","3002","42602",6,33.45797,-112.04659,"NAD83","Nitrogen dioxide (NO2)","1 HOUR","NO2 1-hour 2010","2019-06-05","Parts per billion","None",23,96.0,11.434783,35,5,33,"099","INSTRUMENTAL - GAS PHASE CHEMILUMINESCENCE","CENTRAL PHOENIX","1645 E ROOSEVELT ST-CENTRAL PHOENIX STN","Arizona","Maricopa","Phoenix","Phoenix-Mesa-Scottsdale, AZ","2024-05-22"
"04","013","3002","42602",6,33.45797,-112.04659,"NAD83","Nitrogen dioxide (NO2)","1 HOUR","NO2 1-hour 2010","2019-06-06","Parts per billion","None",24,100.0,8.791667,30,5,28,"099","INSTRUMENTAL - GAS PHASE CHEMILUMINESCENCE","CENTRAL PHOENIX","1645 E ROOSEVELT ST-CENTRAL PHOENIX STN","Arizona","Maricopa","Phoenix","Phoenix-Mesa-Scottsdale, AZ","2024-05-22"
"04","013","3002","42602",6,33.45797,-112.04659,"NAD83","Nitrogen dioxide (NO2)","1 HOUR","NO2 1-hour 2010","2019-06-07","Parts per billion","None",24,100.0,10.25,32,4,30,"099","INSTRUMENTAL - GAS PHASE CHEMILUMINESCENCE","CENTRAL PHOENIX","1645 E ROOSEVELT ST-CENTRAL PHOENIX STN","Arizona","Maricopa","Phoenix","Phoenix-Mesa-Scottsdale, AZ","2024-05-22"
"04","013","3002","42602",6,33.45797,-112.04659,"NAD83","Nitrogen dioxide (NO2)","1 HOUR","NO2 1-hour 2010","2019-06-08","Parts per billion","None",24,100.0,14.125,51,22,48,"099","INSTRUMENTAL - GAS PHASE CHEMILUMINESCENCE","CENTRAL PHOENIX","1645 E ROOSEVELT ST-CENTRAL PHOENIX STN","Arizona","Maricopa","Phoenix","Phoenix-Mesa-Scottsdale, AZ","2024-05-22"
"04","013","3002","42602",6,33.45797,-112.04659,"NAD83","Nitrogen dioxide (NO2)","1 HOUR","NO2 1-hour 2010","2019-06-09","Parts per billion","None",24,100.0,14.291667,45,22,42,"099","INSTRUMENTAL - GAS PHASE CHEMILUMINESCENCE","CENTRAL PHOENIX","1645 E ROOSEVELT ST-CENTRAL PHOENIX STN","Arizona","Maricopa","Phoenix","Phoenix-Mesa-Scottsdale, AZ","2024-05-22"
"04","013","3002","42602",6,33.45797,-112.04659,"NAD83","Nitrogen dioxide (NO2)","1 HOUR","NO2 1-hour 2010","2019-06-10","Parts per billion","None",24,100.0,12.291667,31,3,29,"099","INSTRUMENTAL - GAS PHASE CHEMILUMINESCENCE","CENTRAL PHOENIX","1645 E ROOSEVELT ST-CENTRAL PHOENIX STN","Arizona","Maricopa","Phoenix","Phoenix-Mesa-Scottsdale, AZ","2024-05-22"
"04","013","3002","42602",6,33.45797,-112.04659,"NAD83","Nitrogen dioxide (NO2)","1 HOUR","NO2 1-hour 2010","2019-06-11","Parts per billion","None",23,96.0,8.173913,24,22,23,"099","INSTRUMENTAL - GAS PHASE CHEMILUMINESCENCE","CENTRAL PHOENIX","1645 E ROOSEVELT ST-CENTRAL PHOENIX STN","Arizona","Maricopa","Phoenix","Phoenix-Mesa-Scottsdale, AZ","2024-05-22"
"04","013","3002","42602",6,33.45797,-112.04659,"NAD83","Nitrogen dioxide (NO2)","1 HOUR","NO2 1-hour 2010","2019-06-12","Parts per billion","None",23,96.0,22,46,22,43,"099","INSTRUMENTAL - GAS PHASE CHEMILUMINESCENCE","CENTRAL PHOENIX","1645 E ROOSEVELT ST-CENTRAL PHOENIX STN","Arizona","Maricopa","Phoenix","Phoenix-Mesa-Scottsdale, AZ","2024-05-22"
"04","013","3002","42602",6,33.45797,-112.04659,"NAD83","Nitrogen dioxide (NO2)","1 HOUR","NO2 1-hour 2010","2019-06-13","Parts per billion","None",24,100.0,18.208333,41,0,39,"099","INSTRUMENTAL - GAS PHASE CHEMILUMINESCENCE","CENTRAL PHOENIX","1645 E ROOSEVELT ST-CENTRAL PHOENIX STN","Arizona","Maricopa","Phoenix","Phoenix-Mesa-Scottsdale, AZ","2024-05-22"
"04","013","3002","42602",6,33.45797,-112.04659,"NAD83","Nitrogen dioxide (NO2)","1 HOUR","NO2 1-hour 2010","2019-06-14","Parts per billion","None",23,96.0,13.434783,33,1,31,"099","INSTRUMENTAL - GAS PHASE CHEMILUMINESCENCE","CENTRAL PHOENIX","1645 E ROOSEVELT ST-CENTRAL PHOENIX STN","Arizona","Maricopa","Phoenix","Phoenix-Mesa-Scottsdale, AZ","2024-05-22"
"04","013","3002","42602",6,33.45797,-112.04659,"NAD83","Nitrogen dioxide (NO2)","1 HOUR","NO2 1-hour 2010","2019-06-15","Parts per billion","None",24,100.0,9.5,26,21,25,"099","INSTRUMENTAL - GAS PHASE CHEMILUMINESCENCE","CENTRAL PHOENIX","1645 E ROOSEVELT ST-CENTRAL PHOENIX STN","Arizona","Maricopa","Phoenix","Phoenix-Mesa-Scottsdale, AZ","2024-05-22"
"04","013","3002","42602",6,33.45797,-112.04659,"NAD83","Nitrogen dioxide (NO2)","1 HOUR","NO2 1-hour 2010","2019-06-16","Parts per billion","None",24,100.0,7.75,17,4,16,"099","INSTRUMENTAL - GAS PHASE CHEMILUMINESCENCE","CENTRAL PHOENIX","1645 E ROOSEVELT ST-CENTRAL PHOENIX STN","Arizona","Maricopa","Phoenix","Phoenix-Mesa-Scottsdale, AZ","2024-05-22"
"04","013","3002","42602",6,33.45797,-112.04659,"NAD83","Nitrogen dioxide (NO2)","1 HOUR","NO2 1-hour 2010","2019-06-17","Parts per billion","None",24,100.0,9.291667,24,6,23,"099","INSTRUMENTAL - GAS PHASE CHEMILUMINESCENCE","CENTRAL PHOENIX","1645 E ROOSEVELT ST-CENTRAL PHOENIX STN","Arizona","Maricopa","Phoenix","Phoenix-Mesa-Scottsdale, AZ","2024-05-22"
"04","013","3002","42602",6,33.45797,-112.04659,"NAD83","Nitrogen dioxide (NO2)","1 HOUR","NO2 1-hour 2010","2019-06-18","Parts per billion","None",24,100.0,13.208333,30,20,28,"099","INSTRUMENTAL - GAS PHASE CHEMILUMINESCENCE","CENTRAL PHOENIX","1645 E ROOSEVELT ST-CENTRAL PHOENIX STN","Arizona","Maricopa","Phoenix","Phoenix-Mesa-Scottsdale, AZ","2024-05-22"
"04","013","3002","42602",6,33.45797,-112.04659,"NAD83","Nitrogen dioxide (NO2)","1 HOUR","NO2 1-hour 2010","2019-06-19","Parts per billion","None",23,96.0,14.652174,35,4,33,"099","INSTRUMENTAL - GAS PHASE CHEMILUMINESCENCE","CENTRAL PHOENIX","1645 E ROOSEVELT ST-CENTRAL PHOENIX STN","Arizona","Maricopa","Phoenix","Phoenix-Mesa-Scottsdale, AZ","2024-05-22"
"04","013","3002","42602",6,33.45797,-112.04659,"NAD83","Nitrogen dioxide (NO2)","1 HOUR","NO2 1-hour 2010","2019-06-20","Parts per billion","None",24,100.0,10.083333,28,5,26,"099","INSTRUMENTAL - GAS PHASE CHEMILUMINESCENCE","CENTRAL PHOENIX","1645 E ROOSEVELT ST-CENTRAL PHOENIX STN","Arizona","Maricopa","Phoenix","Phoenix-Mesa-Scottsdale, AZ","2024-05-22"
"04","013","3002","42602",6,33.45797,-112.04659,"NAD83","Nitrogen dioxide (NO2)","1 HOUR","NO2 1-hour 2010","2019-06-21","Parts per billion","None",24,100.0,8.458333,29,0,27,"099","INSTRUMENTAL - GAS PHASE CHEMILUMINESCENCE","CENTRAL PHOENIX","1645 E ROOSEVELT ST-CENTRAL PHOENIX STN","Arizona","Maricopa","Phoenix","Phoenix-Mesa-Scottsdale, AZ","2024-05-22"
"04","013","3002","42602",6,33.45797,-112.04659,"NAD83","Nitrogen dioxide (NO2)","1 HOUR","NO2 1-hour 2010","2019-06-22","Parts per billion","None",24,100.0,6.125,16,6,15,"099","INSTRUMENTAL - GAS PHASE CHEMILUMINESCENCE","CENTRAL PHOENIX","1645 E ROOSEVELT ST-CENTRAL PHOENIX STN","Arizona","Maricopa","Phoenix","Phoenix-Mesa-Scottsdale, AZ","2024-05-22"
"04","013","3002","42602",6,33.45797,-112.04659,"NAD83","Nitrogen dioxide (NO2)","1 HOUR","NO2 1-hour 2010","2019-06-23","Parts per billion","None",24,100.0,9.166667,43,23,41,"099","INSTRUMENTAL - GAS PHASE CHEMILUMINESCENCE","CENTRAL PHOENIX","1645 E ROOSEVELT ST-CENTRAL PHOENIX STN","Arizona","Maricopa","Phoenix","Phoenix-Mesa-Scottsdale, AZ","2024-05-22"
"04","013","3002","42602",6,33.45797,-112.04659,"NAD83","Nitrogen dioxide (NO2)","1 HOUR","NO2 1-hour 2010","2019-06-24","Parts per billion","None",23,96.0,20.652174,47,23,44,"099","INSTRUMENTAL - GAS PHASE CHEMILUMINESCENCE","CENTRAL PHOENIX","1645 E ROOSEVELT ST-CENTRAL PHOENIX STN","Arizona","Maricopa","Phoenix","Phoenix-Mesa-Scottsdale, AZ","2024-05-22"
"04","013","3002","42602",6,33.45797,-112.04659,"NAD83","Nitrogen dioxide (NO2)","1 HOUR","NO2 1-hour 2010","2019-06-25","Parts per billion","None",24,100.0,13.625,36,4,34,"099","INSTRUMENTAL - GAS PHASE CHEMILUMINESCENCE","CENTRAL PHOENIX","1645 E ROOSEVELT ST-CENTRAL PHOENIX STN","Arizona","Maricopa","Phoenix","Phoenix-Mesa-Scottsdale, AZ","2024-05-22"
"04","013","3002","42602",6,33.45797,-112.04659,"NAD83","Nitrogen dioxide (NO2)","1 HOUR","NO2 1-hour 2010","2019-06-26","Parts per billion","None",23,96.0,11.695652,31,5,29,"099","INSTRUMENTAL - GAS PHASE CHEMILUMINESCENCE","CENTRAL PHOENIX","1645 E ROOSEVELT ST-CENTRAL PHOENIX STN","Arizona","Maricopa","Phoenix","Phoenix-Mesa-Scottsdale, AZ","2024-05-22"
"04","013","3002","42602",6,33.45797,-112.04659,"NAD83","Nitrogen dioxide (NO2)","1 HOUR","NO2 1-hour 2010","2019-06-27","Parts per billion","None",23,96.0,19.565217,45,21,42,"099","INSTRUMENTAL - GAS PHASE CHEMILUMINESCENCE","CENTRAL PHOENIX","1645 E ROOSEVELT ST-CENTRAL PHOENIX STN","Arizona","Maricopa","Phoenix","Phoenix-Mesa-Scottsdale, AZ","2024-05-22"
"04","013","3002","42602",6,33.45797,-112.04659,"NAD83","Nitrogen dioxide (NO2)","1 HOUR","NO2 1-hour 2010","2019-06-28","Parts per billion","None",24,100.0,16.041667,36,4,34,"099","INSTRUMENTAL - GAS PHASE CHEMILUMINESCENCE","CENTRAL PHOENIX","1645 E ROOSEVELT ST-CENTRAL PHOENIX STN","Arizona","Maricopa","Phoenix","Phoenix-Mesa-Scottsdale, AZ","2024-05-22"
"04","013","3002","42602",6,33.45797,-112.04659,"NAD83","Nitrogen dioxide (NO2)","1 HOUR","NO2 1-hour 2010","2019-06-29","Parts per billion","None",24,100.0,16.375,35,2,33,"099","INSTRUMENTAL - GAS PHASE CHEMILUMINESCENCE","CENTRAL PHOENIX","1645 E ROOSEVELT ST-CENTRAL PHOENIX STN","Arizona","Maricopa","Phoenix","Phoenix-Mesa-Scottsdale, AZ","2024-05-22"
"04","013","3002","42602",6,33.45797,-112.04659,"NAD83","Nitrogen dioxide (NO2)","1 HOUR","NO2 1-hour 2010","2019-06-30","Parts per billion","None",24,100.0,7.666667,18,2,17,"099","INSTRUMENTAL - GAS PHASE CHEMILUMINESCENCE","CENTRAL PHOENIX","1645 E ROOSEVELT ST-CENTRAL PHOENIX STN","Arizona","Maricopa","Phoenix","Phoenix-Mesa-Scottsdale, AZ","2024-05-22"
"04","013","3002","42602",6,33.45797,-112.04659,"NAD83","Nitrogen dioxide (NO2)","1 HOUR","NO2 1-hour 2010","2019-07-01","Parts per billion","None",24,100.0,11.041667,26,4,25,"099","INSTRUMENTAL - GAS PHASE CHEMILUMINESCENCE","CENTRAL PHOENIX","1645 E ROOSEVELT ST-CENTRAL PHOENIX STN","Arizona","Maricopa","Phoenix","Phoenix-Mesa-Scottsdale, AZ","2024-05-22"
"04","013","3002","42602",6,33.45797,-112.04659,"NAD83","Nitrogen dioxide (NO2)","1 HOUR","NO2 1-hour 2010","2019-07-02","Parts per billion","None",23,96.0,10.086957,33,4,31,"099","INSTRUMENTAL - GAS PHASE CHEMILUMINESCENCE","CENTRAL PHOENIX","1645 E ROOSEVELT ST-CENTRAL PHOENIX STN","Arizona","Maricopa","Phoenix","Phoenix-Mesa-Scottsdale, AZ","2024-05-22"
"04","013","3002","42602",6,33.45797,-112.04659,"NAD83","Nitrogen dioxide (NO2)","1 HOUR","NO2 1-hour 2010","2019-07-03","Parts per billion","None",24,100.0,9.125,27,2,25,"099","INSTRUMENTAL - GAS PHASE CHEMILUMINESCENCE","CENTRAL PHOENIX","1645 E ROOSEVELT ST-CENTRAL PHOENIX STN","Arizona","Maricopa","Phoenix","Phoenix-Mesa-Scottsdale, AZ","2024-05-22"
"04","013","3002","42602",6,33.45797,-112.04659,"NAD83","Nitrogen dioxide (NO2)","1 HOUR","NO2 1-hour 2010","2019-07-04","Parts per billion","None",24,100.0,8.083333,24,1,23,"099","INSTRUMENTAL - GAS PHASE CHEMILUMINESCENCE","CENTRAL PHOENIX","1645 E ROOSEVELT ST-CENTRAL PHOENIX STN","Arizona","Maricopa","Phoenix","Phoenix-Mesa-Scottsdale, AZ","2024-05-22"
"04","013","3002","42602",6,33.45797,-112.04659,"NAD83","Nitrogen dioxide (NO2)","1 HOUR","NO2 1-hour 2010","2019-07-05","Parts per billion","None",24,100.0,13.625,36,21,34,"099","INSTRUMENTAL - GAS PHASE CHEMILUMINESCENCE","CENTRAL PHOENIX","1645 E ROOSEVELT ST-CENTRAL PHOENIX STN","Arizona","Maricopa","Phoenix","Phoenix-Mesa-Scottsdale, AZ","2024-05-22"
"04","013","3002","42602",6,33.45797,-112.04659,"NAD83","Nitrogen dioxide (NO2)","1 HOUR","NO2 1-hour 2010","2019-07-06","Parts per billion","None",24,100.0,11.958333,30,21,28,"099","INSTRUMENTAL - GAS PHASE CHEMILUMINESCENCE","CENTRAL PHOENIX","1645 E ROOSEVELT ST-CENTRAL PHOENIX STN","Arizona","Maricopa","Phoenix","Phoenix-Mesa-Scottsdale, AZ","2024-05-22"
"04","013","3002","42602",6,33.45797,-112.04659,"NAD83","Nitrogen dioxide (NO2)","1 HOUR","NO2 1-hour 2010","2019-07-07","Parts per billion","None",24,100.0,6.666667,21,6,20,"099","INSTRUMENTAL - GAS PHASE CHEMILUMINESCENCE","CENTRAL PHOENIX","1645 E ROOSEVELT ST-CENTRAL PHOENIX STN","Arizona","Maricopa","Phoenix","Phoenix-Mesa-Scottsdale, AZ","2024-05-22"
"04","013","3002","42602",6,33.45797,-112.04659,"NAD83","Nitrogen dioxide (NO2)","1 HOUR","NO2 1-hour 2010","2019-07-08","Parts per billion","None",24,100.0,12.416667,42,23,40,"099","INSTRUMENTAL - GAS PHASE CHEMILUMINESCENCE","CENTRAL PHOENIX","1645 E ROOSEVELT ST-CENTRAL PHOENIX STN","Arizona","Maricopa","Phoenix","Phoenix-Mesa-Scottsdale, AZ","2024-05-22"
"04","013","3002","42602",6,33.45797,-112.04659,"NAD83","Nitrogen dioxide (NO2)","1 HOUR","NO2 1-hour 2010","2019-07-09","Parts per billion","None",22,92.0,18.818182,43,22,41,"099","INSTRUMENTAL - GAS PHASE CHEMILUMINESCENCE","CENTRAL PHOENIX","1645 E ROOSEVELT ST-CENTRAL PHOENIX STN","Arizona","Maricopa","Phoenix","Phoenix-Mesa-Scottsdale, AZ","2024-05-22"
"04","013","3002","42602",6,33.45797,-112.04659,"NAD83","Nitrogen dioxide (NO2)","1 HOUR","NO2 1-hour 2010","2019-07-10","Parts per billion","None",23,96.0,19.826087,38,0,36,"099","INSTRUMENTAL - GAS PHASE CHEMILUMINESCENCE","CENTRAL PHOENIX","1645 E ROOSEVELT ST-CENTRAL PHOENIX STN","Arizona","Maricopa","Phoenix","Phoenix-Mesa-Scottsdale, AZ","2024-05-22"
"04","013","3002","42602",6,33.45797,-112.04659,"NAD83","Nitrogen dioxide (NO2)","1 HOUR","NO2 1-hour 2010","2019-07-11","Parts per billion","None",24,100.0,15.916667,33,0,31,"099","INSTRUMENTAL - GAS PHASE CHEMILUMINESCENCE","CENTRAL PHOENIX","1645 E ROOSEVELT ST-CENTRAL PHOENIX STN","Arizona","Maricopa","Phoenix","Phoenix-Mesa-Scottsdale, AZ","2024-05-22"
"04","013","3002","42602",6,33.45797,-112.04659,"NAD83","Nitrogen dioxide (NO2)","1 HOUR","NO2 1-hour 2010","2019-07-12","Parts per billion","None",24,100.0,11.875,31,7,29,"099","INSTRUMENTAL - GAS PHASE CHEMILUMINESCENCE","CENTRAL PHOENIX","1645 E ROOSEVELT ST-CENTRAL PHOENIX STN","Arizona","Maricopa","Phoenix","Phoenix-Mesa-Scottsdale, AZ","2024-05-22"
"04","013","3002","42602",6,33.45797,-112.04659,"NAD83","Nitrogen dioxide (NO2)","1 HOUR","NO2 1-hour 2010","2019-07-13","Parts per billion","None",24,100.0,6.75,18,5,17,"099","INSTRUMENTAL - GAS PHASE CHEMILUMINESCENCE","CENTRAL PHOENIX","1645 E ROOSEVELT ST-CENTRAL PHOENIX STN","Arizona","Maricopa","Phoenix","Phoenix-Mesa-Scottsdale, AZ","2024-05-22"
"04","013","3002","42602",6,33.45797,-112.04659,"NAD83","Nitrogen dioxide (NO2)","1 HOUR","NO2 1-hour 2010","2019-07-14","Parts per billion","None",24,100.0,6.416667,17,22,16,"099","INSTRUMENTAL - GAS PHASE CHEMILUMINESCENCE","CENTRAL PHOENIX","1645 E ROOSEVELT ST-CENTRAL PHOENIX STN","Arizona","Maricopa","Phoenix","Phoenix-Mesa-Scottsdale, AZ","2024-05-22"
"04","013","3002","42602",6,33.45797,-112.04659,"NAD83","Nitrogen dioxide (NO2)","1 HOUR","NO2 1-hour 2010","2019-07-15","Parts per billion","None",24,100.0,9.125,23,6,22,"099","INSTRUMENTAL - GAS PHASE CHEMILUMINESCENCE","CENTRAL PHOENIX","1645 E ROOSEVELT ST-CENTRAL PHOENIX STN","Arizona","Maricopa","Phoenix","Phoenix-Mesa-Scottsdale, AZ","2024-05-22"
"04","013","3002","42602",6,33.45797,-112.04659,"NAD83","Nitrogen dioxide (NO2)","1 HOUR","NO2 1-hour 2010","2019-07-16","Parts per billion","None",24,100.0,12.458333,35,4,33,"099","INSTRUMENTAL - GAS PHASE CHEMILUMINESCENCE","CENTRAL PHOENIX","1645 E ROOSEVELT ST-CENTRAL PHOENIX STN","Arizona","Maricopa","Phoenix","Phoenix-Mesa-Scottsdale, AZ","2024-05-22"
"04","013","3002","42602",6,33.45797,-112.04659,"NAD83","Nitrogen dioxide (NO2)","1 HOUR","NO2 1-hour 2010","2019-07-17","Parts per billion","None",23,96.0,7.652174,21,5,20,"099","INSTRUMENTAL - GAS PHASE CHEMILUMINESCENCE","CENTRAL PHOENIX","1645 E ROOSEVELT ST-CENTRAL PHOENIX STN","Arizona","Maricopa","Phoenix","Phoenix-Mesa-Scottsdale, AZ","2024-05-22"
"04","013","3002","42602",6,33.45797,-112.04659,"NAD83","Nitrogen dioxide (NO2)","1 HOUR","NO2 1-hour 2010","2019-07-18","Parts per billion","None",24,100.0,8.708333,25,7,24,"099","INSTRUMENTAL - GAS PHASE CHEMILUMINESCENCE","CENTRAL PHOENIX","1645 E ROOSEVELT ST-CENTRAL PHOENIX STN","Arizona","Maricopa","Phoenix","Phoenix-Mesa-Scottsdale, AZ","2024-05-22"
"04","013","3002","42602",6,33.45797,-112.04659,"NAD83","Nitrogen dioxide (NO2)","1 HOUR","NO2 1-hour 2010","2019-07-19","Parts per billion","None",24,100.0,10.625,28,5,26,"099","INSTRUMENTAL - GAS PHASE CHEMILUMINESCENCE","CENTRAL PHOENIX","1645 E ROOSEVELT ST-CENTRAL PHOENIX STN","Arizona","Maricopa","Phoenix","Phoenix-Mesa-Scottsdale, AZ","2024-05-22"
"04","013","3002","42602",6,33.45797,-112.04659,"NAD83","Nitrogen dioxide (NO2)","1 HOUR","NO2 1-hour 2010","2019-07-20","Parts per billion","None",24,100.0,11.916667,34,4,32,"099","INSTRUMENTAL - GAS PHASE CHEMILUMINESCENCE","CENTRAL PHOENIX","1645 E ROOSEVELT ST-CENTRAL PHOENIX STN","Arizona","Maricopa","Phoenix","Phoenix-Mesa-Scottsdale, AZ","2024-05-22"
"04","013","3002","42602",6,33.45797,-112.04659,"NAD83","Nitrogen dioxide (NO2)","1 HOUR","NO2 1-hour 2010","2019-07-21","Parts per billion","None",24,100.0,4.583333,9,1,8,"099","INSTRUMENTAL - GAS PHASE CHEMILUMINESCENCE","CENTRAL PHOENIX","1645 E ROOSEVELT ST-CENTRAL PHOENIX STN","Arizona","Maricopa","Phoenix","Phoenix-Mesa-Scottsdale, AZ","2024-05-22"
"04","013","3002","42602",6,33.45797,-112.04659,"NAD83","Nitrogen dioxide (NO2)","1 HOUR","NO2 1-hour 2010","2019-07-22","Parts per billion","None",23,96.0,5.869565,14,6,13,"099","INSTRUMENTAL - GAS PHASE CHEMILUMINESCENCE","CENTRAL PHOENIX","1645 E ROOSEVELT ST-CENTRAL PHOENIX STN","Arizona","Maricopa","Phoenix","Phoenix-Mesa-Scottsdale, AZ","2024-05-22"
"04","013","3002","42602",6,33.45797,-112.04659,"NAD83","Nitrogen dioxide (NO2)","1 HOUR","NO2 1-hour 2010","2019-07-23","Parts per billion","None",24,100.0,7.625,18,7,17,"099","INSTRUMENTAL - GAS PHASE CHEMILUMINESCENCE","CENTRAL PHOENIX","1645 E ROOSEVELT ST-CENTRAL PHOENIX STN","Arizona","Maricopa","Phoenix","Phoenix-Mesa-Scottsdale, AZ","2024-05-22"
"04","013","3002","42602",6,33.45797,-112.04659,"NAD83","Nitrogen dioxide (NO2)","1 HOUR","NO2 1-hour 2010","2019-07-24","Parts per billion","None",22,92.0,7.409091,15,5,14,"099","INSTRUMENTAL - GAS PHASE CHEMILUMINESCENCE","CENTRAL PHOENIX","1645 E ROOSEVELT ST-CENTRAL PHOENIX STN","Arizona","Maricopa","Phoenix","Phoenix-Mesa-Scottsdale, AZ","2024-05-22"
"04","013","3002","42602",6,33.45797,-112.04659,"NAD83","Nitrogen dioxide (NO2)","1 HOUR","NO2 1-hour 2010","2019-07-25","Parts per billion","None",24,100.0,9.25,20,3,19,"099","INSTRUMENTAL - GAS PHASE CHEMILUMINESCENCE","CENTRAL PHOENIX","1645 E ROOSEVELT ST-CENTRAL PHOENIX STN","Arizona","Maricopa","Phoenix","Phoenix-Mesa-Scottsdale, AZ","2024-05-22"
"04","013","3002","42602",6,33.45797,-112.04659,"NAD83","Nitrogen dioxide (NO2)","1 HOUR","NO2 1-hour 2010","2019-07-26","Parts per billion","None",24,100.0,7.75,16,6,15,"099","INSTRUMENTAL - GAS PHASE CHEMILUMINESCENCE","CENTRAL PHOENIX","1645 E ROOSEVELT ST-CENTRAL PHOENIX STN","Arizona","Maricopa","Phoenix","Phoenix-Mesa-Scottsdale, AZ","2024-05-22"
"04","013","3002","42602",6,33.45797,-112.04659,"NAD83","Nitrogen dioxide (NO2)","1 HOUR","NO2 1-hour 2010","2019-07-27","Parts per billion","None",24,100.0,7.5,18,5,17,"099","INSTRUMENTAL - GAS PHASE CHEMILUMINESCENCE","CENTRAL PHOENIX","1645 E ROOSEVELT ST-CENTRAL PHOENIX STN","Arizona","Maricopa","Phoenix","Phoenix-Mesa-Scottsdale, AZ","2024-05-22"
"04","013","3002","42602",6,33.45797,-112.04659,"NAD83","Nitrogen dioxide (NO2)","1 HOUR","NO2 1-hour 2010","2019-07-28","Parts per billion","None",24,100.0,5.916667,17,0,16,"099","INSTRUMENTAL - GAS PHASE CHEMILUMINESCENCE","CENTRAL PHOENIX","1645 E ROOSEVELT ST-CENTRAL PHOENIX STN","Arizona","Maricopa","Phoenix","Phoenix-Mesa-Scottsdale, AZ","2024-05-22"
"04","013","3002","42602",6,33.45797,-112.04659,"NAD83","Nitrogen dioxide (NO2)","1 HOUR","NO2 1-hour 2010","2019-07-29","Parts per billion","None",24,100.0,8.041667,24,6,23,"099","INSTRUMENTAL - GAS PHASE CHEMILUMINESCENCE","CENTRAL PHOENIX","1645 E ROOSEVELT ST-CENTRAL PHOENIX STN","Arizona","Maricopa","Phoenix","Phoenix-Mesa-Scottsdale, AZ","2024-05-22"
"04","013","3002","42602",6,33.45797,-112.04659,"NAD83","Nitrogen dioxide (NO2)","1 HOUR","NO2 1-hour 2010","2019-07-30","Parts per billion","None",24,100.0,6.708333,16,7,15,"099","INSTRUMENTAL - GAS PHASE CHEMILUMINESCENCE","CENTRAL PHOENIX","1645 E ROOSEVELT ST-CENTRAL PHOENIX STN","Arizona","Maricopa","Phoenix","Phoenix-Mesa-Scottsdale, AZ","2024-05-22"
"04","013","3002","42602",6,33.45797,-112.04659,"NAD83","Nitrogen dioxide (NO2)","1 HOUR","NO2 1-hour 2010","2019-07-31","Parts per billion","None",23,96.0,7.913043,18,23,17,"099","INSTRUMENTAL - GAS PHASE CHEMILUMINESCENCE","CENTRAL PHOENIX","1645 E ROOSEVELT ST-CENTRAL PHOENIX STN","Arizona","Maricopa","Phoenix","Phoenix-Mesa-Scottsdale, AZ","2024-05-22"
"04","013","3002","42602",6,33.45797,-112.04659,"NAD83","Nitrogen dioxide (NO2)","1 HOUR","NO2 1-hour 2010","2019-08-01","Parts per billion","None",24,100.0,10.166667,41,23,39,"099","INSTRUMENTAL - GAS PHASE CHEMILUMINESCENCE","CENTRAL PHOENIX","1645 E ROOSEVELT ST-CENTRAL PHOENIX STN","Arizona","Maricopa","Phoenix","Phoenix-Mesa-Scottsdale, AZ","2024-05-22"
"04","013","3002","42602",6,33.45797,-112.04659,"NAD83","Nitrogen dioxide (NO2)","1 HOUR","NO2 1-hour 2010","2019-08-02","Parts per billion","None",24,100.0,17.041667,41,1,39,"099","INSTRUMENTAL - GAS PHASE CHEMILUMINESCENCE","CENTRAL PHOENIX","1645 E ROOSEVELT ST-CENTRAL PHOENIX STN","Arizona","Maricopa","Phoenix","Phoenix-Mesa-Scottsdale, AZ","2024-05-22"
"04","013","3002","42602",6,33.45797,-112.04659,"NAD83","Nitrogen dioxide (NO2)","1 HOUR","NO2 1-hour 2010","2019-08-03","Parts per billion","None",24,100.0,7.083333,15,2,14,"099","INSTRUMENTAL - GAS PHASE CHEMILUMINESCENCE","CENTRAL PHOENIX","1645 E ROOSEVELT ST-CENTRAL PHOENIX STN","Arizona","Maricopa","Phoenix","Phoenix-Mesa-Scottsdale, AZ","2024-05-22"
"04","013","3002","42602",6,33.45797,-112.04659,"NAD83","Nitrogen dioxide (NO2)","1 HOUR","NO2 1-hour 2010","2019-08-04","Parts per billion","None",24,100.0,9.833333,45,23,42,"099","INSTRUMENTAL - GAS PHASE CHEMILUMINESCENCE","CENTRAL PHOENIX","1645 E ROOSEVELT ST-CENTRAL PHOENIX STN","Arizona","Maricopa","Phoenix","Phoenix-Mesa-Scottsdale, AZ","2024-05-22"
"04","013","3002","42602",6,33.45797,-112.04659,"NAD83","Nitrogen dioxide (NO2)","1 HOUR","NO2 1-hour 2010","2019-08-05","Parts per billion","None",23,96.0,14.304348,40,0,38,"099","INSTRUMENTAL - GAS PHASE CHEMILUMINESCENCE","CENTRAL PHOENIX","1645 E ROOSEVELT ST-CENTRAL PHOENIX STN","Arizona","Maricopa","Phoenix","Phoenix-Mesa-Scottsdale, AZ","2024-05-22"
"04","013","3002","42602",6,33.45797,-112.04659,"NAD83","Nitrogen dioxide (NO2)","1 HOUR","NO2 1-hour 2010","2019-08-06","Parts per billion","None",24,100.0,13.375,32,22,30,"099","INSTRUMENTAL - GAS PHASE CHEMILUMINESCENCE","CENTRAL PHOENIX","1645 E ROOSEVELT ST-CENTRAL PHOENIX STN","Arizona","Maricopa","Phoenix","Phoenix-Mesa-Scottsdale, AZ","2024-05-22"
"04","013","3002","42602",6,33.45797,-112.04659,"NAD83","Nitrogen dioxide (NO2)","1 HOUR","NO2 1-hour 2010","2019-08-07","Parts per billion","None",21,88.0,9.47619,24,6,23,"099","INSTRUMENTAL - GAS PHASE CHEMILUMINESCENCE","CENTRAL PHOENIX","1645 E ROOSEVELT ST-CENTRAL PHOENIX STN","Arizona","Maricopa","Phoenix","Phoenix-Mesa-Scottsdale, AZ","2024-05-22"
"04","013","3002","42602",6,33.45797,-112.04659,"NAD83","Nitrogen dioxide (NO2)","1 HOUR","NO2 1-hour 2010","2019-08-08","Parts per billion","None",24,100.0,9.875,28,5,26,"099","INSTRUMENTAL - GAS PHASE CHEMILUMINESCENCE","CENTRAL PHOENIX","1645 E ROOSEVELT ST-CENTRAL PHOENIX STN","Arizona","Maricopa","Phoenix","Phoenix-Mesa-Scottsdale, AZ","2024-05-22"
"04","013","3002","42602",6,33.45797,-112.04659,"NAD83","Nitrogen dioxide (NO2)","1 HOUR","NO2 1-hour 2010","2019-08-09","Parts per billion","None",24,100.0,8.791667,27,23,25,"099","INSTRUMENTAL - GAS PHASE CHEMILUMINESCENCE","CENTRAL PHOENIX","1645 E ROOSEVELT ST-CENTRAL PHOENIX STN","Arizona","Maricopa","Phoenix","Phoenix-Mesa-Scottsdale, AZ","2024-05-22"
"04","013","3002","42602",6,33.45797,-112.04659,"NAD83","Nitrogen dioxide (NO2)","1 HOUR","NO2 1-hour 2010","2019-08-10","Parts per billion","None",24,100.0,12.833333,37,1,35,"099","INSTRUMENTAL - GAS PHASE CHEMILUMINESCENCE","CENTRAL PHOENIX","1645 E ROOSEVELT ST-CENTRAL PHOENIX STN","Arizona","Maricopa","Phoenix","Phoenix-Mesa-Scottsdale, AZ","2024-05-22"
"04","013","3002","42602",6,33.45797,-112.04659,"NAD83","Nitrogen dioxide (NO2)","1 HOUR","NO2 1-hour 2010","2019-08-11","Parts per billion","None",24,100.0,4.583333,13,21,12,"099","INSTRUMENTAL - GAS PHASE CHEMILUMINESCENCE","CENTRAL PHOENIX","1645 E ROOSEVELT ST-CENTRAL PHOENIX STN","Arizona","Maricopa","Phoenix","Phoenix-Mesa-Scottsdale, AZ","2024-05-22"
"04","013","3002","42602",6,33.45797,-112.04659,"NAD83","Nitrogen dioxide (NO2)","1 HOUR","NO2 1-hour 2010","2019-08-12","Parts per billion","None",24,100.0,16.625,45,23,42,"099","INSTRUMENTAL - GAS PHASE CHEMILUMINESCENCE","CENTRAL PHOENIX","1645 E ROOSEVELT ST-CENTRAL PHOENIX STN","Arizona","Maricopa","Phoenix","Phoenix-Mesa-Scottsdale, AZ","2024-05-22"
"04","013","3002","42602",6,33.45797,-112.04659,"NAD83","Nitrogen dioxide (NO2)","1 HOUR","NO2 1-hour 2010","2019-08-13","Parts per billion","None",24,100.0,18.833333,43,0,41,"099","INSTRUMENTAL - GAS PHASE CHEMILUMINESCENCE","CENTRAL PHOENIX","1645 E ROOSEVELT ST-CENTRAL PHOENIX STN","Arizona","Maricopa","Phoenix","Phoenix-Mesa-Scottsdale, AZ","2024-05-22"
"04","013","3002","42602",6,33.45797,-112.04659,"NAD83","Nitrogen dioxide (NO2)","1 HOUR","NO2 1-hour 2010","2019-08-14","Parts per billion","None",23,96.0,21.173913,39,23,37,"099","INSTRUMENTAL - GAS PHASE CHEMILUMINESCENCE","CENTRAL PHOENIX","1645 E ROOSEVELT ST-CENTRAL PHOENIX STN","Arizona","Maricopa","Phoenix","Phoenix-Mesa-Scottsdale, AZ","2024-05-22"
"04","013","3002","42602",6,33.45797,-112.04659,"NAD83","Nitrogen dioxide (NO2)","1 HOUR","NO2 1-hour 2010","2019-08-15","Parts per billion","None",24,100.0,18.125,40,0,38,"099","INSTRUMENTAL - GAS PHASE CHEMILUMINESCENCE","CENTRAL PHOENIX","1645 E ROOSEVELT ST-CENTRAL PHOENIX STN","Arizona","Maricopa","Phoenix","Phoenix-Mesa-Scottsdale, AZ","2024-05-22"
"04","013","3002","42602",6,33.45797,-112.04659,"NAD83","Nitrogen dioxide (NO2)","1 HOUR","NO2 1-hour 2010","2019-08-16","Parts per billion","None",24,100.0,15.166667,38,1,36,"099","INSTRUMENTAL - GAS PHASE CHEMILUMINESCENCE","CENTRAL PHOENIX","1645 E ROOSEVELT ST-CENTRAL PHOENIX STN","Arizona","Maricopa","Phoenix","Phoenix-Mesa-Scottsdale, AZ","2024-05-22"
"04","013","3002","42602",6,33.45797,-112.04659,"NAD83","Nitrogen dioxide (NO2)","1 HOUR","NO2 1-hour 2010","2019-08-17","Parts per billion","None",24,100.0,7.875,18,6,17,"099","INSTRUMENTAL - GAS PHASE CHEMILUMINESCENCE","CENTRAL PHOENIX","1645 E ROOSEVELT ST-CENTRAL PHOENIX STN","Arizona","Maricopa","Phoenix","Phoenix-Mesa-Scottsdale, AZ","2024-05-22"
"04","013","3002","42602",6,33.45797,-112.04659,"NAD83","Nitrogen dioxide (NO2)","1 HOUR","NO2 1-hour 2010","2019-08-18","Parts per billion","None",24,100.0,13.5,43,23,41,"099","INSTRUMENTAL - GAS PHASE CHEMILUMINESCENCE","CENTRAL PHOENIX","1645 E ROOSEVELT ST-CENTRAL PHOENIX STN","Arizona","Maricopa","Phoenix","Phoenix-Mesa-Scottsdale, AZ","2024-05-22"
"04","013","3002","42602",6,33.45797,-112.04659,"NAD83","Nitrogen dioxide (NO2)","1 HOUR","NO2 1-hour 2010","2019-08-19","Parts per billion","None",23,96.0,18.130435,42,0,40,"099","INSTRUMENTAL - GAS PHASE CHEMILUMINESCENCE","CENTRAL PHOENIX","1645 E ROOSEVELT ST-CENTRAL PHOENIX STN","Arizona","Maricopa","Phoenix","Phoenix-Mesa-Scottsdale, AZ","2024-05-22"
"04","013","3002","42602",6,33.45797,-112.04659,"NAD83","Nitrogen dioxide (NO2)","1 HOUR","NO2 1-hour 2010","2019-08-20","Parts per billion","None",24,100.0,20.375,39,22,37,"099","INSTRUMENTAL - GAS PHASE CHEMILUMINESCENCE","CENTRAL PHOENIX","1645 E ROOSEVELT ST-CENTRAL PHOENIX STN","Arizona","Maricopa","Phoenix","Phoenix-Mesa-Scottsdale, AZ","2024-05-22"
"04","013","3002","42602",6,33.45797,-112.04659,"NAD83","Nitrogen dioxide (NO2)","1 HOUR","NO2 1-hour 2010","2019-08-21","Parts per billion","None",23,96.0,18.086957,33,3,31,"099","INSTRUMENTAL - GAS PHASE CHEMILUMINESCENCE","CENTRAL PHOENIX","1645 E ROOSEVELT ST-CENTRAL PHOENIX STN","Arizona","Maricopa","Phoenix","Phoenix-Mesa-Scottsdale, AZ","2024-05-22"
"04","013","3002","42602",6,33.45797,-112.04659,"NAD83","Nitrogen dioxide (NO2)","1 HOUR","NO2 1-hour 2010","2019-08-22","Parts per billion","None",24,100.0,12.875,39,1,37,"099","INSTRUMENTAL - GAS PHASE CHEMILUMINESCENCE","CENTRAL PHOENIX","1645 E ROOSEVELT ST-CENTRAL PHOENIX STN","Arizona","Maricopa","Phoenix","Phoenix-Mesa-Scottsdale, AZ","2024-05-22"
"04","013","3002","42602",6,33.45797,-112.04659,"NAD83","Nitrogen dioxide (NO2)","1 HOUR","NO2 1-hour 2010","2019-08-23","Parts per billion","None",24,100.0,8.166667,28,6,26,"099","INSTRUMENTAL - GAS PHASE CHEMILUMINESCENCE","CENTRAL PHOENIX","1645 E ROOSEVELT ST-CENTRAL PHOENIX STN","Arizona","Maricopa","Phoenix","Phoenix-Mesa-Scottsdale, AZ","2024-05-22"
"04","013","3002","42602",6,33.45797,-112.04659,"NAD83","Nitrogen dioxide (NO2)","1 HOUR","NO2 1-hour 2010","2019-08-24","Parts per billion","None",24,100.0,3.583333,9,6,8,"099","INSTRUMENTAL - GAS PHASE CHEMILUMINESCENCE","CENTRAL PHOENIX","1645 E ROOSEVELT ST-CENTRAL PHOENIX STN","Arizona","Maricopa","Phoenix","Phoenix-Mesa-Scottsdale, AZ","2024-05-22"
"04","013","3002","42602",6,33.45797,-112.04659,"NAD83","Nitrogen dioxide (NO2)","1 HOUR","NO2 1-hour 2010","2019-08-25","Parts per billion","None",24,100.0,2.75,10,23,9,"099","INSTRUMENTAL - GAS PHASE CHEMILUMINESCENCE","CENTRAL PHOENIX","1645 E ROOSEVELT ST-CENTRAL PHOENIX STN","Arizona","Maricopa","Phoenix","Phoenix-Mesa-Scottsdale, AZ","2024-05-22"
"04","013","3002","42602",6,33.45797,-112.04659,"NAD83","Nitrogen dioxide (NO2)","1 HOUR","NO2 1-hour 2010","2019-08-26","Parts per billion","None",24,100.0,5.541667,17,23,16,"099","INSTRUMENTAL - GAS PHASE CHEMILUMINESCENCE","CENTRAL PHOENIX","1645 E ROOSEVELT ST-CENTRAL PHOENIX STN","Arizona","Maricopa","Phoenix","Phoenix-Mesa-Scottsdale, AZ","2024-05-22"
"04","013","3002","42602",6,33.45797,-112.04659,"NAD83","Nitrogen dioxide (NO2)","1 HOUR","NO2 1-hour 2010","2019-08-27","Parts per billion","None",24,100.0,8.208333,21,5,20,"099","INSTRUMENTAL - GAS PHASE CHEMILUMINESCENCE","CENTRAL PHOENIX","1645 E ROOSEVELT ST-CENTRAL PHOENIX STN","Arizona","Maricopa","Phoenix","Phoenix-Mesa-Scottsdale, AZ","2024-05-22"
"04","013","3002","42602",6,33.45797,-112.04659,"NAD83","Nitrogen dioxide (NO2)","1 HOUR","NO2 1-hour 2010","2019-08-28","Parts per billion","None",23,96.0,8.565217,24,5,23,"099","INSTRUMENTAL - GAS PHASE CHEMILUMINESCENCE","CENTRAL PHOENIX","1645 E ROOSEVELT ST-CENTRAL PHOENIX STN","Arizona","Maricopa","Phoenix","Phoenix-Mesa-Scottsdale, AZ","2024-05-22"
"04","013","3002","42602",6,33.45797,-112.04659,"NAD83","Nitrogen dioxide (NO2)","1 HOUR","NO2 1-hour 2010","2019-08-29","Parts per billion","None",24,100.0,10.916667,22,22,21,"099","INSTRUMENTAL - GAS PHASE CHEMILUMINESCENCE","CENTRAL PHOENIX","1645 E ROOSEVELT ST-CENTRAL PHOENIX STN","Arizona","Maricopa","Phoenix","Phoenix-Mesa-Scottsdale, AZ","2024-05-22"
"04","013","3002","42602",6,33.45797,-112.04659,"NAD83","Nitrogen dioxide (NO2)","1 HOUR","NO2 1-hour 2010","2019-08-30","Parts per billion","None",24,100.0,10.875,22,5,21,"099","INSTRUMENTAL - GAS PHASE CHEMILUMINESCENCE","CENTRAL PHOENIX","1645 E ROOSEVELT ST-CENTRAL PHOENIX STN","Arizona","Maricopa","Phoenix","Phoenix-Mesa-Scottsdale, AZ","2024-05-22"
"04","013","3002","42602",6,33.45797,-112.04659,"NAD83","Nitrogen dioxide (NO2)","1 HOUR","NO2 1-hour 2010","2019-08-31","Parts per billion","None",24,100.0,11.5,35,23,33,"099","INSTRUMENTAL - GAS PHASE CHEMILUMINESCENCE","CENTRAL PHOENIX","1645 E ROOSEVELT ST-CENTRAL PHOENIX STN","Arizona","Maricopa","Phoenix","Phoenix-Mesa-Scottsdale, AZ","2024-05-22"
"04","013","3002","42602",6,33.45797,-112.04659,"NAD83","Nitrogen dioxide (NO2)","1 HOUR","NO2 1-hour 2010","2019-09-01","Parts per billion","None",24,100.0,7.208333,35,0,33,"099","INSTRUMENTAL - GAS PHASE CHEMILUMINESCENCE","CENTRAL PHOENIX","1645 E ROOSEVELT ST-CENTRAL PHOENIX STN","Arizona","Maricopa","Phoenix","Phoenix-Mesa-Scottsdale, AZ","2024-05-22"
"04","013","3002","42602",6,33.45797,-112.04659,"NAD83","Nitrogen dioxide (NO2)","1 HOUR","NO2 1-hour 2010","2019-09-02","Parts per billion","None",24,100.0,6.875,19,6,18,"099","INSTRUMENTAL - GAS PHASE CHEMILUMINESCENCE","CENTRAL PHOENIX","1645 E ROOSEVELT ST-CENTRAL PHOENIX STN","Arizona","Maricopa","Phoenix","Phoenix-Mesa-Scottsdale, AZ","2024-05-22"
"04","013","3002","42602",6,33.45797,-112.04659,"NAD83","Nitrogen dioxide (NO2)","1 HOUR","NO2 1-hour 2010","2019-09-03","Parts per billion","None",23,96.0,10.26087,22,4,21,"099","INSTRUMENTAL - GAS PHASE CHEMILUMINESCENCE","CENTRAL PHOENIX","1645 E ROOSEVELT ST-CENTRAL PHOENIX STN","Arizona","Maricopa","Phoenix","Phoenix-Mesa-Scottsdale, AZ","2024-05-22"
"04","013","3002","42602",6,33.45797,-112.04659,"NAD83","Nitrogen dioxide (NO2)","1 HOUR","NO2 1-hour 2010","2019-09-04","Parts per billion","None",23,96.0,8.521739,17,5,16,"099","INSTRUMENTAL - GAS PHASE CHEMILUMINESCENCE","CENTRAL PHOENIX","1645 E ROOSEVELT ST-CENTRAL PHOENIX STN","Arizona","Maricopa","Phoenix","Phoenix-Mesa-Scottsdale, AZ","2024-05-22"
"04","013","3002","42602",6,33.45797,-112.04659,"NAD83","Nitrogen dioxide (NO2)","1 HOUR","NO2 1-hour 2010","2019-09-05","Parts per billion","None",24,100.0,8.875,24,5,23,"099","INSTRUMENTAL - GAS PHASE CHEMILUMINESCENCE","CENTRAL PHOENIX","1645 E ROOSEVELT ST-CENTRAL PHOENIX STN","Arizona","Maricopa","Phoenix","Phoenix-Mesa-Scottsdale, AZ","2024-05-22"
"04","013","3002","42602",6,33.45797,-112.04659,"NAD83","Nitrogen dioxide (NO2)","1 HOUR","NO2 1-hour 2010","2019-09-06","Parts per billion","None",24,100.0,9.041667,20,6,19,"099","INSTRUMENTAL - GAS PHASE CHEMILUMINESCENCE","CENTRAL PHOENIX","1645 E ROOSEVELT ST-CENTRAL PHOENIX STN","Arizona","Maricopa","Phoenix","Phoenix-Mesa-Scottsdale, AZ","2024-05-22"
"04","013","3002","42602",6,33.45797,-112.04659,"NAD83","Nitrogen dioxide (NO2)","1 HOUR","NO2 1-hour 2010","2019-09-07","Parts per billion","None",24,100.0,6.416667,15,1,14,"099","INSTRUMENTAL - GAS PHASE CHEMILUMINESCENCE","CENTRAL PHOENIX","1645 E ROOSEVELT ST-CENTRAL PHOENIX STN","Arizona","Maricopa","Phoenix","Phoenix-Mesa-Scottsdale, AZ","2024-05-22"
"04","013","3002","42602",6,33.45797,-112.04659,"NAD83","Nitrogen dioxide (NO2)","1 HOUR","NO2 1-hour 2010","2019-09-08","Parts per billion","None",24,100.0,4.041667,9,0,8,"099","INSTRUMENTAL - GAS PHASE CHEMILUMINESCENCE","CENTRAL PHOENIX","1645 E ROOSEVELT ST-CENTRAL PHOENIX STN","Arizona","Maricopa","Phoenix","Phoenix-Mesa-Scottsdale, AZ","2024-05-22"
"04","013","3002","42602",6,33.45797,-112.04659,"NAD83","Nitrogen dioxide (NO2)","1 HOUR","NO2 1-hour 2010","2019-09-09","Parts per billion","None",24,100.0,6.125,16,20,15,"099","INSTRUMENTAL - GAS PHASE CHEMILUMINESCENCE","CENTRAL PHOENIX","1645 E ROOSEVELT ST-CENTRAL PHOENIX STN","Arizona","Maricopa","Phoenix","Phoenix-Mesa-Scottsdale, AZ","2024-05-22"
"04","013","3002","42602",6,33.45797,-112.04659,"NAD83","Nitrogen dioxide (NO2)","1 HOUR","NO2 1-hour 2010","2019-09-10","Parts per billion","None",24,100.0,3.875,7,4,7,"099","INSTRUMENTAL - GAS PHASE CHEMILUMINESCENCE","CENTRAL PHOENIX","1645 E ROOSEVELT ST-CENTRAL PHOENIX STN","Arizona","Maricopa","Phoenix","Phoenix-Mesa-Scottsdale, AZ","2024-05-22"
"04","013","3002","42602",6,33.45797,-112.04659,"NAD83","Nitrogen dioxide (NO2)","1 HOUR","NO2 1-hour 2010","2019-09-11","Parts per billion","None",22,92.0,10.954545,34,23,32,"099","INSTRUMENTAL - GAS PHASE CHEMILUMINESCENCE","CENTRAL PHOENIX","1645 E ROOSEVELT ST-CENTRAL PHOENIX STN","Arizona","Maricopa","Phoenix","Phoenix-Mesa-Scottsdale, AZ","2024-05-22"
"04","013","3002","42602",6,33.45797,-112.04659,"NAD83","Nitrogen dioxide (NO2)","1 HOUR","NO2 1-hour 2010","2019-09-12","Parts per billion","None",24,100.0,16,33,23,31,"099","INSTRUMENTAL - GAS PHASE CHEMILUMINESCENCE","CENTRAL PHOENIX","1645 E ROOSEVELT ST-CENTRAL PHOENIX STN","Arizona","Maricopa","Phoenix","Phoenix-Mesa-Scottsdale, AZ","2024-05-22"
"04","013","3002","42602",6,33.45797,-112.04659,"NAD83","Nitrogen dioxide (NO2)","1 HOUR","NO2 1-hour 2010","2019-09-13","Parts per billion","None",24,100.0,24.416667,39,7,37,"099","INSTRUMENTAL - GAS PHASE CHEMILUMINESCENCE","CENTRAL PHOENIX","1645 E ROOSEVELT ST-CENTRAL PHOENIX STN","Arizona","Maricopa","Phoenix","Phoenix-Mesa-Scottsdale, AZ","2024-05-22"
"04","013","3002","42602",6,33.45797,-112.04659,"NAD83","Nitrogen dioxide (NO2)","1 HOUR","NO2 1-hour 2010","2019-09-14","Parts per billion","None",24,100.0,8.791667,36,0,34,"099","INSTRUMENTAL - GAS PHASE CHEMILUMINESCENCE","CENTRAL PHOENIX","1645 E ROOSEVELT ST-CENTRAL PHOENIX STN","Arizona","Maricopa","Phoenix","Phoenix-Mesa-Scottsdale, AZ","2024-05-22"
"04","013","3002","42602",6,33.45797,-112.04659,"NAD83","Nitrogen dioxide (NO2)","1 HOUR","NO2 1-hour 2010","2019-09-15","Parts per billion","None",24,100.0,7.208333,28,22,26,"099","INSTRUMENTAL - GAS PHASE CHEMILUMINESCENCE","CENTRAL PHOENIX","1645 E ROOSEVELT ST-CENTRAL PHOENIX STN","Arizona","Maricopa","Phoenix","Phoenix-Mesa-Scottsdale, AZ","2024-05-22"
"04","013","3002","42602",6,33.45797,-112.04659,"NAD83","Nitrogen dioxide (NO2)","1 HOUR","NO2 1-hour 2010","2019-09-16","Parts per billion","None",24,100.0,8.625,20,5,19,"099","INSTRUMENTAL - GAS PHASE CHEMILUMINESCENCE","CENTRAL PHOENIX","1645 E ROOSEVELT ST-CENTRAL PHOENIX STN","Arizona","Maricopa","Phoenix","Phoenix-Mesa-Scottsdale, AZ","2024-05-22"
"04","013","3002","42602",6,33.45797,-112.04659,"NAD83","Nitrogen dioxide (NO2)","1 HOUR","NO2 1-hour 2010","2019-09-17","Parts per billion","None",23,96.0,13.347826,30,5,28,"099","INSTRUMENTAL - GAS PHASE CHEMILUMINESCENCE","CENTRAL PHOENIX","1645 E ROOSEVELT ST-CENTRAL PHOENIX STN","Arizona","Maricopa","Phoenix","Phoenix-Mesa-Scottsdale, AZ","2024-05-22"
"04","013","3002","42602",6,33.45797,-112.04659,"NAD83","Nitrogen dioxide (NO2)","1 HOUR","NO2 1-hour 2010","2019-09-18","Parts per billion","None",24,100.0,14.75,35,20,33,"099","INSTRUMENTAL - GAS PHASE CHEMILUMINESCENCE","CENTRAL PHOENIX","1645 E ROOSEVELT ST-CENTRAL PHOENIX STN","Arizona","Maricopa","Phoenix","Phoenix-Mesa-Scottsdale, AZ","2024-05-22"
"04","013","3002","42602",6,33.45797,-112.04659,"NAD83","Nitrogen dioxide (NO2)","1 HOUR","NO2 1-hour 2010","2019-09-19","Parts per billion","None",24,100.0,13.375,33,1,31,"099","INSTRUMENTAL - GAS PHASE CHEMILUMINESCENCE","CENTRAL PHOENIX","1645 E ROOSEVELT ST-CENTRAL PHOENIX STN","Arizona","Maricopa","Phoenix","Phoenix-Mesa-Scottsdale, AZ","2024-05-22"
"04","013","3002","42602",6,33.45797,-112.04659,"NAD83","Nitrogen dioxide (NO2)","1 HOUR","NO2 1-hour 2010","2019-09-20","Parts per billion","None",24,100.0,15.708333,29,5,27,"099","INSTRUMENTAL - GAS PHASE CHEMILUMINESCENCE","CENTRAL PHOENIX","1645 E ROOSEVELT ST-CENTRAL PHOENIX STN","Arizona","Maricopa","Phoenix","Phoenix-Mesa-Scottsdale, AZ","2024-05-22"
"04","013","3002","42602",6,33.45797,-112.04659,"NAD83","Nitrogen dioxide (NO2)","1 HOUR","NO2 1-hour 2010","2019-09-21","Parts per billion","None",24,100.0,18.125,43,22,41,"099","INSTRUMENTAL - GAS PHASE CHEMILUMINESCENCE","CENTRAL PHOENIX","1645 E ROOSEVELT ST-CENTRAL PHOENIX STN","Arizona","Maricopa","Phoenix","Phoenix-Mesa-Scottsdale, AZ","2024-05-22"
"04","013","3002","42602",6,33.45797,-112.04659,"NAD83","Nitrogen dioxide (NO2)","1 HOUR","NO2 1-hour 2010","2019-09-22","Parts per billion","None",24,100.0,14.708333,39,0,37,"099","INSTRUMENTAL - GAS PHASE CHEMILUMINESCENCE","CENTRAL PHOENIX","1645 E ROOSEVELT ST-CENTRAL PHOENIX STN","Arizona","Maricopa","Phoenix","Phoenix-Mesa-Scottsdale, AZ","2024-05-22"
"04","013","3002","42602",6,33.45797,-112.04659,"NAD83","Nitrogen dioxide (NO2)","1 HOUR","NO2 1-hour 2010","2019-09-23","Parts per billion","None",24,100.0,5.75,13,23,12,"099","INSTRUMENTAL - GAS PHASE CHEMILUMINESCENCE","CENTRAL PHOENIX","1645 E ROOSEVELT ST-CENTRAL PHOENIX STN","Arizona","Maricopa","Phoenix","Phoenix-Mesa-Scottsdale, AZ","2024-05-22"
"04","013","3002","42602",6,33.45797,-112.04659,"NAD83","Nitrogen dioxide (NO2)","1 HOUR","NO2 1-hour 2010","2019-09-24","Parts per billion","None",24,100.0,11,26,23,25,"099","INSTRUMENTAL - GAS PHASE CHEMILUMINESCENCE","CENTRAL PHOENIX","1645 E ROOSEVELT ST-CENTRAL PHOENIX STN","Arizona","Maricopa","Phoenix","Phoenix-Mesa-Scottsdale, AZ","2024-05-22"
"04","013","3002","42602",6,33.45797,-112.04659,"NAD83","Nitrogen dioxide (NO2)","1 HOUR","NO2 1-hour 2010","2019-09-25","Parts per billion","None",22,92.0,11.318182,20,6,19,"099","INSTRUMENTAL - GAS PHASE CHEMILUMINESCENCE","CENTRAL PHOENIX","1645 E ROOSEVELT ST-CENTRAL PHOENIX STN","Arizona","Maricopa","Phoenix","Phoenix-Mesa-Scottsdale, AZ","2024-05-22"
"04","013","3002","42602",6,33.45797,-112.04659,"NAD83","Nitrogen dioxide (NO2)","1 HOUR","NO2 1-hour 2010","2019-09-26","Parts per billion","None",24,100.0,10,18,21,17,"099","INSTRUMENTAL - GAS PHASE CHEMILUMINESCENCE","CENTRAL PHOENIX","1645 E ROOSEVELT ST-CENTRAL PHOENIX STN","Arizona","Maricopa","Phoenix","Phoenix-Mesa-Scottsdale, AZ","2024-05-22"
"04","013","3002","42602",6,33.45797,-112.04659,"NAD83","Nitrogen dioxide (NO2)","1 HOUR","NO2 1-hour 2010","2019-09-27","Parts per billion","None",24,100.0,10.833333,33,23,31,"099","INSTRUMENTAL - GAS PHASE CHEMILUMINESCENCE","CENTRAL PHOENIX","1645 E ROOSEVELT ST-CENTRAL PHOENIX STN","Arizona","Maricopa","Phoenix","Phoenix-Mesa-Scottsdale, AZ","2024-05-22"
"04","013","3002","42602",6,33.45797,-112.04659,"NAD83","Nitrogen dioxide (NO2)","1 HOUR","NO2 1-hour 2010","2019-09-28","Parts per billion","None",24,100.0,10.041667,30,0,28,"099","INSTRUMENTAL - GAS PHASE CHEMILUMINESCENCE","CENTRAL PHOENIX","1645 E ROOSEVELT ST-CENTRAL PHOENIX STN","Arizona","Maricopa","Phoenix","Phoenix-Mesa-Scottsdale, AZ","2024-05-22"
"04","013","3002","42602",6,33.45797,-112.04659,"NAD83","Nitrogen dioxide (NO2)","1 HOUR","NO2 1-hour 2010","2019-09-29","Parts per billion","None",24,100.0,9,18,0,17,"099","INSTRUMENTAL - GAS PHASE CHEMILUMINESCENCE","CENTRAL PHOENIX","1645 E ROOSEVELT ST-CENTRAL PHOENIX STN","Arizona","Maricopa","Phoenix","Phoenix-Mesa-Scottsdale, AZ","2024-05-22"
"04","013","3002","42602",6,33.45797,-112.04659,"NAD83","Nitrogen dioxide (NO2)","1 HOUR","NO2 1-hour 2010","2019-09-30","Parts per billion","None",24,100.0,19.833333,35,7,33,"099","INSTRUMENTAL - GAS PHASE CHEMILUMINESCENCE","CENTRAL PHOENIX","1645 E ROOSEVELT ST-CENTRAL PHOENIX STN","Arizona","Maricopa","Phoenix","Phoenix-Mesa-Scottsdale, AZ","2024-05-22"
"04","013","3002","42602",6,33.45797,-112.04659,"NAD83","Nitrogen dioxide (NO2)","1 HOUR","NO2 1-hour 2010","2019-10-01","Parts per billion","None",23,96.0,22.173913,45,22,42,"099","INSTRUMENTAL - GAS PHASE CHEMILUMINESCENCE","CENTRAL PHOENIX","1645 E ROOSEVELT ST-CENTRAL PHOENIX STN","Arizona","Maricopa","Phoenix","Phoenix-Mesa-Scottsdale, AZ","2024-05-22"
"04","013","3002","42602",6,33.45797,-112.04659,"NAD83","Nitrogen dioxide (NO2)","1 HOUR","NO2 1-hour 2010","2019-10-02","Parts per billion","None",24,100.0,22.916667,46,21,43,"099","INSTRUMENTAL - GAS PHASE CHEMILUMINESCENCE","CENTRAL PHOENIX","1645 E ROOSEVELT ST-CENTRAL PHOENIX STN","Arizona","Maricopa","Phoenix","Phoenix-Mesa-Scottsdale, AZ","2024-05-22"
"04","013","3002","42602",6,33.45797,-112.04659,"NAD83","Nitrogen dioxide (NO2)","1 HOUR","NO2 1-hour 2010","2019-10-03","Parts per billion","None",24,100.0,25.958333,42,0,40,"099","INSTRUMENTAL - GAS PHASE CHEMILUMINESCENCE","CENTRAL PHOENIX","1645 E ROOSEVELT ST-CENTRAL PHOENIX STN","Arizona","Maricopa","Phoenix","Phoenix-Mesa-Scottsdale, AZ","2024-05-22"
"04","013","3002","42602",6,33.45797,-112.04659,"NAD83","Nitrogen dioxide (NO2)","1 HOUR","NO2 1-hour 2010","2019-10-04","Parts per billion","None",24,100.0,20.375,36,0,34,"099","INSTRUMENTAL - GAS PHASE CHEMILUMINESCENCE","CENTRAL PHOENIX","1645 E ROOSEVELT ST-CENTRAL PHOENIX STN","Arizona","Maricopa","Phoenix","Phoenix-Mesa-Scottsdale, AZ","2024-05-22"
"04","013","3002","42602",6,33.45797,-112.04659,"NAD83","Nitrogen dioxide (NO2)","1 HOUR","NO2 1-hour 2010","2019-10-05","Parts per billion","None",24,100.0,17.583333,39,20,37,"099","INSTRUMENTAL - GAS PHASE CHEMILUMINESCENCE","CENTRAL PHOENIX","1645 E ROOSEVELT ST-CENTRAL PHOENIX STN","Arizona","Maricopa","Phoenix","Phoenix-Mesa-Scottsdale, AZ","2024-05-22"
"04","013","3002","42602",6,33.45797,-112.04659,"NAD83","Nitrogen dioxide (NO2)","1 HOUR","NO2 1-hour 2010","2019-10-06","Parts per billion","None",24,100.0,20.458333,44,21,42,"099","INSTRUMENTAL - GAS PHASE CHEMILUMINESCENCE","CENTRAL PHOENIX","1645 E ROOSEVELT ST-CENTRAL PHOENIX STN","Arizona","Maricopa","Phoenix","Phoenix-Mesa-Scottsdale, AZ","2024-05-22"
"04","013","3002","42602",6,33.45797,-112.04659,"NAD83","Nitrogen dioxide (NO2)","1 HOUR","NO2 1-hour 2010","2019-10-07","Parts per billion","None",24,100.0,23.791667,45,22,42,"099","INSTRUMENTAL - GAS PHASE CHEMILUMINESCENCE","CENTRAL PHOENIX","1645 E ROOSEVELT ST-CENTRAL PHOENIX STN","Arizona","Maricopa","Phoenix","Phoenix-Mesa-Scottsdale, AZ","2024-05-22"
"04","013","3002","42602",6,33.45797,-112.04659,"NAD83","Nitrogen dioxide (NO2)","1 HOUR","NO2 1-hour 2010","2019-10-08","Parts per billion","None",24,100.0,25.5,46,20,43,"099","INSTRUMENTAL - GAS PHASE CHEMILUMINESCENCE","CENTRAL PHOENIX","1645 E ROOSEVELT ST-CENTRAL PHOENIX STN","Arizona","Maricopa","Phoenix","Phoenix-Mesa-Scottsdale, AZ","2024-05-22"
"04","013","3002","42602",6,33.45797,-112.04659,"NAD83","Nitrogen dioxide (NO2)","1 HOUR","NO2 1-hour 2010","2019-10-09","Parts per billion","None",23,96.0,18.521739,38,21,36,"099","INSTRUMENTAL - GAS PHASE CHEMILUMINESCENCE","CENTRAL PHOENIX","1645 E ROOSEVELT ST-CENTRAL PHOENIX STN","Arizona","Maricopa","Phoenix","Phoenix-Mesa-Scottsdale, AZ","2024-05-22"
"04","013","3002","42602",6,33.45797,-112.04659,"NAD83","Nitrogen dioxide (NO2)","1 HOUR","NO2 1-hour 2010","2019-10-10","Parts per billion","None",24,100.0,15.416667,36,0,34,"099","INSTRUMENTAL - GAS PHASE CHEMILUMINESCENCE","CENTRAL PHOENIX","1645 E ROOSEVELT ST-CENTRAL PHOENIX STN","Arizona","Maricopa","Phoenix","Phoenix-Mesa-Scottsdale, AZ","2024-05-22"
"04","013","3002","42602",6,33.45797,-112.04659,"NAD83","Nitrogen dioxide (NO2)","1 HOUR","NO2 1-hour 2010","2019-10-11","Parts per billion","None",24,100.0,22.708333,42,7,40,"099","INSTRUMENTAL - GAS PHASE CHEMILUMINESCENCE","CENTRAL PHOENIX","1645 E ROOSEVELT ST-CENTRAL PHOENIX STN","Arizona","Maricopa","Phoenix","Phoenix-Mesa-Scottsdale, AZ","2024-05-22"
"04","013","3002","42602",6,33.45797,-112.04659,"NAD83","Nitrogen dioxide (NO2)","1 HOUR","NO2 1-hour 2010","2019-10-12","Parts per billion","None",24,100.0,22.833333,45,20,42,"099","INSTRUMENTAL - GAS PHASE CHEMILUMINESCENCE","CENTRAL PHOENIX","1645 E ROOSEVELT ST-CENTRAL PHOENIX STN","Arizona","Maricopa","Phoenix","Phoenix-Mesa-Scottsdale, AZ","2024-05-22"
"04","013","3002","42602",6,33.45797,-112.04659,"NAD83","Nitrogen dioxide (NO2)","1 HOUR","NO2 1-hour 2010","2019-10-13","Parts per billion","None",24,100.0,17.625,44,21,42,"099","INSTRUMENTAL - GAS PHASE CHEMILUMINESCENCE","CENTRAL PHOENIX","1645 E ROOSEVELT ST-CENTRAL PHOENIX STN","Arizona","Maricopa","Phoenix","Phoenix-Mesa-Scottsdale, AZ","2024-05-22"
"04","013","3002","42602",6,33.45797,-112.04659,"NAD83","Nitrogen dioxide (NO2)","1 HOUR","NO2 1-hour 2010","2019-10-14","Parts per billion","None",24,100.0,17.083333,38,0,36,"099","INSTRUMENTAL - GAS PHASE CHEMILUMINESCENCE","CENTRAL PHOENIX","1645 E ROOSEVELT ST-CENTRAL PHOENIX STN","Arizona","Maricopa","Phoenix","Phoenix-Mesa-Scottsdale, AZ","2024-05-22"
"04","013","3002","42602",6,33.45797,-112.04659,"NAD83","Nitrogen dioxide (NO2)","1 HOUR","NO2 1-hour 2010","2019-10-15","Parts per billion","None",23,96.0,23.608696,42,20,40,"099","INSTRUMENTAL - GAS PHASE CHEMILUMINESCENCE","CENTRAL PHOENIX","1645 E ROOSEVELT ST-CENTRAL PHOENIX STN","Arizona","Maricopa","Phoenix","Phoenix-Mesa-Scottsdale, AZ","2024-05-22"
"04","013","3002","42602",6,33.45797,-112.04659,"NAD83","Nitrogen dioxide (NO2)","1 HOUR","NO2 1-hour 2010","2019-10-16","Parts per billion","None",24,100.0,21.083333,40,0,38,"099","INSTRUMENTAL - GAS PHASE CHEMILUMINESCENCE","CENTRAL PHOENIX","1645 E ROOSEVELT ST-CENTRAL PHOENIX STN","Arizona","Maricopa","Phoenix","Phoenix-Mesa-Scottsdale, AZ","2024-05-22"
"04","013","3002","42602",6,33.45797,-112.04659,"NAD83","Nitrogen dioxide (NO2)","1 HOUR","NO2 1-hour 2010","2019-10-17","Parts per billion","None",24,100.0,14.291667,35,1,33,"099","INSTRUMENTAL - GAS PHASE CHEMILUMINESCENCE","CENTRAL PHOENIX","1645 E ROOSEVELT ST-CENTRAL PHOENIX STN","Arizona","Maricopa","Phoenix","Phoenix-Mesa-Scottsdale, AZ","2024-05-22"
"04","013","3002","42602",6,33.45797,-112.04659,"NAD83","Nitrogen dioxide (NO2)","1 HOUR","NO2 1-hour 2010","2019-10-18","Parts per billion","None",24,100.0,13.125,33,6,31,"099","INSTRUMENTAL - GAS PHASE CHEMILUMINESCENCE","CENTRAL PHOENIX","1645 E ROOSEVELT ST-CENTRAL PHOENIX STN","Arizona","Maricopa","Phoenix","Phoenix-Mesa-Scottsdale, AZ","2024-05-22"
"04","013","3002","42602",6,33.45797,-112.04659,"NAD83","Nitrogen dioxide (NO2)","1 HOUR","NO2 1-hour 2010","2019-10-19","Parts per billion","None",24,100.0,20.583333,43,21,41,"099","INSTRUMENTAL - GAS PHASE CHEMILUMINESCENCE","CENTRAL PHOENIX","1645 E ROOSEVELT ST-CENTRAL PHOENIX STN","Arizona","Maricopa","Phoenix","Phoenix-Mesa-Scottsdale, AZ","2024-05-22"
"04","013","3002","42602",6,33.45797,-112.04659,"NAD83","Nitrogen dioxide (NO2)","1 HOUR","NO2 1-hour 2010","2019-10-20","Parts per billion","None",24,100.0,11.75,23,23,22,"099","INSTRUMENTAL - GAS PHASE CHEMILUMINESCENCE","CENTRAL PHOENIX","1645 E ROOSEVELT ST-CENTRAL PHOENIX STN","Arizona","Maricopa","Phoenix","Phoenix-Mesa-Scottsdale, AZ","2024-05-22"
"04","013","3002","42602",6,33.45797,-112.04659,"NAD83","Nitrogen dioxide (NO2)","1 HOUR","NO2 1-hour 2010","2019-10-21","Parts per billion","None",24,100.0,26.458333,45,21,42,"099","INSTRUMENTAL - GAS PHASE CHEMILUMINESCENCE","CENTRAL PHOENIX","1645 E ROOSEVELT ST-CENTRAL PHOENIX STN","Arizona","Maricopa","Phoenix","Phoenix-Mesa-Scottsdale, AZ","2024-05-22"
"04","013","3002","42602",6,33.45797,-112.04659,"NAD83","Nitrogen dioxide (NO2)","1 HOUR","NO2 1-hour 2010","2019-10-22","Parts per billion","None",24,100.0,24.833333,51,21,48,"099","INSTRUMENTAL - GAS PHASE CHEMILUMINESCENCE","CENTRAL PHOENIX","1645 E ROOSEVELT ST-CENTRAL PHOENIX STN","Arizona","Maricopa","Phoenix","Phoenix-Mesa-Scottsdale, AZ","2024-05-22"
"04","013","3002","42602",6,33.45797,-112.04659,"NAD83","Nitrogen dioxide (NO2)","1 HOUR","NO2 1-hour 2010","2019-10-23","Parts per billion","None",23,96.0,27.956522,52,19,49,"099","INSTRUMENTAL - GAS PHASE CHEMILUMINESCENCE","CENTRAL PHOENIX","1645 E ROOSEVELT ST-CENTRAL PHOENIX STN","Arizona","Maricopa","Phoenix","Phoenix-Mesa-Scottsdale, AZ","2024-05-22"
"04","013","3002","42602",6,33.45797,-112.04659,"NAD83","Nitrogen dioxide (NO2)","1 HOUR","NO2 1-hour 2010","2019-10-24","Parts per billion","None",24,100.0,18.208333,50,8,47,"099","INSTRUMENTAL - GAS PHASE CHEMILUMINESCENCE","CENTRAL PHOENIX","1645 E ROOSEVELT ST-CENTRAL PHOENIX STN","Arizona","Maricopa","Phoenix","Phoenix-Mesa-Scottsdale, AZ","2024-05-22"
"04","013","3002","42602",6,33.45797,-112.04659,"NAD83","Nitrogen dioxide (NO2)","1 HOUR","NO2 1-hour 2010","2019-10-25","Parts per billion","None",24,100.0,15.041667,48,19,45,"099","INSTRUMENTAL - GAS PHASE CHEMILUMINESCENCE","CENTRAL PHOENIX","1645 E ROOSEVELT ST-CENTRAL PHOENIX STN","Arizona","Maricopa","Phoenix","Phoenix-Mesa-Scottsdale, AZ","2024-05-22"
"04","013","3002","42602",6,33.45797,-112.04659,"NAD83","Nitrogen dioxide (NO2)","1 HOUR","NO2 1-hour 2010","2019-10-26","Parts per billion","None",24,100.0,20.958333,52,19,49,"099","INSTRUMENTAL - GAS PHASE CHEMILUMINESCENCE","CENTRAL PHOENIX","1645 E ROOSEVELT ST-CENTRAL PHOENIX STN","Arizona","Maricopa","Phoenix","Phoenix-Mesa-Scottsdale, AZ","2024-05-22"
"04","013","3002","42602",6,33.45797,-112.04659,"NAD83","Nitrogen dioxide (NO2)","1 HOUR","NO2 1-hour 2010","2019-10-27","Parts per billion","None",24,100.0,9.416667,25,0,24,"099","INSTRUMENTAL - GAS PHASE CHEMILUMINESCENCE","CENTRAL PHOENIX","1645 E ROOSEVELT ST-CENTRAL PHOENIX STN","Arizona","Maricopa","Phoenix","Phoenix-Mesa-Scottsdale, AZ","2024-05-22"
"04","013","3002","42602",6,33.45797,-112.04659,"NAD83","Nitrogen dioxide (NO2)","1 HOUR","NO2 1-hour 2010","2019-10-28","Parts per billion","None",24,100.0,11.666667,31,22,29,"099","INSTRUMENTAL - GAS PHASE CHEMILUMINESCENCE","CENTRAL PHOENIX","1645 E ROOSEVELT ST-CENTRAL PHOENIX STN","Arizona","Maricopa","Phoenix","Phoenix-Mesa-Scottsdale, AZ","2024-05-22"
"04","013","3002","42602",6,33.45797,-112.04659,"NAD83","Nitrogen dioxide (NO2)","1 HOUR","NO2 1-hour 2010","2019-10-29","Parts per billion","None",23,96.0,25.826087,43,21,41,"099","INSTRUMENTAL - GAS PHASE CHEMILUMINESCENCE","CENTRAL PHOENIX","1645 E ROOSEVELT ST-CENTRAL PHOENIX STN","Arizona","Maricopa","Phoenix","Phoenix-Mesa-Scottsdale, AZ","2024-05-22"
"04","013","3002","42602",6,33.45797,-112.04659,"NAD83","Nitrogen dioxide (NO2)","1 HOUR","NO2 1-hour 2010","2019-10-30","Parts per billion","None",24,100.0,11.916667,35,0,33,"099","INSTRUMENTAL - GAS PHASE CHEMILUMINESCENCE","CENTRAL PHOENIX","1645 E ROOSEVELT ST-CENTRAL PHOENIX STN","Arizona","Maricopa","Phoenix","Phoenix-Mesa-Scottsdale, AZ","2024-05-22"
"04","013","3002","42602",6,33.45797,-112.04659,"NAD83","Nitrogen dioxide (NO2)","1 HOUR","NO2 1-hour 2010","2019-10-31","Parts per billion","None",24,100.0,25.458333,47,18,44,"099","INSTRUMENTAL - GAS PHASE CHEMILUMINESCENCE","CENTRAL PHOENIX","1645 E ROOSEVELT ST-CENTRAL PHOENIX STN","Arizona","Maricopa","Phoenix","Phoenix-Mesa-Scottsdale, AZ","2024-05-22"
"04","013","3002","42602",6,33.45797,-112.04659,"NAD83","Nitrogen dioxide (NO2)","1 HOUR","NO2 1-hour 2010","2019-11-01","Parts per billion","None",24,100.0,33.583333,53,18,50,"099","INSTRUMENTAL - GAS PHASE CHEMILUMINESCENCE","CENTRAL PHOENIX","1645 E ROOSEVELT ST-CENTRAL PHOENIX STN","Arizona","Maricopa","Phoenix","Phoenix-Mesa-Scottsdale, AZ","2024-05-22"
"04","013","3002","42602",6,33.45797,-112.04659,"NAD83","Nitrogen dioxide (NO2)","1 HOUR","NO2 1-hour 2010","2019-11-02","Parts per billion","None",24,100.0,28.666667,51,19,48,"099","INSTRUMENTAL - GAS PHASE CHEMILUMINESCENCE","CENTRAL PHOENIX","1645 E ROOSEVELT ST-CENTRAL PHOENIX STN","Arizona","Maricopa","Phoenix","Phoenix-Mesa-Scottsdale, AZ","2024-05-22"
"04","013","3002","42602",6,33.45797,-112.04659,"NAD83","Nitrogen dioxide (NO2)","1 HOUR","NO2 1-hour 2010","2019-11-03","Parts per billion","None",24,100.0,29.041667,61,19,58,"099","INSTRUMENTAL - GAS PHASE CHEMILUMINESCENCE","CENTRAL PHOENIX","1645 E ROOSEVELT ST-CENTRAL PHOENIX STN","Arizona","Maricopa","Phoenix","Phoenix-Mesa-Scottsdale, AZ","2024-05-22"
"04","013","3002","42602",6,33.45797,-112.04659,"NAD83","Nitrogen dioxide (NO2)","1 HOUR","NO2 1-hour 2010","2019-11-04","Parts per billion","None",24,100.0,28.416667,51,19,48,"099","INSTRUMENTAL - GAS PHASE CHEMILUMINESCENCE","CENTRAL PHOENIX","1645 E ROOSEVELT ST-CENTRAL PHOENIX STN","Arizona","Maricopa","Phoenix","Phoenix-Mesa-Scottsdale, AZ","2024-05-22"
"04","013","3002","42602",6,33.45797,-112.04659,"NAD83","Nitrogen dioxide (NO2)","1 HOUR","NO2 1-hour 2010","2019-11-05","Parts per billion","None",24,100.0,26.5,51,20,48,"099","INSTRUMENTAL - GAS PHASE CHEMILUMINESCENCE","CENTRAL PHOENIX","1645 E ROOSEVELT ST-CENTRAL PHOENIX STN","Arizona","Maricopa","Phoenix","Phoenix-Mesa-Scottsdale, AZ","2024-05-22"
"04","013","3002","42602",6,33.45797,-112.04659,"NAD83","Nitrogen dioxide (NO2)","1 HOUR","NO2 1-hour 2010","2019-11-06","Parts per billion","None",20,83.0,27.2,44,0,42,"099","INSTRUMENTAL - GAS PHASE CHEMILUMINESCENCE","CENTRAL PHOENIX","1645 E ROOSEVELT ST-CENTRAL PHOENIX STN","Arizona","Maricopa","Phoenix","Phoenix-Mesa-Scottsdale, AZ","2024-05-22"
"04","013","3002","42602",6,33.45797,-112.04659,"NAD83","Nitrogen dioxide (NO2)","1 HOUR","NO2 1-hour 2010","2019-11-07","Parts per billion","None",24,100.0,23.5,47,19,44,"099","INSTRUMENTAL - GAS PHASE CHEMILUMINESCENCE","CENTRAL PHOENIX","1645 E ROOSEVELT ST-CENTRAL PHOENIX STN","Arizona","Maricopa","Phoenix","Phoenix-Mesa-Scottsdale, AZ","2024-05-22"
"04","013","3002","42602",6,33.45797,-112.04659,"NAD83","Nitrogen dioxide (NO2)","1 HOUR","NO2 1-hour 2010","2019-11-08","Parts per billion","None",24,100.0,22.625,40,0,38,"099","INSTRUMENTAL - GAS PHASE CHEMILUMINESCENCE","CENTRAL PHOENIX","1645 E ROOSEVELT ST-CENTRAL PHOENIX STN","Arizona","Maricopa","Phoenix","Phoenix-Mesa-Scottsdale, AZ","2024-05-22"
"04","013","3002","42602",6,33.45797,-112.04659,"NAD83","Nitrogen dioxide (NO2)","1 HOUR","NO2 1-hour 2010","2019-11-09","Parts per billion","None",24,100.0,24.5,42,19,40,"099","INSTRUMENTAL - GAS PHASE CHEMILUMINESCENCE","CENTRAL PHOENIX","1645 E ROOSEVELT ST-CENTRAL PHOENIX STN","Arizona","Maricopa","Phoenix","Phoenix-Mesa-Scottsdale, AZ","2024-05-22"
"04","013","3002","42602",6,33.45797,-112.04659,"NAD83","Nitrogen dioxide (NO2)","1 HOUR","NO2 1-hour 2010","2019-11-10","Parts per billion","None",24,100.0,22.166667,40,22,38,"099","INSTRUMENTAL - GAS PHASE CHEMILUMINESCENCE","CENTRAL PHOENIX","1645 E ROOSEVELT ST-CENTRAL PHOENIX STN","Arizona","Maricopa","Phoenix","Phoenix-Mesa-Scottsdale, AZ","2024-05-22"
"04","013","3002","42602",6,33.45797,-112.04659,"NAD83","Nitrogen dioxide (NO2)","1 HOUR","NO2 1-hour 2010","2019-11-11","Parts per billion","None",24,100.0,24.333333,42,20,40,"099","INSTRUMENTAL - GAS PHASE CHEMILUMINESCENCE","CENTRAL PHOENIX","1645 E ROOSEVELT ST-CENTRAL PHOENIX STN","Arizona","Maricopa","Phoenix","Phoenix-Mesa-Scottsdale, AZ","2024-05-22"
"04","013","3002","42602",6,33.45797,-112.04659,"NAD83","Nitrogen dioxide (NO2)","1 HOUR","NO2 1-hour 2010","2019-11-12","Parts per billion","None",23,96.0,18,41,0,39,"099","INSTRUMENTAL - GAS PHASE CHEMILUMINESCENCE","CENTRAL PHOENIX","1645 E ROOSEVELT ST-CENTRAL PHOENIX STN","Arizona","Maricopa","Phoenix","Phoenix-Mesa-Scottsdale, AZ","2024-05-22"
"04","013","3002","42602",6,33.45797,-112.04659,"NAD83","Nitrogen dioxide (NO2)","1 HOUR","NO2 1-hour 2010","2019-11-13","Parts per billion","None",24,100.0,23.208333,50,19,47,"099","INSTRUMENTAL - GAS PHASE CHEMILUMINESCENCE","CENTRAL PHOENIX","1645 E ROOSEVELT ST-CENTRAL PHOENIX STN","Arizona","Maricopa","Phoenix","Phoenix-Mesa-Scottsdale, AZ","2024-05-22"
"04","013","3002","42602",6,33.45797,-112.04659,"NAD83","Nitrogen dioxide (NO2)","1 HOUR","NO2 1-hour 2010","2019-11-14","Parts per billion","None",24,100.0,28.5,57,19,54,"099","INSTRUMENTAL - GAS PHASE CHEMILUMINESCENCE","CENTRAL PHOENIX","1645 E ROOSEVELT ST-CENTRAL PHOENIX STN","Arizona","Maricopa","Phoenix","Phoenix-Mesa-Scottsdale, AZ","2024-05-22"
"04","013","3002","42602",6,33.45797,-112.04659,"NAD83","Nitrogen dioxide (NO2)","1 HOUR","NO2 1-hour 2010","2019-11-15","Parts per billion","None",24,100.0,28.75,54,18,51,"099","INSTRUMENTAL - GAS PHASE CHEMILUMINESCENCE","CENTRAL PHOENIX","1645 E ROOSEVELT ST-CENTRAL PHOENIX STN","Arizona","Maricopa","Phoenix","Phoenix-Mesa-Scottsdale, AZ","2024-05-22"
"04","013","3002","42602",6,33.45797,-112.04659,"NAD83","Nitrogen dioxide (NO2)","1 HOUR","NO2 1-hour 2010","2019-11-16","Parts per billion","None",24,100.0,32.958333,50,18,47,"099","INSTRUMENTAL - GAS PHASE CHEMILUMINESCENCE","CENTRAL PHOENIX","1645 E ROOSEVELT ST-CENTRAL PHOENIX STN","Arizona","Maricopa","Phoenix","Phoenix-Mesa-Scottsdale, AZ","2024-05-22"
"04","013","3002","42602",6,33.45797,-112.04659,"NAD83","Nitrogen dioxide (NO2)","1 HOUR","NO2 1-hour 2010","2019-11-17","Parts per billion","None",24,100.0,27.625,50,18,47,"099","INSTRUMENTAL - GAS PHASE CHEMILUMINESCENCE","CENTRAL PHOENIX","1645 E ROOSEVELT ST-CENTRAL PHOENIX STN","Arizona","Maricopa","Phoenix","Phoenix-Mesa-Scottsdale, AZ","2024-05-22"
"04","013","3002","42602",6,33.45797,-112.04659,"NAD83","Nitrogen dioxide (NO2)","1 HOUR","NO2 1-hour 2010","2019-11-18","Parts per billion","None",24,100.0,31.083333,55,18,52,"099","INSTRUMENTAL - GAS PHASE CHEMILUMINESCENCE","CENTRAL PHOENIX","1645 E ROOSEVELT ST-CENTRAL PHOENIX STN","Arizona","Maricopa","Phoenix","Phoenix-Mesa-Scottsdale, AZ","2024-05-22"
"04","013","3002","42602",6,33.45797,-112.04659,"NAD83","Nitrogen dioxide (NO2)","1 HOUR","NO2 1-hour 2010","2019-11-19","Parts per billion","None",24,100.0,19.666667,36,0,34,"099","INSTRUMENTAL - GAS PHASE CHEMILUMINESCENCE","CENTRAL PHOENIX","1645 E ROOSEVELT ST-CENTRAL PHOENIX STN","Arizona","Maricopa","Phoenix","Phoenix-Mesa-Scottsdale, AZ","2024-05-22"
"04","013","3002","42602",6,33.45797,-112.04659,"NAD83","Nitrogen dioxide (NO2)","1 HOUR","NO2 1-hour 2010","2019-11-20","Parts per billion","None",22,92.0,8.090909,17,7,16,"099","INSTRUMENTAL - GAS PHASE CHEMILUMINESCENCE","CENTRAL PHOENIX","1645 E ROOSEVELT ST-CENTRAL PHOENIX STN","Arizona","Maricopa","Phoenix","Phoenix-Mesa-Scottsdale, AZ","2024-05-22"
"04","013","3002","42602",6,33.45797,-112.04659,"NAD83","Nitrogen dioxide (NO2)","1 HOUR","NO2 1-hour 2010","2019-11-21","Parts per billion","None",24,100.0,11.541667,22,7,21,"099","INSTRUMENTAL - GAS PHASE CHEMILUMINESCENCE","CENTRAL PHOENIX","1645 E ROOSEVELT ST-CENTRAL PHOENIX STN","Arizona","Maricopa","Phoenix","Phoenix-Mesa-Scottsdale, AZ","2024-05-22"
"04","013","3002","42602",6,33.45797,-112.04659,"NAD83","Nitrogen dioxide (NO2)","1 HOUR","NO2 1-hour 2010","2019-11-22","Parts per billion","None",24,100.0,22.5,41,19,39,"099","INSTRUMENTAL - GAS PHASE CHEMILUMINESCENCE","CENTRAL PHOENIX","1645 E ROOSEVELT ST-CENTRAL PHOENIX STN","Arizona","Maricopa","Phoenix","Phoenix-Mesa-Scottsdale, AZ","2024-05-22"
"04","013","3002","42602",6,33.45797,-112.04659,"NAD83","Nitrogen dioxide (NO2)","1 HOUR","NO2 1-hour 2010","2019-11-23","Parts per billion","None",24,100.0,24.041667,45,20,42,"099","INSTRUMENTAL - GAS PHASE CHEMILUMINESCENCE","CENTRAL PHOENIX","1645 E ROOSEVELT ST-CENTRAL PHOENIX STN","Arizona","Maricopa","Phoenix","Phoenix-Mesa-Scottsdale, AZ","2024-05-22"
"04","013","3002","42602",6,33.45797,-112.04659,"NAD83","Nitrogen dioxide (NO2)","1 HOUR","NO2 1-hour 2010","2019-11-24","Parts per billion","None",24,100.0,27.375,45,19,42,"099","INSTRUMENTAL - GAS PHASE CHEMILUMINESCENCE","CENTRAL PHOENIX","1645 E ROOSEVELT ST-CENTRAL PHOENIX STN","Arizona","Maricopa","Phoenix","Phoenix-Mesa-Scottsdale, AZ","2024-05-22"
"04","013","3002","42602",6,33.45797,-112.04659,"NAD83","Nitrogen dioxide (NO2)","1 HOUR","NO2 1-hour 2010","2019-11-25","Parts per billion","None",23,96.0,19.130435,39,18,37,"099","INSTRUMENTAL - GAS PHASE CHEMILUMINESCENCE","CENTRAL PHOENIX","1645 E ROOSEVELT ST-CENTRAL PHOENIX STN","Arizona","Maricopa","Phoenix","Phoenix-Mesa-Scottsdale, AZ","2024-05-22"
"04","013","3002","42602",6,33.45797,-112.04659,"NAD83","Nitrogen dioxide (NO2)","1 HOUR","NO2 1-hour 2010","2019-11-26","Parts per billion","None",24,100.0,18.833333,39,19,37,"099","INSTRUMENTAL - GAS PHASE CHEMILUMINESCENCE","CENTRAL PHOENIX","1645 E ROOSEVELT ST-CENTRAL PHOENIX STN","Arizona","Maricopa","Phoenix","Phoenix-Mesa-Scottsdale, AZ","2024-05-22"
"04","013","3002","42602",6,33.45797,-112.04659,"NAD83","Nitrogen dioxide (NO2)","1 HOUR","NO2 1-hour 2010","2019-11-27","Parts per billion","None",24,100.0,20.875,34,20,32,"099","INSTRUMENTAL - GAS PHASE CHEMILUMINESCENCE","CENTRAL PHOENIX","1645 E ROOSEVELT ST-CENTRAL PHOENIX STN","Arizona","Maricopa","Phoenix","Phoenix-Mesa-Scottsdale, AZ","2024-05-22"
"04","013","3002","42602",6,33.45797,-112.04659,"NAD83","Nitrogen dioxide (NO2)","1 HOUR","NO2 1-hour 2010","2019-11-28","Parts per billion","None",24,100.0,8.541667,28,0,26,"099","INSTRUMENTAL - GAS PHASE CHEMILUMINESCENCE","CENTRAL PHOENIX","1645 E ROOSEVELT ST-CENTRAL PHOENIX STN","Arizona","Maricopa","Phoenix","Phoenix-Mesa-Scottsdale, AZ","2024-05-22"
"04","013","3002","42602",6,33.45797,-112.04659,"NAD83","Nitrogen dioxide (NO2)","1 HOUR","NO2 1-hour 2010","2019-11-29","Parts per billion","None",24,100.0,5.75,19,23,18,"099","INSTRUMENTAL - GAS PHASE CHEMILUMINESCENCE","CENTRAL PHOENIX","1645 E ROOSEVELT ST-CENTRAL PHOENIX STN","Arizona","Maricopa","Phoenix","Phoenix-Mesa-Scottsdale, AZ","2024-05-22"
"04","013","3002","42602",6,33.45797,-112.04659,"NAD83","Nitrogen dioxide (NO2)","1 HOUR","NO2 1-hour 2010","2019-11-30","Parts per billion","None",24,100.0,20.5,39,20,37,"099","INSTRUMENTAL - GAS PHASE CHEMILUMINESCENCE","CENTRAL PHOENIX","1645 E ROOSEVELT ST-CENTRAL PHOENIX STN","Arizona","Maricopa","Phoenix","Phoenix-Mesa-Scottsdale, AZ","2024-05-22"
"04","013","3002","42602",6,33.45797,-112.04659,"NAD83","Nitrogen dioxide (NO2)","1 HOUR","NO2 1-hour 2010","2019-12-01","Parts per billion","None",24,100.0,22.208333,43,20,41,"099","INSTRUMENTAL - GAS PHASE CHEMILUMINESCENCE","CENTRAL PHOENIX","1645 E ROOSEVELT ST-CENTRAL PHOENIX STN","Arizona","Maricopa","Phoenix","Phoenix-Mesa-Scottsdale, AZ","2024-05-22"
"04","013","3002","42602",6,33.45797,-112.04659,"NAD83","Nitrogen dioxide (NO2)","1 HOUR","NO2 1-hour 2010","2019-12-02","Parts per billion","None",24,100.0,33.25,43,18,41,"099","INSTRUMENTAL - GAS PHASE CHEMILUMINESCENCE","CENTRAL PHOENIX","1645 E ROOSEVELT ST-CENTRAL PHOENIX STN","Arizona","Maricopa","Phoenix","Phoenix-Mesa-Scottsdale, AZ","2024-05-22"
"04","013","3002","42602",6,33.45797,-112.04659,"NAD83","Nitrogen dioxide (NO2)","1 HOUR","NO2 1-hour 2010","2019-12-03","Parts per billion","None",24,100.0,26.166667,38,18,36,"099","INSTRUMENTAL - GAS PHASE CHEMILUMINESCENCE","CENTRAL PHOENIX","1645 E ROOSEVELT ST-CENTRAL PHOENIX STN","Arizona","Maricopa","Phoenix","Phoenix-Mesa-Scottsdale, AZ","2024-05-22"
"04","013","3002","42602",6,33.45797,-112.04659,"NAD83","Nitrogen dioxide (NO2)","1 HOUR","NO2 1-hour 2010","2019-12-04","Parts per billion","None",22,92.0,21.318182,36,9,34,"099","INSTRUMENTAL - GAS PHASE CHEMILUMINESCENCE","CENTRAL PHOENIX","1645 E ROOSEVELT ST-CENTRAL PHOENIX STN","Arizona","Maricopa","Phoenix","Phoenix-Mesa-Scottsdale, AZ","2024-05-22"
"04","013","3002","42602",6,33.45797,-112.04659,"NAD83","Nitrogen dioxide (NO2)","1 HOUR","NO2 1-hour 2010","2019-12-05","Parts per billion","None",24,100.0,26.083333,38,20,36,"099","INSTRUMENTAL - GAS PHASE CHEMILUMINESCENCE","CENTRAL PHOENIX","1645 E ROOSEVELT ST-CENTRAL PHOENIX STN","Arizona","Maricopa","Phoenix","Phoenix-Mesa-Scottsdale, AZ","2024-05-22"
"04","013","3002","42602",6,33.45797,-112.04659,"NAD83","Nitrogen dioxide (NO2)","1 HOUR","NO2 1-hour 2010","2019-12-06","Parts per billion","None",24,100.0,23.5,40,20,38,"099","INSTRUMENTAL - GAS PHASE CHEMILUMINESCENCE","CENTRAL PHOENIX","1645 E ROOSEVELT ST-CENTRAL PHOENIX STN","Arizona","Maricopa","Phoenix","Phoenix-Mesa-Scottsdale, AZ","2024-05-22"
"04","013","3002","42602",6,33.45797,-112.04659,"NAD83","Nitrogen dioxide (NO2)","1 HOUR","NO2 1-hour 2010","2019-12-07","Parts per billion","None",24,100.0,18.875,33,18,31,"099","INSTRUMENTAL - GAS PHASE CHEMILUMINESCENCE","CENTRAL PHOENIX","1645 E ROOSEVELT ST-CENTRAL PHOENIX STN","Arizona","Maricopa","Phoenix","Phoenix-Mesa-Scottsdale, AZ","2024-05-22"
"04","013","3002","42602",6,33.45797,-112.04659,"NAD83","Nitrogen dioxide (NO2)","1 HOUR","NO2 1-hour 2010","2019-12-08","Parts per billion","None",24,100.0,15.708333,28,17,26,"099","INSTRUMENTAL - GAS PHASE CHEMILUMINESCENCE","CENTRAL PHOENIX","1645 E ROOSEVELT ST-CENTRAL PHOENIX STN","Arizona","Maricopa","Phoenix","Phoenix-Mesa-Scottsdale, AZ","2024-05-22"
"04","013","3002","42602",6,33.45797,-112.04659,"NAD83","Nitrogen dioxide (NO2)","1 HOUR","NO2 1-hour 2010","2019-12-09","Parts per billion","None",24,100.0,19.833333,35,18,33,"099","INSTRUMENTAL - GAS PHASE CHEMILUMINESCENCE","CENTRAL PHOENIX","1645 E ROOSEVELT ST-CENTRAL PHOENIX STN","Arizona","Maricopa","Phoenix","Phoenix-Mesa-Scottsdale, AZ","2024-05-22"
"04","013","3002","42602",6,33.45797,-112.04659,"NAD83","Nitrogen dioxide (NO2)","1 HOUR","NO2 1-hour 2010","2019-12-10","Parts per billion","None",23,96.0,22.26087,43,18,41,"099","INSTRUMENTAL - GAS PHASE CHEMILUMINESCENCE","CENTRAL PHOENIX","1645 E ROOSEVELT ST-CENTRAL PHOENIX STN","Arizona","Maricopa","Phoenix","Phoenix-Mesa-Scottsdale, AZ","2024-05-22"
"04","013","3002","42602",6,33.45797,-112.04659,"NAD83","Nitrogen dioxide (NO2)","1 HOUR","NO2 1-hour 2010","2019-12-11","Parts per billion","None",24,100.0,25.666667,47,18,44,"099","INSTRUMENTAL - GAS PHASE CHEMILUMINESCENCE","CENTRAL PHOENIX","1645 E ROOSEVELT ST-CENTRAL PHOENIX STN","Arizona","Maricopa","Phoenix","Phoenix-Mesa-Scottsdale, AZ","2024-05-22"
"04","013","3002","42602",6,33.45797,-112.04659,"NAD83","Nitrogen dioxide (NO2)","1 HOUR","NO2 1-hour 2010","2019-12-12","Parts per billion","None",24,100.0,24.583333,41,19,39,"099","INSTRUMENTAL - GAS PHASE CHEMILUMINESCENCE","CENTRAL PHOENIX","1645 E ROOSEVELT ST-CENTRAL PHOENIX STN","Arizona","Maricopa","Phoenix","Phoenix-Mesa-Scottsdale, AZ","2024-05-22"
"04","013","3002","42602",6,33.45797,-112.04659,"NAD83","Nitrogen dioxide (NO2)","1 HOUR","NO2 1-hour 2010","2019-12-13","Parts per billion","None",24,100.0,24.416667,42,18,40,"099","INSTRUMENTAL - GAS PHASE CHEMILUMINESCENCE","CENTRAL PHOENIX","1645 E ROOSEVELT ST-CENTRAL PHOENIX STN","Arizona","Maricopa","Phoenix","Phoenix-Mesa-Scottsdale, AZ","2024-05-22"
"04","013","3002","42602",6,33.45797,-112.04659,"NAD83","Nitrogen dioxide (NO2)","1 HOUR","NO2 1-hour 2010","2019-12-14","Parts per billion","None",24,100.0,19.375,37,19,35,"099","INSTRUMENTAL - GAS PHASE CHEMILUMINESCENCE","CENTRAL PHOENIX","1645 E ROOSEVELT ST-CENTRAL PHOENIX STN","Arizona","Maricopa","Phoenix","Phoenix-Mesa-Scottsdale, AZ","2024-05-22"
"04","013","3002","42602",6,33.45797,-112.04659,"NAD83","Nitrogen dioxide (NO2)","1 HOUR","NO2 1-hour 2010","2019-12-15","Parts per billion","None",24,100.0,14.125,25,1,24,"099","INSTRUMENTAL - GAS PHASE CHEMILUMINESCENCE","CENTRAL PHOENIX","1645 E ROOSEVELT ST-CENTRAL PHOENIX STN","Arizona","Maricopa","Phoenix","Phoenix-Mesa-Scottsdale, AZ","2024-05-22"
"04","013","3002","42602",6,33.45797,-112.04659,"NAD83","Nitrogen dioxide (NO2)","1 HOUR","NO2 1-hour 2010","2019-12-16","Parts per billion","None",24,100.0,19.25,36,8,34,"099","INSTRUMENTAL - GAS PHASE CHEMILUMINESCENCE","CENTRAL PHOENIX","1645 E ROOSEVELT ST-CENTRAL PHOENIX STN","Arizona","Maricopa","Phoenix","Phoenix-Mesa-Scottsdale, AZ","2024-05-22"
"04","013","3002","42602",6,33.45797,-112.04659,"NAD83","Nitrogen dioxide (NO2)","1 HOUR","NO2 1-hour 2010","2019-12-17","Parts per billion","None",24,100.0,14.625,40,7,38,"099","INSTRUMENTAL - GAS PHASE CHEMILUMINESCENCE","CENTRAL PHOENIX","1645 E ROOSEVELT ST-CENTRAL PHOENIX STN","Arizona","Maricopa","Phoenix","Phoenix-Mesa-Scottsdale, AZ","2024-05-22"
"04","013","3002","42602",6,33.45797,-112.04659,"NAD83","Nitrogen dioxide (NO2)","1 HOUR","NO2 1-hour 2010","2019-12-18","Parts per billion","None",22,92.0,9.681818,28,23,26,"099","INSTRUMENTAL - GAS PHASE CHEMILUMINESCENCE","CENTRAL PHOENIX","1645 E ROOSEVELT ST-CENTRAL PHOENIX STN","Arizona","Maricopa","Phoenix","Phoenix-Mesa-Scottsdale, AZ","2024-05-22"
"04","013","3002","42602",6,33.45797,-112.04659,"NAD83","Nitrogen dioxide (NO2)","1 HOUR","NO2 1-hour 2010","2019-12-19","Parts per billion","None",24,100.0,32.125,48,9,45,"099","INSTRUMENTAL - GAS PHASE CHEMILUMINESCENCE","CENTRAL PHOENIX","1645 E ROOSEVELT ST-CENTRAL PHOENIX STN","Arizona","Maricopa","Phoenix","Phoenix-Mesa-Scottsdale, AZ","2024-05-22"
"04","013","3002","42602",6,33.45797,-112.04659,"NAD83","Nitrogen dioxide (NO2)","1 HOUR","NO2 1-hour 2010","2019-12-20","Parts per billion","None",24,100.0,34.208333,51,18,48,"099","INSTRUMENTAL - GAS PHASE CHEMILUMINESCENCE","CENTRAL PHOENIX","1645 E ROOSEVELT ST-CENTRAL PHOENIX STN","Arizona","Maricopa","Phoenix","Phoenix-Mesa-Scottsdale, AZ","2024-05-22"
"04","013","3002","42602",6,33.45797,-112.04659,"NAD83","Nitrogen dioxide (NO2)","1 HOUR","NO2 1-hour 2010","2019-12-21","Parts per billion","None",23,96.0,26.347826,41,0,39,"099","INSTRUMENTAL - GAS PHASE CHEMILUMINESCENCE","CENTRAL PHOENIX","1645 E ROOSEVELT ST-CENTRAL PHOENIX STN","Arizona","Maricopa","Phoenix","Phoenix-Mesa-Scottsdale, AZ","2024-05-22"
"04","013","3002","42602",6,33.45797,-112.04659,"NAD83","Nitrogen dioxide (NO2)","1 HOUR","NO2 1-hour 2010","2019-12-22","Parts per billion","None",24,100.0,16.541667,35,0,33,"099","INSTRUMENTAL - GAS PHASE CHEMILUMINESCENCE","CENTRAL PHOENIX","1645 E ROOSEVELT ST-CENTRAL PHOENIX STN","Arizona","Maricopa","Phoenix","Phoenix-Mesa-Scottsdale, AZ","2024-05-22"
"04","013","3002","42602",6,33.45797,-112.04659,"NAD83","Nitrogen dioxide (NO2)","1 HOUR","NO2 1-hour 2010","2019-12-23","Parts per billion","None",23,96.0,18.217391,34,19,32,"099","INSTRUMENTAL - GAS PHASE CHEMILUMINESCENCE","CENTRAL PHOENIX","1645 E ROOSEVELT ST-CENTRAL PHOENIX STN","Arizona","Maricopa","Phoenix","Phoenix-Mesa-Scottsdale, AZ","2024-05-22"
"04","013","3002","42602",6,33.45797,-112.04659,"NAD83","Nitrogen dioxide (NO2)","1 HOUR","NO2 1-hour 2010","2019-12-24","Parts per billion","None",24,100.0,9.583333,23,19,22,"099","INSTRUMENTAL - GAS PHASE CHEMILUMINESCENCE","CENTRAL PHOENIX","1645 E ROOSEVELT ST-CENTRAL PHOENIX STN","Arizona","Maricopa","Phoenix","Phoenix-Mesa-Scottsdale, AZ","2024-05-22"
"04","013","3002","42602",6,33.45797,-112.04659,"NAD83","Nitrogen dioxide (NO2)","1 HOUR","NO2 1-hour 2010","2019-12-25","Parts per billion","None",24,100.0,9,24,23,23,"099","INSTRUMENTAL - GAS PHASE CHEMILUMINESCENCE","CENTRAL PHOENIX","1645 E ROOSEVELT ST-CENTRAL PHOENIX STN","Arizona","Maricopa","Phoenix","Phoenix-Mesa-Scottsdale, AZ","2024-05-22"
"04","013","3002","42602",6,33.45797,-112.04659,"NAD83","Nitrogen dioxide (NO2)","1 HOUR","NO2 1-hour 2010","2019-12-26","Parts per billion","None",24,100.0,14.375,29,8,27,"099","INSTRUMENTAL - GAS PHASE CHEMILUMINESCENCE","CENTRAL PHOENIX","1645 E ROOSEVELT ST-CENTRAL PHOENIX STN","Arizona","Maricopa","Phoenix","Phoenix-Mesa-Scottsdale, AZ","2024-05-22"
"04","013","3002","42602",6,33.45797,-112.04659,"NAD83","Nitrogen dioxide (NO2)","1 HOUR","NO2 1-hour 2010","2019-12-27","Parts per billion","None",24,100.0,10.583333,20,7,19,"099","INSTRUMENTAL - GAS PHASE CHEMILUMINESCENCE","CENTRAL PHOENIX","1645 E ROOSEVELT ST-CENTRAL PHOENIX STN","Arizona","Maricopa","Phoenix","Phoenix-Mesa-Scottsdale, AZ","2024-05-22"
"04","013","3002","42602",6,33.45797,-112.04659,"NAD83","Nitrogen dioxide (NO2)","1 HOUR","NO2 1-hour 2010","2019-12-28","Parts per billion","None",24,100.0,10.5,26,20,25,"099","INSTRUMENTAL - GAS PHASE CHEMILUMINESCENCE","CENTRAL PHOENIX","1645 E ROOSEVELT ST-CENTRAL PHOENIX STN","Arizona","Maricopa","Phoenix","Phoenix-Mesa-Scottsdale, AZ","2024-05-22"
"04","013","3002","42602",6,33.45797,-112.04659,"NAD83","Nitrogen dioxide (NO2)","1 HOUR","NO2 1-hour 2010","2019-12-29","Parts per billion","None",24,100.0,16.583333,35,19,33,"099","INSTRUMENTAL - GAS PHASE CHEMILUMINESCENCE","CENTRAL PHOENIX","1645 E ROOSEVELT ST-CENTRAL PHOENIX STN","Arizona","Maricopa","Phoenix","Phoenix-Mesa-Scottsdale, AZ","2024-05-22"
"04","013","3002","42602",6,33.45797,-112.04659,"NAD83","Nitrogen dioxide (NO2)","1 HOUR","NO2 1-hour 2010","2019-12-30","Parts per billion","None",24,100.0,16.458333,31,9,29,"099","INSTRUMENTAL - GAS PHASE CHEMILUMINESCENCE","CENTRAL PHOENIX","1645 E ROOSEVELT ST-CENTRAL PHOENIX STN","Arizona","Maricopa","Phoenix","Phoenix-Mesa-Scottsdale, AZ","2024-05-22"
"04","013","3002","42602",6,33.45797,-112.04659,"NAD83","Nitrogen dioxide (NO2)","1 HOUR","NO2 1-hour 2010","2019-12-31","Parts per billion","None",24,100.0,21.458333,39,9,37,"099","INSTRUMENTAL - GAS PHASE CHEMILUMINESCENCE","CENTRAL PHOENIX","1645 E ROOSEVELT ST-CENTRAL PHOENIX STN","Arizona","Maricopa","Phoenix","Phoenix-Mesa-Scottsdale, AZ","2024-05-22"
